Rk,Player,Draft Team,Round,Pick,Draft Year,College,Season,Age,Team,G,GS,AS,MP,FG,FGA,2P,2PA,3P,3PA,FT,FTA,ORB,DRB,TRB,AST,STL,BLK,TOV,PF,PTS,FG%,2P%,3P%,FT%,TS%,eFG%,Pos,Player-additional
1,Ace Bailey,UTA,1,5,2025,Rutgers,2025-26,19,UTA,31,21,0,725,124,284,79,156,45,128,20,30,43,56,99,46,23,11,37,75,313,.437,.506,.352,.667,.527,.516,G-F,baileac01
2,Brooks Barnhizer,OKC,2,44,2025,Northwestern,2025-26,23,OKC,21,0,0,160,12,27,11,21,1,6,4,6,7,31,38,9,3,2,3,12,29,.444,.524,.167,.667,.489,.463,G,barnhbr01
3,Joan Beringer,MIN,1,17,2025,,2025-26,19,MIN,13,0,0,58,11,17,11,17,0,0,2,3,6,13,19,0,1,5,3,9,24,.647,.647,,.667,.655,.647,C,berinjo01
4,Koby Brea,GSW,2,41,2025,Kentucky,2025-26,23,PHO,2,0,0,8,1,3,1,1,0,2,2,2,0,1,1,2,0,0,0,0,4,.333,1.000,.000,1.000,.515,.333,G,breako01
5,Johni Broome,PHI,2,35,2025,Auburn,2025-26,23,PHI,7,0,0,40,4,20,4,17,0,3,2,4,6,7,13,4,2,0,2,5,10,.200,.235,.000,.500,.230,.200,F-C,broomjo01
6,Carter Bryant,SAS,1,14,2025,Arizona,2025-26,20,SAS,29,0,0,221,23,72,13,33,10,39,6,8,9,36,45,5,4,2,10,22,62,.319,.394,.256,.750,.410,.389,G-F,bryanca01
7,Walter Clayton,WAS,1,18,2025,Florida,2025-26,22,UTA,33,0,0,562,76,182,41,79,35,103,43,45,11,55,66,102,16,8,35,60,230,.418,.519,.340,.956,.570,.514,G,claytwa01
8,Nique Clifford,OKC,1,24,2025,Colorado State,2025-26,23,SAC,34,3,0,637,70,172,45,95,25,77,22,31,23,71,94,45,22,9,39,70,187,.407,.474,.325,.710,.504,.480,G,cliffni01
9,Cedric Coward,POR,1,11,2025,Washington State,2025-26,22,MEM,35,22,0,933,171,366,121,214,50,152,88,104,55,177,232,104,19,11,59,70,480,.467,.565,.329,.846,.583,.536,F-G,cowarce01
10,Egor Dёmin,NJN,1,8,2025,Brigham Young,2025-26,19,BRK,32,25,0,790,115,288,38,90,77,198,28,33,16,91,107,111,31,10,59,60,335,.399,.422,.389,.848,.554,.533,G,demineg01
11,Mohamed Diawara,LAC,2,51,2025,,2025-26,20,NYK,30,4,0,154,22,55,10,25,12,30,1,4,5,21,26,14,8,4,8,16,57,.400,.400,.400,.250,.502,.509,F-C,diawamo01
12,VJ Edgecombe,PHI,1,3,2025,Baylor,2025-26,20,PHI,32,32,0,1148,192,449,121,259,71,190,59,75,58,119,177,136,50,17,53,100,514,.428,.467,.374,.787,.533,.507,G-F,edgecvj01
13,Noa Essengue,CHI,1,12,2025,,2025-26,19,CHI,2,0,0,6,0,3,0,1,0,2,0,0,0,0,0,0,1,0,0,1,0,.000,.000,.000,,.000,.000,F,essenno01
14,Jeremiah Fears,NOH,1,7,2025,Oklahoma,2025-26,19,NOP,40,38,0,1068,219,500,177,372,42,128,96,122,29,115,144,126,50,9,99,73,576,.438,.476,.328,.787,.520,.480,G,fearsje01
15,Cooper Flagg,DAL,1,1,2025,Duke,2025-26,19,DAL,37,37,0,1285,270,562,233,433,37,129,131,161,46,197,243,159,47,29,82,87,708,.480,.538,.287,.814,.559,.513,F-G,flaggco01
16,Rasheer Fleming,MIN,2,31,2025,Saint Joseph's,2025-26,21,PHO,22,0,0,152,22,61,14,26,8,35,7,9,16,13,29,3,5,6,3,18,59,.361,.538,.229,.778,.454,.426,F,flemira01
17,Hugo González,BOS,1,28,2025,,2025-26,19,BOS,32,1,0,481,54,109,37,63,17,46,9,17,30,77,107,19,22,10,20,62,134,.495,.587,.370,.529,.575,.573,G-F,gonzahu01
18,Dylan Harper,SAS,1,2,2025,Rutgers,2025-26,19,SAS,27,0,0,578,118,270,101,202,17,68,44,61,23,64,87,99,29,5,40,53,297,.437,.500,.250,.721,.500,.469,G,harpedy01
19,DaRon Holmes,PHO,1,22,2024,Dayton,2025-26,23,DEN,9,5,0,123,13,29,3,7,10,22,5,6,3,12,15,13,0,4,4,9,41,.448,.429,.455,.833,.648,.621,F,holmeda01
20,Kasparas Jakučionis,MIA,1,20,2025,Illinois,2025-26,19,MIA,12,1,0,169,15,45,3,19,12,26,10,10,9,14,23,12,8,0,7,17,52,.333,.158,.462,1.000,.526,.467,G,jakucka01
21,Sion James,CHA,2,33,2025,Duke,2025-26,23,CHO,38,16,0,979,76,187,33,73,43,114,52,61,20,105,125,69,23,16,32,65,247,.406,.452,.377,.852,.578,.521,G,jamessi01
22,Tre Johnson,WAS,1,6,2025,Texas,2025-26,19,WAS,30,12,0,718,132,290,72,139,60,151,44,48,14,73,87,55,21,10,47,54,368,.455,.518,.397,.917,.591,.559,G,johnstr03
23,Kam Jones,SAS,2,38,2025,Marquette,2025-26,23,IND,8,0,0,48,8,15,7,10,1,5,0,0,1,2,3,6,2,0,0,4,17,.533,.700,.200,,.567,.567,G,joneska03
24,Ryan Kalkbrenner,CHA,2,34,2025,Creighton,2025-26,24,CHO,26,25,0,665,96,122,96,120,0,2,34,47,67,100,167,16,18,47,30,48,226,.787,.800,.000,.723,.792,.787,C,kalkbry01
25,Kon Knueppel,CHA,1,4,2025,Duke,2025-26,20,CHO,37,36,0,1216,244,516,112,207,132,309,93,105,38,156,194,130,24,8,87,89,713,.473,.541,.427,.886,.634,.601,G-F,knuepko01
26,Yanic Konan Niederhäuser,LAC,1,30,2025,Penn State,2025-26,22,LAC,20,0,0,162,24,39,24,38,0,1,13,23,18,23,41,6,2,8,8,22,61,.615,.632,.000,.565,.621,.615,F,konanya01
27,Chaz Lanier,DET,2,37,2025,Tennessee,2025-26,24,DET,16,0,0,153,17,48,3,7,14,41,5,5,6,9,15,12,5,0,1,5,53,.354,.429,.341,1.000,.528,.500,G,laniech01
28,Khaman Maluach,HOU,1,10,2025,Duke,2025-26,19,PHO,17,0,0,79,8,19,8,14,0,5,7,8,5,12,17,3,1,7,8,14,23,.421,.571,.000,.875,.511,.421,C,maluakh01
29,Alijah Martin,TOR,2,39,2025,Florida,2025-26,24,TOR,4,0,0,23,3,8,2,3,1,5,0,0,0,1,1,3,1,1,1,0,7,.375,.667,.200,,.438,.438,G,martial01
30,Jahmai Mashack,HOU,2,59,2025,Tennessee,2025-26,23,MEM,7,0,0,25,2,8,0,2,2,6,0,0,0,5,5,2,1,0,3,1,6,.250,.000,.333,,.375,.375,G,mashaja01
31,Liam McNeeley,PHO,1,29,2025,Connecticut,2025-26,20,CHO,27,0,0,336,34,86,12,28,22,58,25,31,11,48,59,23,5,3,12,35,115,.395,.429,.379,.806,.577,.523,G-F,mcneeli01
32,Collin Murray-Boyles,TOR,1,9,2025,South Carolina,2025-26,20,TOR,32,8,0,630,93,175,78,134,15,41,25,42,73,73,146,53,27,17,35,82,226,.531,.582,.366,.595,.584,.574,F,murraco01
33,Asa Newell,IND,1,23,2025,Georgia,2025-26,20,ATL,29,0,0,317,60,106,36,54,24,52,10,19,25,34,59,16,10,9,16,48,154,.566,.667,.462,.526,.673,.679,F,newelas01
34,Lachlan Olbrich,LAL,2,55,2025,,2025-26,22,CHI,7,0,0,63,2,9,2,5,0,4,0,2,6,12,18,6,0,0,4,15,4,.222,.400,.000,.000,.202,.222,F-C,olbrila01
35,Micah Peavy,WAS,2,40,2025,Georgetown,2025-26,24,NOP,34,1,0,532,67,168,52,109,15,59,11,15,30,44,74,37,21,5,11,59,160,.399,.477,.254,.733,.458,.443,G,peavymi01
36,Noah Penda,BOS,2,32,2025,,2025-26,21,ORL,24,1,0,312,42,94,27,59,15,35,12,23,41,56,97,27,12,11,18,29,111,.447,.458,.429,.522,.533,.527,G-F,pendano01
37,Taelon Peter,IND,2,54,2025,Liberty,2025-26,23,IND,21,0,0,122,10,34,1,2,9,32,4,6,6,13,19,14,3,2,9,7,33,.294,.500,.281,.667,.450,.426,G,peterta01
38,Drake Powell,ATL,1,22,2025,North Carolina,2025-26,20,BRK,26,1,0,470,53,116,35,61,18,55,28,31,6,35,41,43,16,5,26,41,152,.457,.574,.327,.903,.586,.534,G-F,poweldr01
39,Tyrese Proctor,CLE,2,49,2025,Duke,2025-26,21,CLE,26,1,0,289,42,122,19,45,23,77,19,23,5,29,34,35,8,0,11,26,126,.344,.422,.299,.826,.477,.439,G,proctty01
40,Derik Queen,ATL,1,13,2025,Maryland,2025-26,21,NOP,39,27,0,1018,195,393,188,354,7,39,106,137,65,226,291,167,41,38,97,119,503,.496,.531,.179,.774,.555,.505,F-C,queende01
41,Maxime Raynaud,SAC,2,42,2025,Stanford,2025-26,22,SAC,30,16,0,702,132,237,125,214,7,23,41,57,57,137,194,33,13,17,31,80,312,.557,.584,.304,.719,.595,.572,F,raynama01
42,Jase Richardson,ORL,1,25,2025,Michigan State,2025-26,20,ORL,27,0,0,322,60,118,40,71,20,47,21,30,14,25,39,36,8,2,17,27,161,.508,.563,.426,.700,.614,.593,G,richaja02
43,Will Richard,MEM,2,56,2025,Florida,2025-26,23,GSW,34,13,0,645,91,178,50,71,41,107,33,41,35,56,91,38,33,2,25,64,256,.511,.704,.383,.805,.653,.626,G,richawi02
44,Will Riley,UTA,1,21,2025,Illinois,2025-26,19,WAS,29,0,0,365,52,122,42,82,10,40,24,30,21,35,56,35,11,4,21,21,138,.426,.512,.250,.800,.510,.467,F,rileywi01
45,Kobe Sanders,NYK,2,50,2025,Nevada,2025-26,23,LAC,29,4,0,577,66,149,40,80,26,69,26,30,13,54,67,47,18,4,40,66,184,.443,.500,.377,.867,.567,.530,G,sandeko01
46,Ben Saraf,NJN,1,26,2025,,2025-26,19,BRK,12,5,0,203,22,62,13,29,9,33,12,15,5,14,19,34,8,3,23,15,65,.355,.448,.273,.800,.474,.427,G,sarafbe01
47,Javon Small,MEM,2,48,2025,West Virginia,2025-26,23,MEM,14,0,0,176,19,56,9,25,10,31,12,15,5,15,20,46,4,2,18,18,60,.339,.360,.323,.800,.479,.429,G,smallja01
48,Adou Thiero,NJN,2,36,2025,Arkansas,2025-26,21,LAL,15,0,0,87,7,18,7,17,0,1,6,8,7,11,18,5,5,1,4,15,20,.389,.412,.000,.750,.465,.389,G-F,thierad01
49,Nolan Traoré,NJN,1,19,2025,,2025-26,19,BRK,15,0,0,235,23,69,12,35,11,34,7,9,1,17,18,32,7,5,17,21,64,.333,.343,.324,.778,.439,.413,G,traorno01
50,Jamir Watkins,UTA,2,43,2025,Florida State,2025-26,24,WAS,14,2,0,162,14,28,9,11,5,17,8,8,5,29,34,6,4,3,5,26,41,.500,.818,.294,1.000,.650,.589,F-G,watkija01
51,Amari Williams,ORL,2,46,2025,Kentucky,2025-26,24,BOS,6,0,0,31,1,2,1,2,0,0,1,2,2,5,7,1,1,2,0,4,3,.500,.500,,.500,.521,.500,F,william01
52,Danny Wolf,NJN,1,27,2025,Michigan,2025-26,21,BRK,21,2,0,406,56,143,34,81,22,62,24,28,20,64,84,40,11,5,25,30,158,.392,.420,.355,.857,.509,.469,F-C,wolfda01
53,Yang Hansen,MEM,1,16,2025,,2025-26,20,POR,22,1,0,184,18,62,14,34,4,28,15,16,10,29,39,17,1,8,18,29,55,.290,.412,.143,.938,.398,.323,C,yangha01
54,Adem Bona,PHI,2,41,2024,UCLA,2024-25,21,PHI,58,11,0,905,135,192,135,191,0,1,67,100,92,153,245,27,26,69,61,125,337,.703,.707,.000,.670,.714,.703,C-F,bonaad01
55,Matas Buzelis,CHI,1,11,2024,,2024-25,20,CHI,80,31,0,1511,252,555,156,289,96,266,88,108,55,223,278,79,29,75,74,128,688,.454,.540,.361,.815,.571,.541,F,buzelma01
56,Bub Carrington,POR,1,14,2024,Pittsburgh,2024-25,19,WAS,82,57,0,2458,300,748,162,341,138,407,69,85,33,308,341,364,54,21,141,190,807,.401,.475,.339,.812,.514,.493,G,carrica01
57,Devin Carter,SAC,1,13,2024,Providence,2024-25,22,SAC,36,0,0,396,47,127,29,66,18,61,26,44,19,57,76,41,21,4,18,39,138,.370,.439,.295,.591,.471,.441,G,cartede02
58,Stephon Castle,SAS,1,4,2024,Connecticut,2024-25,20,SAS,81,47,0,2162,423,988,328,655,95,333,249,344,89,208,297,332,74,22,177,164,1190,.428,.501,.285,.724,.522,.476,G,castlst01
59,Ulrich Chomche,MEM,2,57,2024,,2024-25,19,TOR,7,0,0,32,2,5,2,5,0,0,1,2,4,4,8,2,0,1,2,5,5,.400,.400,,.500,.425,.400,F-C,chomcul01
60,Cam Christie,LAC,2,46,2024,Minnesota,2024-25,19,LAC,13,0,0,59,7,24,5,11,2,13,2,4,3,9,12,6,5,1,2,4,18,.292,.455,.154,.500,.349,.333,G,chrisca02
61,Jaylen Clark,MIN,2,53,2023,UCLA,2024-25,23,MIN,40,4,0,522,56,120,34,69,22,51,29,37,26,27,53,26,36,2,8,61,163,.467,.493,.431,.784,.598,.558,G,clarkja02
62,Donovan Clingan,POR,1,7,2024,Connecticut,2024-25,20,POR,67,37,0,1324,180,334,166,285,14,49,62,104,217,310,527,77,34,110,72,189,436,.539,.582,.286,.596,.574,.560,C,clingdo01
63,Isaiah Collier,UTA,1,29,2024,Southern California,2024-25,20,UTA,71,46,0,1839,234,555,192,386,42,169,105,154,32,203,235,446,66,16,208,149,615,.422,.497,.249,.682,.494,.459,G,colliis01
64,Pacome Dadiet,NYK,1,25,2024,,2024-25,19,NYK,18,0,0,111,10,31,4,12,6,19,4,6,3,15,18,5,3,2,4,7,30,.323,.333,.316,.667,.446,.419,F,dadiepa01
65,Tristan Da Silva,ORL,1,18,2024,Colorado,2024-25,23,ORL,74,38,0,1629,199,483,119,244,80,239,55,63,73,172,245,113,33,18,56,94,533,.412,.488,.335,.873,.522,.495,F,dasiltr01
66,Rob Dillingham,SAS,1,8,2024,Kentucky,2024-25,20,MIN,49,1,0,516,93,211,68,137,25,74,8,15,12,38,50,98,20,1,53,37,219,.441,.496,.338,.533,.503,.500,G,dilliro01
67,Ryan Dunn,DEN,1,28,2024,Virginia,2024-25,22,PHO,74,44,0,1410,205,477,123,213,82,264,19,39,92,175,267,57,44,40,40,162,511,.430,.577,.311,.487,.517,.516,F,dunnry01
68,Zach Edey,MEM,1,9,2024,Purdue,2024-25,22,MEM,66,55,0,1416,251,433,233,381,18,52,90,127,232,316,548,65,36,85,88,182,610,.580,.612,.346,.709,.624,.600,C,edeyza01
69,Kyle Filipowski,UTA,2,32,2024,Duke,2024-25,21,UTA,72,27,0,1522,260,518,183,298,77,220,93,143,112,328,440,140,48,22,102,171,690,.502,.614,.350,.650,.594,.576,F-C,filipky01
70,Enrique Freeman,IND,2,50,2024,Akron,2024-25,24,IND,22,1,0,181,16,37,15,27,1,10,13,19,11,19,30,9,3,3,6,21,46,.432,.556,.100,.684,.507,.446,F,freemen01
71,Johnny Furphy,SAS,2,35,2024,Kansas,2024-25,20,IND,50,0,0,379,35,92,20,42,15,50,18,22,23,48,71,19,18,11,12,41,103,.380,.476,.300,.818,.506,.462,G-F,furphjo01
72,Kyshawn George,NYK,1,24,2024,Miami (FL),2024-25,21,WAS,68,38,0,1802,203,546,89,192,114,354,70,93,49,236,285,169,68,50,97,201,590,.372,.464,.322,.753,.503,.476,G,georgky01
73,Ron Holland,DET,1,5,2024,,2024-25,19,DET,81,2,0,1266,197,416,161,265,36,151,92,122,40,178,218,82,49,17,72,141,522,.474,.608,.238,.754,.556,.517,F,hollaro01
74,Ariel Hukporti,DAL,2,58,2024,,2024-25,22,NYK,25,1,0,217,21,31,21,31,0,0,6,13,14,37,51,11,1,15,21,32,48,.677,.677,,.462,.654,.677,C,hukpoar01
75,Oso Ighodaro,POR,2,40,2024,Marquette,2024-25,22,PHO,61,6,0,1045,113,187,113,185,0,2,29,50,66,156,222,71,28,29,39,102,255,.604,.611,.000,.580,.610,.604,F,ighodos01
76,Harrison Ingram,SAS,2,48,2024,North Carolina,2024-25,22,SAS,5,0,0,35,2,4,2,3,0,1,0,0,2,7,9,3,3,0,1,2,4,.500,.667,.000,,.500,.500,F,ingraha01
77,Bronny James,LAL,2,55,2024,Southern California,2024-25,20,LAL,27,1,0,181,21,67,12,35,9,32,11,14,4,14,18,22,9,3,13,13,62,.313,.343,.281,.786,.424,.381,G,jamesbr02
78,AJ Johnson,MIL,1,23,2024,,2024-25,20,MILWAS,29,11,0,639,82,213,58,123,24,90,32,37,8,51,59,76,12,3,35,50,220,.385,.472,.267,.865,.480,.441,G,johnsaj01
79,Dillon Jones,WAS,1,26,2024,Weber State,2024-25,23,OKC,54,3,0,551,51,133,35,70,16,63,17,28,30,91,121,58,16,4,28,54,135,.383,.500,.254,.607,.464,.444,F,jonesdi01
80,Bobi Klintman,MIN,2,37,2024,,2024-25,21,DET,8,0,0,42,6,10,4,5,2,5,1,2,1,6,7,7,2,1,1,8,15,.600,.800,.400,.500,.689,.700,F,klintbo01
81,Dalton Knecht,LAL,1,17,2024,Tennessee,2024-25,23,LAL,78,16,0,1494,257,557,129,217,128,340,64,84,37,179,216,66,24,8,37,93,706,.461,.594,.376,.762,.594,.576,G,knechda01
82,Tyler Kolek,POR,2,34,2024,Marquette,2024-25,23,NYK,41,0,0,296,27,82,13,35,14,47,13,17,8,19,27,70,12,4,18,26,81,.329,.371,.298,.765,.453,.415,G,kolekty01
83,Pelle Larsson,HOU,2,44,2024,Arizona,2024-25,23,MIA,55,8,0,782,89,203,57,108,32,95,41,61,28,64,92,65,32,7,24,91,251,.438,.528,.337,.672,.546,.517,G,larsspe01
84,Karlo Matković,NOH,2,52,2022,,2024-25,23,NOP,42,7,0,791,135,235,114,169,21,66,34,44,64,145,209,46,22,41,43,106,325,.574,.675,.318,.773,.639,.619,F-C,matkoka01
85,Jared McCain,PHI,1,16,2024,Duke,2024-25,20,PHI,23,8,0,592,126,274,75,141,51,133,49,56,13,43,56,60,15,0,37,37,352,.460,.532,.383,.875,.589,.553,G,mccaija01
86,Kevin McCullar Jr.,PHO,2,56,2024,Kansas,2024-25,23,NYK,4,0,0,29,2,7,2,6,0,1,2,2,0,8,8,2,1,1,0,6,6,.286,.333,.000,1.000,.381,.286,G,mcculke01
87,Yves Missi,NOH,1,21,2024,Baylor,2024-25,20,NOP,73,67,0,1956,269,492,269,491,0,1,127,204,255,346,601,99,37,98,82,145,665,.547,.548,.000,.623,.572,.547,C,missiyv01
88,Ajay Mitchell,NYK,2,38,2024,UC Santa Barbara,2024-25,22,OKC,36,1,0,597,91,184,68,124,23,60,29,35,18,50,68,64,25,4,29,68,234,.495,.548,.383,.829,.587,.557,G,mitchaj01
89,Jonathan Mogbo,TOR,2,31,2024,San Francisco,2024-25,23,TOR,63,18,0,1286,156,356,139,286,17,70,60,82,109,202,311,146,55,34,70,136,389,.438,.486,.243,.732,.496,.462,F,mogbojo01
90,Tristen Newton,IND,2,49,2024,Connecticut,2024-25,23,INDMIN,8,0,0,16,1,8,1,5,0,3,1,1,2,2,4,2,1,0,2,4,3,.125,.200,.000,1.000,.178,.125,G,newtotr01
91,Quinten Post,GSW,2,52,2024,Boston College,2024-25,24,GSW,42,14,0,686,123,274,50,95,73,179,21,27,35,113,148,56,16,18,33,83,340,.449,.526,.408,.778,.595,.582,F,postqu01
92,Antonio Reeves,ORL,2,47,2024,Kentucky,2024-25,24,NOP,44,6,0,660,113,248,62,119,51,129,28,35,18,45,63,39,21,4,30,40,305,.456,.521,.395,.800,.579,.558,G,reevean01
93,Zaccharie Risacher,ATL,1,1,2024,,2024-25,19,ATL,75,73,0,1843,357,779,235,435,122,344,106,149,86,182,268,92,52,37,92,149,942,.458,.540,.355,.711,.558,.537,F,risacza01
94,Tidjane Salaün,CHA,1,6,2024,,2024-25,19,CHO,60,10,0,1244,114,345,56,140,58,205,67,94,70,210,280,74,29,14,58,84,353,.330,.400,.283,.713,.457,.414,F,salauti01
95,Alex Sarr,WAS,1,2,2024,,2024-25,19,WAS,67,67,0,1814,326,828,221,487,105,341,112,165,124,311,435,161,44,101,114,146,869,.394,.454,.308,.679,.482,.457,F,sarral01
96,Baylor Scheierman,BOS,1,30,2024,Creighton,2024-25,24,BOS,31,2,0,384,39,110,13,28,26,82,9,12,19,46,65,33,17,2,12,22,113,.355,.464,.317,.750,.490,.473,G,scheiba01
97,Terrence Shannon Jr.,MIN,1,27,2024,Illinois,2024-25,24,MIN,32,1,0,339,55,114,44,83,11,31,17,21,10,37,47,32,7,5,15,27,138,.482,.530,.355,.810,.560,.531,G,shannte01
98,Jamal Shead,SAC,2,45,2024,Houston,2024-25,22,TOR,75,11,0,1467,204,504,132,281,72,223,53,69,30,85,115,316,58,10,117,158,533,.405,.470,.323,.768,.499,.476,G,sheadja01
99,Reed Sheppard,HOU,1,3,2024,Kentucky,2024-25,20,HOU,52,3,0,654,84,239,36,97,48,142,13,16,16,62,78,75,35,17,37,53,229,.351,.371,.338,.813,.465,.452,G,sheppre01
100,KJ Simpson,CHA,2,42,2024,Colorado,2024-25,22,CHO,36,15,0,842,104,301,71,171,33,130,41,50,39,70,109,112,34,6,56,56,282,.346,.415,.254,.820,.437,.400,G,simpskj01
101,Tyler Smith,MIL,2,33,2024,,2024-25,20,MIL,23,0,0,122,24,50,11,20,13,30,6,8,6,19,25,4,3,4,8,11,67,.480,.550,.433,.750,.626,.610,F,smithty02
102,Cam Spencer,DET,2,53,2024,Connecticut,2024-25,24,MEM,25,1,0,252,34,82,15,30,19,52,19,19,12,18,30,34,9,1,6,23,106,.415,.500,.365,1.000,.587,.530,G,spencca01
103,Luke Travers,CLE,2,56,2022,,2024-25,23,CLE,12,0,0,88,5,20,5,11,0,9,2,2,8,12,20,8,1,1,8,6,12,.250,.455,.000,1.000,.287,.250,G,travelu01
104,Jaylon Tyson,CLE,1,20,2024,California,2024-25,22,CLE,47,3,0,453,64,149,44,91,20,58,19,24,37,59,96,44,13,3,26,50,167,.430,.484,.345,.792,.523,.497,G,tysonja01
105,Ja'Kobe Walter,TOR,1,19,2024,Baylor,2024-25,20,TOR,52,18,0,1103,159,393,94,207,65,186,66,83,59,101,160,81,43,10,50,95,449,.405,.454,.349,.795,.523,.487,G,walteja01
106,Kel'el Ware,MIA,1,15,2024,Indiana,2024-25,20,MIA,64,36,0,1422,257,464,222,353,35,111,46,67,116,357,473,60,39,71,57,111,595,.554,.629,.315,.687,.603,.592,C,wareke01
107,Anton Watson,BOS,2,54,2024,Gonzaga,2024-25,24,NYK,9,0,0,22,4,9,4,8,0,1,0,0,1,2,3,2,1,0,2,3,8,.444,.500,.000,,.444,.444,F,watsoan02
108,Jaylen Wells,MEM,2,39,2024,Washington State,2024-25,21,MEM,79,74,0,2043,287,676,149,284,138,392,111,135,87,181,268,135,44,8,69,146,823,.425,.525,.352,.822,.560,.527,F,wellsja01
109,Cody Williams,UTA,1,10,2024,Colorado,2024-25,20,UTA,50,21,0,1060,83,257,48,122,35,135,29,40,27,86,113,59,23,16,44,95,230,.323,.393,.259,.725,.419,.391,G-F,willico04
110,Amari Bailey,CHA,2,41,2023,UCLA,2023-24,19,CHO,10,0,0,65,8,24,7,16,1,8,6,7,6,3,9,7,3,0,4,2,23,.333,.438,.125,.857,.425,.354,G,baileam01
111,Emoni Bates,CLE,2,49,2023,Eastern Michigan,2023-24,20,CLE,15,0,0,133,15,49,5,16,10,33,1,4,1,13,14,10,1,2,8,5,41,.306,.313,.303,.250,.404,.408,G,batesem01
112,Anthony Black,ORL,1,6,2023,Arkansas,2023-24,20,ORL,69,33,0,1164,115,247,78,153,37,94,49,80,33,106,139,91,35,21,56,110,316,.466,.510,.394,.613,.560,.540,G,blackan01
113,Kobe Brown,LAC,1,30,2023,Missouri,2023-24,24,LAC,44,0,0,394,37,90,23,42,14,48,1,2,20,42,62,25,12,6,9,49,89,.411,.548,.292,.500,.490,.489,G-F,brownko01
114,Kobe Bufkin,ATL,1,15,2023,Michigan,2023-24,20,ATL,17,0,0,196,34,92,25,52,9,40,4,8,6,27,33,27,7,5,10,20,81,.370,.481,.225,.500,.424,.418,G,bufkiko01
115,Toumani Camara,PHO,2,52,2023,Dayton,2023-24,23,POR,70,49,0,1739,197,438,139,266,58,172,75,99,139,204,343,87,66,33,84,174,527,.450,.523,.337,.758,.547,.516,F,camarto01
116,Sidy Cissoko,SAS,2,44,2023,,2023-24,19,SAS,12,0,0,141,16,33,15,21,1,12,12,15,8,14,22,10,7,3,3,18,45,.485,.714,.083,.800,.568,.500,G,cissosi01
117,Noah Clowney,NJN,1,21,2023,Alabama,2023-24,19,BRK,23,4,0,370,50,93,38,60,12,33,21,30,26,55,81,18,8,16,15,25,133,.538,.633,.364,.700,.626,.602,F,clownno01
118,Bilal Coulibaly,IND,1,7,2023,,2023-24,19,WAS,63,15,0,1715,188,432,124,247,64,185,92,131,56,200,256,110,57,48,87,137,532,.435,.502,.346,.702,.543,.509,F,coulibi01
119,Gradey Dick,TOR,1,13,2023,Kansas,2023-24,20,TOR,60,17,0,1268,189,445,101,204,88,241,44,51,27,105,132,68,34,2,50,87,510,.425,.495,.365,.863,.546,.524,G,dickgr01
120,Keyonte George,UTA,1,16,2023,Baylor,2023-24,20,UTA,75,44,0,2023,319,815,172,375,147,440,189,223,15,196,211,332,36,7,188,91,974,.391,.459,.334,.848,.533,.482,G,georgke01
121,Mouhamed Gueye,CHA,2,39,2023,Washington State,2023-24,21,ATL,6,0,0,73,8,23,5,14,3,9,5,6,10,12,22,4,5,4,1,13,24,.348,.357,.333,.833,.468,.413,F,gueyemo02
122,Jordan Hawkins,NOH,1,14,2023,Connecticut,2023-24,21,NOP,67,10,0,1160,174,456,65,158,109,298,67,80,29,119,148,70,19,7,40,72,524,.382,.411,.366,.838,.533,.501,G,hawkijo01
123,Scoot Henderson,POR,1,3,2023,,2023-24,19,POR,62,32,0,1765,307,797,220,529,87,268,167,204,53,141,194,336,48,13,212,195,868,.385,.416,.325,.819,.489,.440,G,hendesc01
124,Taylor Hendricks,UTA,1,9,2023,UCF,2023-24,20,UTA,40,23,0,856,108,240,55,100,53,140,23,29,46,139,185,32,28,30,27,77,292,.450,.550,.379,.793,.578,.560,F,hendrta01
125,Chet Holmgren,OKC,1,2,2022,Gonzaga,2023-24,21,OKC,82,82,0,2413,505,953,376,604,129,349,218,275,129,519,648,200,53,190,131,197,1357,.530,.623,.370,.793,.632,.598,F-C,holmgch01
126,Jalen Hood-Schifino,LAL,1,17,2023,Indiana,2023-24,20,LAL,21,0,0,109,10,45,8,30,2,15,12,20,2,11,13,8,3,2,9,13,34,.222,.267,.133,.600,.316,.244,G,hoodsja01
127,Jett Howard,ORL,1,11,2023,Michigan,2023-24,20,ORL,18,0,0,67,10,30,3,5,7,25,2,4,1,6,7,6,2,2,3,4,29,.333,.600,.280,.500,.457,.450,G,howarje01
128,Andre Jackson Jr.,ORL,2,36,2023,Connecticut,2023-24,22,MIL,57,8,0,572,50,100,33,54,17,46,8,11,43,70,113,50,16,6,28,92,125,.500,.611,.370,.727,.596,.585,G,jacksan01
129,GG Jackson II,MEM,2,45,2023,South Carolina,2023-24,19,MEM,48,18,0,1233,241,563,139,277,102,286,115,153,53,143,196,59,28,24,65,64,699,.428,.502,.357,.752,.554,.519,F,jacksgg01
130,Trayce Jackson-Davis,WAS,2,57,2023,Indiana,2023-24,23,GSW,68,16,0,1130,233,332,233,331,0,1,74,132,135,206,341,82,29,76,49,108,540,.702,.704,.000,.561,.692,.702,F,jackstr02
131,Jaime Jaquez Jr.,MIA,1,18,2023,UCLA,2023-24,22,MIA,75,20,0,2113,341,697,276,495,65,202,142,175,82,203,285,195,77,20,110,167,889,.489,.558,.322,.811,.574,.536,G-F,jaqueja01
132,Keyontae Johnson,OKC,2,50,2023,Kansas State,2023-24,23,OKC,9,0,0,66,5,16,4,13,1,3,0,0,4,6,10,4,1,0,4,5,11,.313,.308,.333,,.344,.344,F,johnske08
133,Colby Jones,CHA,2,34,2023,Xavier,2023-24,21,SAC,30,0,0,192,28,71,26,49,2,22,6,11,17,23,40,20,7,5,10,29,64,.394,.531,.091,.545,.422,.408,G,jonesco02
134,Maxwell Lewis,DEN,2,40,2023,Pepperdine,2023-24,21,LAL,34,0,0,103,4,21,3,12,1,9,2,3,2,2,4,6,2,1,10,5,11,.190,.250,.111,.667,.246,.214,F,lewisma05
135,E.J. Liddell,NOH,2,41,2022,Ohio State,2023-24,23,NOP,8,0,0,23,1,6,1,1,0,5,2,2,0,5,5,1,2,2,2,2,4,.167,1.000,.000,1.000,.291,.167,F,liddeej01
136,Dereck Lively II,OKC,1,12,2023,Duke,2023-24,19,DAL,55,42,0,1294,221,296,221,294,0,2,41,81,135,243,378,60,36,77,50,144,483,.747,.752,.000,.506,.728,.747,C,livelde01
137,Chris Livingston,MIL,2,58,2023,Kentucky,2023-24,20,MIL,21,0,0,90,11,22,10,17,1,5,3,4,3,18,21,5,2,0,5,15,26,.500,.588,.200,.750,.547,.523,F,livinch01
138,Seth Lundy,ATL,2,46,2023,Penn State,2023-24,23,ATL,9,0,0,52,4,17,1,4,3,13,3,4,1,6,7,0,0,0,1,6,14,.235,.250,.231,.750,.373,.324,G-F,lundyse01
139,Vasilije Micić,PHI,2,52,2014,,2023-24,30,CHOOKC,60,21,0,1176,159,370,116,216,43,154,61,75,14,74,88,262,31,7,99,68,422,.430,.537,.279,.813,.524,.488,G,micicva01
140,Brandon Miller,CHA,1,2,2023,Alabama,2023-24,21,CHO,74,68,0,2383,476,1083,292,590,184,493,143,173,60,255,315,175,66,42,132,184,1279,.440,.495,.373,.827,.552,.524,F-G,millebr02
141,Jordan Miller,LAC,2,48,2023,Miami (FL),2023-24,24,LAC,8,0,0,28,5,9,4,7,1,2,2,2,3,2,5,0,0,0,1,2,13,.556,.571,.500,1.000,.658,.611,G,millejo02
142,Leonard Miller,SAS,2,33,2023,,2023-24,20,MIN,17,0,0,52,13,20,11,15,2,5,1,2,5,15,20,8,2,1,1,5,29,.650,.733,.400,.500,.694,.700,F,millele01
143,Kris Murray,POR,1,23,2023,Iowa,2023-24,23,POR,62,29,0,1348,145,366,96,183,49,183,37,56,85,139,224,80,53,21,55,92,376,.396,.525,.268,.661,.481,.463,F,murrakr01
144,Filip Petrušev,PHI,2,50,2021,Gonzaga,2023-24,23,PHISAC,3,0,0,10,1,2,1,2,0,0,1,2,0,1,1,0,0,0,0,1,3,.500,.500,,.500,.521,.500,F-C,petrufi01
145,Julian Phillips,BOS,2,35,2023,Tennessee,2023-24,20,CHI,40,0,0,323,32,77,20,39,12,38,13,19,12,24,36,13,7,7,10,40,89,.416,.513,.316,.684,.521,.494,F,phillju01
146,Jalen Pickett,IND,2,32,2023,Penn State,2023-24,24,DEN,27,0,0,122,15,35,6,10,9,25,3,4,1,13,14,21,4,0,9,13,42,.429,.600,.360,.750,.571,.557,G,pickeja02
147,Brandin Podziemski,GSW,1,19,2023,Santa Clara,2023-24,20,GSW,74,28,0,1968,271,597,181,363,90,234,50,79,118,309,427,273,61,14,88,122,682,.454,.499,.385,.633,.540,.529,G,podzibr01
148,Olivier-Maxence Prosper,SAC,1,24,2023,Marquette,2023-24,21,DAL,40,1,0,336,40,104,27,59,13,45,28,41,25,54,79,22,7,4,8,20,121,.385,.458,.289,.683,.496,.447,F,prospol01
149,Rayan Rupert,POR,2,43,2023,,2023-24,19,POR,39,12,0,633,54,161,26,83,28,78,19,25,24,68,92,62,12,3,31,56,155,.335,.313,.359,.760,.451,.422,G,ruperra01
150,Gui Santos,GSW,2,55,2022,,2023-24,21,GSW,23,0,0,192,28,55,18,28,10,27,16,17,17,32,49,14,4,2,7,23,82,.509,.643,.370,.941,.656,.600,F,santogu01
151,Marcus Sasser,MEM,1,25,2023,Houston,2023-24,23,DET,71,11,0,1351,219,512,129,272,90,240,58,66,11,114,125,236,44,12,90,103,586,.428,.474,.375,.879,.542,.516,G,sassema01
152,Brice Sensabaugh,UTA,1,28,2023,Ohio State,2023-24,20,UTA,32,11,0,584,85,218,51,103,34,115,37,41,16,86,102,55,13,6,47,43,241,.390,.495,.296,.902,.511,.468,F,sensabr01
153,Ben Sheppard,IND,1,26,2023,Belmont,2023-24,22,IND,57,1,0,814,90,229,41,73,49,156,23,26,15,74,89,53,33,2,15,88,252,.393,.562,.314,.885,.524,.500,G,sheppbe01
154,Jalen Slawson,SAC,2,54,2023,Furman,2023-24,24,SAC,12,0,0,37,4,6,4,4,0,2,0,0,1,6,7,2,1,1,2,8,8,.667,1.000,.000,,.667,.667,F,slawsja01
155,Nick Smith Jr.,CHA,1,27,2023,Arkansas,2023-24,19,CHO,51,0,0,729,113,289,50,143,63,146,13,15,18,54,72,59,10,7,39,55,302,.391,.350,.432,.867,.511,.500,G,smithni01
156,Julian Strawther,IND,1,29,2023,Gonzaga,2023-24,21,DEN,50,0,0,545,82,222,41,84,41,138,22,31,5,56,61,47,17,7,23,54,227,.369,.488,.297,.710,.482,.462,F,strawju01
157,Amen Thompson,HOU,1,4,2023,,2023-24,21,HOU,62,23,0,1388,239,446,231,388,8,58,106,155,148,261,409,163,78,38,90,141,592,.536,.595,.138,.684,.576,.545,G-F,thompam01
158,Ausar Thompson,DET,1,5,2023,,2023-24,21,DET,63,38,0,1583,232,480,211,367,21,113,71,119,129,273,402,120,68,59,84,175,556,.483,.575,.186,.597,.522,.505,G,thompau01
159,Hunter Tyson,OKC,2,37,2023,Clemson,2023-24,23,DEN,18,0,0,48,8,20,4,6,4,14,0,0,1,8,9,2,1,0,2,10,20,.400,.667,.286,,.500,.500,F,tysonhu01
160,Sasha Vezenkov,NJN,2,57,2017,,2023-24,28,SAC,42,0,0,511,84,191,39,71,45,120,12,15,30,66,96,19,20,7,12,42,225,.440,.549,.375,.800,.569,.558,F,vezenal01
161,Tristan Vukcevic,WAS,2,42,2023,,2023-24,20,WAS,10,4,0,153,29,67,19,31,10,36,17,22,6,30,36,13,5,7,10,28,85,.433,.613,.278,.773,.554,.507,F-C,vukcetr01
162,Jarace Walker,WAS,1,8,2023,Houston,2023-24,20,IND,33,0,0,340,45,110,23,55,22,55,8,9,12,51,63,40,15,11,17,29,120,.409,.418,.400,.889,.527,.509,F,walkeja02
163,Cason Wallace,DAL,1,10,2023,Kentucky,2023-24,20,OKC,82,13,0,1692,217,442,119,208,98,234,29,37,52,135,187,120,76,37,45,129,561,.491,.572,.419,.784,.612,.602,G,wallaca01
164,Jordan Walsh,SAC,2,38,2023,Arkansas,2023-24,19,BOS,9,1,0,83,6,15,4,6,2,9,1,2,5,15,20,5,5,1,3,11,15,.400,.667,.222,.500,.472,.467,G-F,walshjo01
165,Victor Wembanyama,SAS,1,1,2023,,2023-24,20,SAS,71,71,0,2106,551,1186,423,792,128,394,292,367,161,594,755,274,88,254,260,153,1522,.465,.534,.325,.796,.565,.519,C-F,wembavi01
166,Dariq Whitehead,NJN,1,22,2023,Duke,2023-24,19,BRK,2,0,0,24,1,5,1,2,0,3,1,2,0,4,4,3,0,1,0,0,3,.200,.500,.000,.500,.255,.200,F,whiteda01
167,Cam Whitmore,HOU,1,20,2023,Villanova,2023-24,19,HOU,47,2,0,880,212,467,133,247,79,220,76,112,44,136,180,33,30,17,46,64,579,.454,.538,.359,.679,.561,.539,F,whitmca01
168,Jalen Wilson,NJN,2,51,2023,Kansas,2023-24,23,BRK,43,3,0,664,76,179,52,105,24,74,38,46,47,84,131,45,11,4,19,48,214,.425,.495,.324,.826,.537,.492,F,wilsoja03
169,Isaiah Wong,IND,2,55,2023,Miami (FL),2023-24,23,IND,1,0,0,4,1,3,1,2,0,1,0,0,0,0,0,0,0,0,0,0,2,.333,.500,.000,,.333,.333,G,wongis01
170,Ochai Agbaji,CLE,1,14,2022,Kansas,2022-23,22,UTA,59,22,0,1209,165,386,84,158,81,228,56,69,43,78,121,67,16,15,41,99,467,.427,.532,.355,.812,.561,.532,G,agbajoc01
171,Patrick Baldwin Jr.,GSW,1,28,2022,Milwaukee,2022-23,20,GSW,31,0,0,226,43,109,11,25,32,84,4,6,1,39,40,11,6,4,11,14,122,.394,.440,.381,.667,.546,.541,G-F,baldwpa01
172,Paolo Banchero,ORL,1,1,2022,Duke,2022-23,20,ORL,72,72,0,2430,479,1122,394,837,85,285,394,534,84,413,497,269,60,39,200,160,1437,.427,.471,.298,.738,.529,.465,F,banchpa01
173,MarJon Beauchamp,MIL,1,24,2022,,2022-23,22,MIL,52,11,0,701,96,243,49,101,47,142,27,37,38,77,115,35,21,7,45,71,266,.395,.485,.331,.730,.513,.492,G,beaucma01
174,Malaki Branham,SAS,1,20,2022,Ohio State,2022-23,19,SAS,66,32,0,1550,269,611,192,356,77,255,58,70,28,153,181,127,33,7,76,115,673,.440,.539,.302,.829,.524,.503,G,branhma01
175,Christian Braun,DEN,1,21,2022,Kansas,2022-23,21,DEN,76,6,0,1181,143,289,109,193,34,96,40,64,48,133,181,59,41,17,35,101,360,.495,.565,.354,.625,.568,.554,G,braunch01
176,Kendall Brown,MIN,2,48,2022,Baylor,2022-23,19,IND,6,0,0,40,4,7,4,6,0,1,1,2,2,4,6,3,4,0,2,9,9,.571,.667,.000,.500,.571,.571,G-F,brownke03
177,Kennedy Chandler,SAS,2,38,2022,Tennessee,2022-23,20,MEM,36,0,0,281,35,83,33,68,2,15,6,13,9,29,38,58,12,5,18,15,78,.422,.485,.133,.462,.440,.434,G,chandke01
178,Max Christie,LAL,2,35,2022,Michigan State,2022-23,19,LAL,41,3,0,512,44,106,18,44,26,62,14,16,7,68,75,21,9,7,13,33,128,.415,.409,.419,.875,.566,.538,G,chrisma02
179,Dyson Daniels,NOH,1,8,2022,,2022-23,19,NOP,59,11,0,1042,87,208,60,122,27,86,26,40,36,152,188,134,43,11,57,99,227,.418,.492,.314,.650,.503,.483,G,daniedy01
180,JD Davison,BOS,2,53,2022,Alabama,2022-23,20,BOS,12,0,0,66,8,19,6,12,2,7,1,2,2,7,9,11,2,2,4,5,19,.421,.500,.286,.500,.478,.474,G,davisjd01
181,Johnny Davis,WAS,1,10,2022,Wisconsin,2022-23,20,WAS,28,5,0,423,66,171,49,101,17,70,14,27,10,55,65,28,10,8,17,48,163,.386,.485,.243,.519,.446,.436,G,davisjo06
182,Moussa Diabaté,LAC,2,43,2022,Michigan,2022-23,21,LAC,22,1,0,195,24,47,23,45,1,2,10,16,31,19,50,4,7,8,9,15,59,.511,.511,.500,.625,.546,.521,F,diabamo01
183,Ousmane Dieng,NYK,1,11,2022,,2022-23,19,OKC,39,1,0,569,76,181,50,83,26,98,15,23,19,86,105,46,14,7,26,42,193,.420,.602,.265,.652,.505,.492,F,diengou01
184,Jalen Duren,CHA,1,13,2022,Memphis,2022-23,19,DET,67,31,0,1670,258,398,258,396,0,2,96,157,229,366,595,75,44,59,92,182,612,.648,.652,.000,.611,.655,.648,C,durenja01
185,Tari Eason,HOU,1,17,2022,Louisiana State,2022-23,21,HOU,82,5,0,1767,296,660,237,488,59,172,109,145,195,301,496,88,96,47,101,189,760,.448,.486,.343,.752,.525,.493,F,easonta01
186,RaiQuan Gray,NJN,2,59,2021,Florida State,2022-23,23,BRK,1,0,0,35,6,12,4,7,2,5,2,2,3,6,9,7,0,1,4,5,16,.500,.571,.400,1.000,.621,.583,F,grayra01
187,AJ Griffin,ATL,1,16,2022,Duke,2022-23,19,ATL,72,12,0,1401,248,533,147,274,101,259,42,47,37,116,153,73,42,12,42,87,639,.465,.536,.390,.894,.577,.560,F,griffaj01
188,Jaden Hardy,SAC,2,37,2022,,2022-23,20,DAL,48,5,0,708,146,333,83,177,63,156,65,79,11,78,89,65,17,7,46,64,420,.438,.469,.404,.823,.571,.533,G,hardyja02
189,Caleb Houstan,ORL,2,32,2022,Michigan,2022-23,20,ORL,51,4,0,812,66,182,20,46,46,136,15,18,34,65,99,30,12,7,18,63,193,.363,.435,.338,.833,.508,.489,G-F,houstca01
190,Jaden Ivey,DET,1,5,2022,Purdue,2022-23,20,DET,74,73,0,2304,409,983,289,633,120,350,266,356,73,215,288,387,61,17,237,242,1204,.416,.457,.343,.747,.528,.477,G,iveyja01
191,Nikola Jović,MIA,1,27,2022,,2022-23,19,MIA,15,8,0,204,28,69,20,34,8,35,18,19,9,22,31,10,7,2,10,19,82,.406,.588,.229,.947,.530,.464,G-F,jovicni01
192,Trevor Keels,NYK,2,42,2022,Duke,2022-23,19,NYK,3,0,0,8,1,4,0,0,1,4,0,0,0,2,2,0,0,0,0,0,3,.250,,.250,,.375,.375,G,keelstr01
193,Walker Kessler,MEM,1,22,2022,Auburn,2022-23,21,UTA,74,40,0,1703,298,414,297,411,1,3,82,159,231,389,620,69,26,173,58,169,679,.720,.723,.333,.516,.702,.721,C,kesslwa01
194,Christian Koloko,TOR,2,33,2022,Arizona,2022-23,22,TOR,58,19,0,802,72,150,71,138,1,12,37,59,84,87,171,31,21,57,20,128,182,.480,.514,.083,.627,.517,.483,C,kolokch01
195,Jake LaRavia,MIN,1,19,2022,Wake Forest,2022-23,21,MEM,35,0,0,414,37,95,13,24,24,71,7,9,19,44,63,21,12,4,18,49,105,.389,.542,.338,.778,.531,.516,F,laravja01
196,Tyrese Martin,GSW,2,51,2022,Connecticut,2022-23,23,ATL,16,0,0,66,9,23,8,16,1,7,2,2,5,7,12,2,1,0,2,2,21,.391,.500,.143,1.000,.440,.413,G,martity01
197,Bennedict Mathurin,IND,1,6,2022,Arizona,2022-23,20,IND,78,17,0,2222,413,951,313,641,100,310,376,454,87,231,318,116,48,13,152,162,1302,.434,.488,.323,.828,.566,.487,G-F,mathube01
198,Bryce McGowens,MIN,2,40,2022,Nebraska,2022-23,20,CHO,46,7,0,787,80,202,54,122,26,80,60,80,20,73,93,54,15,6,43,48,246,.396,.443,.325,.750,.519,.460,G-F,mcgowbr01
199,Josh Minott,CHA,2,45,2022,Memphis,2022-23,20,MIN,15,0,0,96,18,36,16,30,2,6,8,8,5,20,25,5,4,6,3,10,46,.500,.533,.333,1.000,.582,.528,F,minotjo01
200,Isaiah Mobley,CLE,2,49,2022,Southern California,2022-23,23,CLE,12,0,0,84,12,28,9,20,3,8,4,4,4,16,20,3,4,3,1,8,31,.429,.450,.375,1.000,.521,.482,F,mobleis01
201,Wendell Moore Jr.,DAL,1,26,2022,Duke,2022-23,21,MIN,29,2,0,153,18,43,16,26,2,17,4,5,4,14,18,18,8,5,8,13,42,.419,.615,.118,.800,.465,.442,G-F,moorewe01
202,Keegan Murray,SAC,1,4,2022,Iowa,2022-23,22,SAC,80,78,0,2382,354,782,148,281,206,501,62,81,89,282,371,98,61,42,60,162,976,.453,.527,.411,.765,.597,.584,F,murrake02
203,Andrew Nembhard,IND,2,31,2022,Gonzaga,2022-23,23,IND,75,63,0,2073,284,644,192,381,92,263,49,62,35,164,199,341,70,13,126,179,709,.441,.504,.350,.790,.528,.512,G,nembhan01
204,Jason Preston,ORL,2,33,2021,Ohio,2022-23,23,LAC,14,0,0,124,18,41,13,23,5,18,0,2,2,20,22,27,2,0,10,7,41,.439,.565,.278,.000,.489,.500,G,prestja01
205,David Roddy,PHI,1,23,2022,Colorado State,2022-23,21,MEM,70,4,0,1258,180,420,115,208,65,212,41,65,50,143,193,59,29,19,57,107,466,.429,.553,.307,.631,.519,.506,F,roddyda01
206,Ryan Rollins,ATL,2,44,2022,Toledo,2022-23,20,GSW,12,0,0,62,7,20,4,11,3,9,6,6,3,9,12,6,1,1,16,10,23,.350,.364,.333,1.000,.508,.425,G,rolliry01
207,Shaedon Sharpe,POR,1,7,2022,Kentucky,2022-23,19,POR,80,15,0,1779,306,648,204,365,102,283,75,105,63,173,236,94,38,24,83,136,789,.472,.559,.360,.714,.568,.551,G,sharpsh01
208,Jabari Smith Jr.,HOU,1,3,2022,Auburn,2022-23,19,HOU,79,79,0,2451,364,892,244,501,120,391,162,206,122,447,569,101,43,74,104,227,1010,.408,.487,.307,.786,.514,.475,F-C,smithja05
209,Jeremy Sochan,SAS,1,9,2022,Baylor,2022-23,19,SAS,56,53,0,1458,250,552,217,418,33,134,81,116,95,200,295,142,43,23,97,138,614,.453,.519,.246,.698,.509,.483,F-G,sochaje01
210,Dalen Terry,CHI,1,18,2022,Arizona,2022-23,20,CHI,38,0,0,214,32,72,25,45,7,27,14,21,12,25,37,22,11,5,8,24,85,.444,.556,.259,.667,.523,.493,G,terryda01
211,Jabari Walker,POR,2,57,2022,Colorado,2022-23,20,POR,56,0,0,619,83,198,67,142,16,56,34,45,48,83,131,34,10,13,29,69,216,.419,.472,.286,.756,.496,.460,F-C,walkeja01
212,TyTy Washington Jr.,MEM,1,29,2022,Kentucky,2022-23,21,HOU,31,2,0,433,58,160,39,80,19,80,10,18,2,43,45,47,15,2,14,29,145,.363,.488,.238,.556,.432,.422,G,washity02
213,Peyton Watson,OKC,1,30,2022,UCLA,2022-23,20,DEN,23,2,0,186,29,59,23,45,6,14,11,20,8,29,37,11,2,11,8,14,75,.492,.511,.429,.550,.553,.542,G-F,watsope01
214,Blake Wesley,SAS,1,25,2022,Notre Dame,2022-23,19,SAS,37,1,0,669,69,215,49,163,20,52,26,44,12,69,81,98,25,5,65,67,184,.321,.301,.385,.591,.393,.367,G,weslebl01
215,Jalen Williams,OKC,1,12,2022,Santa Clara,2022-23,21,OKC,75,62,0,2276,414,794,341,589,73,205,155,191,84,253,337,248,103,35,123,191,1056,.521,.579,.356,.812,.601,.567,G,willija06
216,Jaylin Williams,OKC,2,34,2022,Arkansas,2022-23,20,OKC,49,36,0,914,102,234,56,121,46,113,38,54,44,197,241,76,28,12,37,111,288,.436,.463,.407,.704,.559,.534,F,willija07
217,Mark Williams,CHA,1,15,2022,Duke,2022-23,21,CHO,43,17,0,828,160,251,160,251,0,0,67,97,93,211,304,18,28,45,40,94,387,.637,.637,,.691,.659,.637,C,willima07
218,Vince Williams Jr.,MEM,2,47,2022,VCU,2022-23,22,MEM,15,1,0,105,12,40,8,12,4,28,2,2,4,11,15,4,6,2,5,12,30,.300,.667,.143,1.000,.367,.350,F,willivi01
219,Santi Aldama,UTA,1,30,2021,Loyola (MD),2021-22,21,MEM,32,0,0,360,53,132,47,84,6,48,20,32,33,54,87,21,6,10,16,36,132,.402,.560,.125,.625,.452,.424,F-C,aldamsa01
220,Dalano Banton,TOR,2,46,2021,Nebraska,2021-22,22,TOR,64,1,0,696,83,202,70,151,13,51,26,44,38,86,124,99,28,10,53,68,205,.411,.464,.255,.591,.463,.443,G-F,bantoda01
221,Scottie Barnes,TOR,1,4,2021,Florida State,2021-22,20,TOR,74,74,0,2617,459,932,401,739,58,193,158,215,195,362,557,256,80,55,136,192,1134,.492,.543,.301,.735,.552,.524,G-F,barnesc01
222,Charles Bassey,PHI,2,53,2021,Western Kentucky,2021-22,21,PHI,23,0,0,168,30,47,30,43,0,4,9,12,22,40,62,7,5,17,8,32,69,.638,.698,.000,.750,.660,.638,C,bassech01
223,Leandro Bolmaro,NYK,1,23,2020,,2021-22,21,MIN,35,2,0,241,17,54,12,36,5,18,11,13,16,27,43,21,6,0,13,26,50,.315,.333,.278,.846,.419,.361,F,bolmale01
224,Brandon Boston Jr.,MEM,2,51,2021,Kentucky,2021-22,20,LAC,51,0,0,760,125,325,91,214,34,111,59,72,17,94,111,51,26,13,31,43,343,.385,.425,.306,.819,.481,.437,G-F,bostobr01
225,James Bouknight,CHA,1,11,2021,Connecticut,2021-22,21,CHO,31,0,0,304,49,141,32,92,17,49,27,31,22,30,52,26,7,1,15,29,142,.348,.348,.347,.871,.459,.408,G,bouknja01
226,Greg Brown III,NOH,2,43,2021,Texas,2021-22,20,POR,48,6,0,640,81,190,62,129,19,61,44,65,38,97,135,35,26,24,36,90,225,.426,.481,.311,.677,.515,.476,F,browngr01
227,Jared Butler,NOH,2,40,2021,Baylor,2021-22,21,UTA,42,1,0,360,61,151,33,63,28,88,11,16,5,40,45,63,17,8,33,47,161,.404,.524,.318,.688,.509,.497,G,butleja02
228,Josh Christopher,HOU,1,24,2021,Arizona State,2021-22,20,HOU,74,2,0,1334,224,500,168,311,56,189,83,113,52,134,186,150,65,13,114,97,587,.448,.540,.296,.735,.534,.504,G,chrisjo01
229,Sharife Cooper,ATL,2,48,2021,Auburn,2021-22,20,ATL,13,0,0,39,3,14,2,8,1,6,0,0,0,5,5,5,0,0,5,1,7,.214,.250,.167,,.250,.250,G,coopesh01
230,Petr Cornelie,DEN,2,53,2016,,2021-22,26,DEN,13,0,0,38,5,15,4,7,1,8,3,4,7,7,14,3,1,1,4,7,14,.333,.571,.125,.750,.418,.367,F,cornepe01
231,Cade Cunningham,DET,1,1,2021,Oklahoma State,2021-22,20,DET,64,64,0,2088,429,1031,315,668,114,363,142,168,58,296,354,356,78,43,234,200,1114,.416,.472,.314,.845,.504,.471,G,cunnica01
232,Ayo Dosunmu,CHI,2,38,2021,Illinois,2021-22,22,CHI,77,40,0,2110,278,535,208,349,70,186,53,78,27,187,214,256,60,29,108,182,679,.520,.596,.376,.679,.596,.585,G,dosunay01
233,Chris Duarte,IND,1,13,2021,Oregon,2021-22,24,IND,55,39,0,1541,268,621,174,366,94,255,90,112,41,185,226,114,56,10,90,95,720,.432,.475,.369,.804,.537,.507,G,duartch01
234,Kessler Edwards,NJN,2,44,2021,Pepperdine,2021-22,21,BRK,48,23,0,987,110,267,62,131,48,136,16,19,44,128,172,31,29,24,42,85,284,.412,.473,.353,.842,.516,.502,F,edwarke02
235,Usman Garuba,HOU,1,23,2021,,2021-22,19,HOU,24,2,0,239,19,44,14,24,5,20,5,7,21,62,83,17,10,11,6,28,48,.432,.583,.250,.714,.510,.489,F,garubus01
236,Luka Garza,DET,2,52,2021,Iowa,2021-22,23,DET,32,5,0,389,66,147,50,98,16,49,38,61,58,42,100,20,9,6,18,55,186,.449,.510,.327,.623,.535,.503,F-C,garzalu01
237,Josh Giddey,OKC,1,6,2021,,2021-22,19,OKC,54,54,0,1700,281,670,225,457,56,213,56,79,98,323,421,345,51,20,171,88,674,.419,.492,.263,.709,.478,.461,G,giddejo01
238,Jalen Green,HOU,1,2,2021,,2021-22,19,HOU,67,67,0,2138,406,954,249,496,157,458,188,236,33,193,226,176,44,18,135,103,1157,.426,.502,.343,.797,.547,.508,G,greenja05
239,Quentin Grimes,LAC,1,25,2021,Houston,2021-22,21,NYK,46,6,0,786,95,235,23,46,72,189,13,19,24,70,94,44,31,11,28,72,275,.404,.500,.381,.684,.565,.557,G-F,grimequ01
240,Bones Hyland,DEN,1,26,2021,VCU,2021-22,21,DEN,69,4,0,1310,230,571,99,213,131,358,107,125,14,174,188,191,41,20,86,153,698,.403,.465,.366,.856,.558,.518,G,hylanbo01
241,Isaiah Jackson,LAL,1,22,2021,Kentucky,2021-22,20,IND,36,15,0,541,116,206,111,190,5,16,60,88,60,89,149,10,25,52,40,92,297,.563,.584,.313,.682,.607,.575,C-F,jacksis01
242,David Johnson,TOR,2,47,2021,Louisville,2021-22,20,TOR,2,0,0,2,0,1,0,0,0,1,0,0,0,0,0,0,0,0,0,0,0,.000,,.000,,.000,.000,G,johnsda08
243,Jalen Johnson,ATL,1,20,2021,Duke,2021-22,20,ATL,22,0,0,120,22,41,19,28,3,13,5,7,2,24,26,3,3,2,9,9,52,.537,.679,.231,.714,.590,.573,F,johnsja05
244,Keon Johnson,NYK,1,21,2021,Tennessee,2021-22,19,LACPOR,37,12,0,697,96,272,62,172,34,100,41,51,24,57,81,76,28,12,46,69,267,.353,.360,.340,.804,.453,.415,G,johnske07
245,Herbert Jones,NOH,2,35,2021,Alabama,2021-22,23,NOP,78,69,0,2335,274,576,217,407,57,169,137,163,98,198,296,167,130,60,100,238,742,.476,.533,.337,.840,.573,.525,F,joneshe01
246,Kai Jones,NYK,1,19,2021,Texas,2021-22,21,CHO,21,0,0,63,9,14,8,12,1,2,3,8,3,8,11,4,1,2,6,8,22,.643,.667,.500,.375,.628,.679,F-C,joneska01
247,Georgios Kalaitzakis,IND,2,60,2021,,2021-22,23,MILOKC,13,4,0,214,31,67,21,41,10,26,14,30,6,15,21,12,11,2,20,19,86,.463,.512,.385,.467,.536,.537,G-F,kalaige01
248,Corey Kispert,WAS,1,15,2021,Gonzaga,2021-22,22,WAS,77,36,0,1801,234,514,122,194,112,320,54,62,53,156,209,85,35,22,50,93,634,.455,.629,.350,.871,.586,.564,G-F,kispeco01
249,Vit Krejci,WAS,2,37,2020,,2021-22,21,OKC,30,8,0,690,68,167,36,69,32,98,19,22,18,83,101,57,19,8,29,65,187,.407,.522,.327,.864,.529,.503,G,krejcvi01
250,Arnoldas Kulboka,CHA,2,55,2018,,2021-22,24,CHO,2,0,0,5,0,1,0,0,0,1,0,0,0,0,0,0,0,0,0,1,0,.000,,.000,,.000,.000,F,kulboar01
251,Jonathan Kuminga,GSW,1,7,2021,,2021-22,19,GSW,70,12,0,1185,236,460,186,311,50,149,130,190,54,180,234,64,31,22,74,146,652,.513,.598,.336,.684,.600,.567,F,kuminjo01
252,Scottie Lewis,CHA,2,56,2021,Florida,2021-22,21,CHO,2,0,0,7,0,0,0,0,0,0,1,2,0,0,0,1,1,0,0,0,1,,,,.500,.568,,G,lewissc01
253,Isaiah Livers,DET,2,42,2021,Michigan,2021-22,23,DET,19,5,0,383,41,90,14,26,27,64,12,14,15,42,57,21,13,7,15,37,121,.456,.538,.422,.857,.629,.606,F,liveris01
254,Sandro Mamukelashvili,IND,2,54,2021,Seton Hall,2021-22,22,MIL,41,3,0,407,57,115,35,63,22,52,18,22,35,47,82,22,9,9,15,28,154,.496,.556,.423,.818,.618,.591,C-F,mamuksa01
255,Tre Mann,OKC,1,18,2021,Florida,2021-22,20,OKC,60,26,0,1367,231,588,133,316,98,272,65,82,25,146,171,91,47,12,71,102,625,.393,.421,.360,.793,.501,.476,G,manntr01
256,Miles McBride,OKC,2,36,2021,West Virginia,2021-22,21,NYK,40,2,0,372,32,108,15,40,17,68,8,12,4,38,42,41,14,1,5,45,89,.296,.375,.250,.667,.393,.375,G,mcbrimi01
257,Davion Mitchell,SAC,1,9,2021,Baylor,2021-22,23,SAC,75,19,0,2076,352,843,251,523,101,320,56,85,33,133,166,313,55,24,114,141,861,.418,.480,.316,.659,.489,.477,G,mitchda01
258,Evan Mobley,CLE,1,3,2021,Southern California,2021-22,20,CLE,69,69,0,2331,422,830,399,738,23,92,167,252,143,427,570,174,56,115,133,147,1034,.508,.541,.250,.663,.549,.522,F-C,mobleev01
259,Moses Moody,GSW,1,14,2021,Arkansas,2021-22,19,GSW,52,11,0,607,80,183,40,73,40,110,28,36,17,63,80,23,7,10,13,43,228,.437,.548,.364,.778,.573,.546,G,moodymo01
260,Trey Murphy III,MEM,1,17,2021,Virginia,2021-22,21,NOP,62,1,0,864,109,277,38,91,71,186,45,51,47,100,147,38,23,7,16,60,334,.394,.418,.382,.882,.558,.522,F,murphtr02
261,Joshua Primo,SAS,1,12,2021,Alabama,2021-22,19,SAS,50,16,0,965,101,270,59,133,42,137,44,59,32,81,113,81,20,23,57,79,288,.374,.444,.307,.746,.487,.452,G,primojo01
262,Neemias Queta,SAC,2,39,2021,Utah State,2021-22,22,SAC,15,0,0,120,17,38,17,38,0,0,11,17,14,17,31,6,1,8,6,18,45,.447,.447,,.647,.495,.447,C,quetane01
263,Jeremiah Robinson-Earl,NYK,2,32,2021,Villanova,2021-22,21,OKC,49,36,0,1087,134,324,76,159,58,165,40,54,75,199,274,49,29,15,39,75,366,.414,.478,.352,.741,.526,.503,F,robinje02
264,Alperen Şengün,OKC,1,16,2021,,2021-22,19,HOU,72,13,0,1489,249,525,220,408,29,117,165,232,138,255,393,185,59,68,145,214,692,.474,.539,.248,.711,.552,.502,C-F,sengual01
265,Day'Ron Sharpe,PHO,1,29,2021,North Carolina,2021-22,20,BRK,32,8,0,391,86,149,84,142,2,7,24,41,81,79,160,17,10,15,30,60,198,.577,.592,.286,.585,.593,.584,C,sharpda01
266,Marko Simonovic,CHI,2,44,2020,,2021-22,22,CHI,9,0,0,35,4,15,3,10,1,5,8,11,5,5,10,0,1,1,2,6,17,.267,.300,.200,.727,.428,.300,C,simonma01
267,Jericho Sims,NYK,2,58,2021,Texas,2021-22,23,NYK,41,5,0,555,39,54,39,54,0,0,12,29,61,108,169,21,11,22,20,66,90,.722,.722,,.414,.674,.722,F,simsje01
268,Jaden Springer,PHI,1,28,2021,Tennessee,2021-22,19,PHI,2,0,0,6,1,1,1,1,0,0,0,0,1,1,2,0,0,2,1,0,2,1.000,1.000,,,1.000,1.000,G,sprinja01
269,Jalen Suggs,ORL,1,5,2021,Gonzaga,2021-22,20,ORL,48,45,0,1307,198,548,156,352,42,196,126,163,26,145,171,209,59,19,143,142,564,.361,.443,.214,.773,.455,.400,G,suggsja01
270,Cam Thomas,NJN,1,27,2021,Louisiana State,2021-22,20,BRK,67,2,0,1176,218,503,171,329,47,174,87,105,16,145,161,78,33,8,55,66,570,.433,.520,.270,.829,.519,.480,G,thomaca02
271,JT Thor,DET,2,37,2021,Auburn,2021-22,19,CHO,33,0,0,262,24,55,17,28,7,27,12,20,11,32,43,19,8,11,10,26,67,.436,.607,.259,.600,.525,.500,F,thorjt01
272,Isaiah Todd,MIL,2,31,2021,,2021-22,20,WAS,12,0,0,74,7,26,3,10,4,16,2,6,3,9,12,4,4,2,4,4,20,.269,.300,.250,.333,.349,.346,F,toddis01
273,Franz Wagner,ORL,1,8,2021,Michigan,2021-22,20,ORL,79,79,0,2429,456,975,360,704,96,271,189,219,84,272,356,231,68,34,119,164,1197,.468,.511,.354,.863,.559,.517,G-F,wagnefr01
274,Joe Wieskamp,SAS,2,41,2021,Iowa,2021-22,22,SAS,29,0,0,205,20,56,6,13,14,43,7,13,4,10,14,9,4,3,2,14,61,.357,.462,.326,.538,.494,.482,G,wieskjo01
275,Aaron Wiggins,OKC,2,55,2021,Maryland,2021-22,23,OKC,50,35,0,1209,156,337,114,199,42,138,62,85,51,127,178,68,30,10,54,93,416,.463,.573,.304,.729,.556,.525,G,wiggiaa01
276,Ziaire Williams,NOH,1,10,2021,Stanford,2021-22,20,MEM,62,31,0,1346,191,424,115,182,76,242,43,55,26,103,129,65,35,12,41,113,501,.450,.632,.314,.782,.559,.540,F,willizi02
277,Precious Achiuwa,MIA,1,20,2020,Memphis,2020-21,21,MIA,61,4,0,737,124,228,124,227,0,1,56,110,73,135,208,29,20,28,43,91,304,.544,.546,.000,.509,.550,.544,F,achiupr01
278,Cole Anthony,ORL,1,15,2020,North Carolina,2020-21,20,ORL,47,34,0,1273,219,552,161,380,58,172,109,131,38,183,221,192,30,18,106,98,605,.397,.424,.337,.832,.496,.449,G,anthoco01
279,Deni Avdija,WAS,1,9,2020,,2020-21,20,WAS,54,32,0,1257,130,312,77,144,53,168,29,45,22,240,262,63,32,15,33,140,342,.417,.535,.315,.644,.515,.502,G-F,avdijde01
280,Udoka Azubuike,UTA,1,27,2020,Kansas,2020-21,21,UTA,15,0,0,57,4,9,4,9,0,0,8,10,4,9,13,0,1,4,3,9,16,.444,.444,,.800,.597,.444,C,azubuud01
281,LaMelo Ball,CHA,1,3,2020,,2020-21,19,CHO,51,31,0,1469,293,672,201,411,92,261,125,165,63,239,302,313,81,18,145,136,803,.436,.489,.352,.758,.539,.504,G,ballla01
282,Desmond Bane,BOS,1,30,2020,TCU,2020-21,22,MEM,68,17,0,1519,234,499,117,228,117,271,40,49,31,179,210,118,41,16,59,125,625,.469,.513,.432,.816,.600,.586,G,banede01
283,Saddiq Bey,NJN,1,19,2020,Villanova,2020-21,21,DET,70,53,0,1909,279,691,104,231,175,460,124,147,43,275,318,95,52,14,60,110,857,.404,.450,.380,.844,.567,.530,F,beysa01
284,Tyler Bey,PHI,2,36,2020,Colorado,2020-21,22,DAL,18,0,0,71,7,22,6,18,1,4,3,5,8,11,19,3,0,1,3,6,18,.318,.333,.250,.600,.372,.341,F,beyty01
285,Vernon Carey Jr.,CHA,2,32,2020,Duke,2020-21,19,CHO,19,4,0,115,18,36,17,29,1,7,9,11,6,21,27,2,1,5,5,13,46,.500,.586,.143,.818,.563,.514,C,careyve01
286,Anthony Edwards,MIN,1,1,2020,Georgia,2020-21,19,MIN,72,55,0,2314,505,1211,334,691,171,520,211,272,59,277,336,211,82,36,160,129,1392,.417,.483,.329,.776,.523,.488,G-F,edwaran01
287,CJ Elleby,POR,2,46,2020,Washington State,2020-21,20,POR,30,0,0,192,25,66,18,32,7,34,11,15,11,21,32,10,6,3,5,27,68,.379,.563,.206,.733,.468,.432,F,ellebcj01
288,Malachi Flynn,TOR,1,29,2020,San Diego State,2020-21,22,TOR,47,14,0,928,127,340,73,172,54,168,45,56,10,106,116,137,38,7,43,68,353,.374,.424,.321,.804,.484,.453,G,flynnma01
289,Josh Green,DAL,1,18,2020,Arizona,2020-21,20,DAL,39,5,0,445,42,93,38,68,4,25,13,23,28,50,78,28,16,3,17,35,101,.452,.559,.160,.565,.490,.473,G-F,greenjo02
290,Tyrese Haliburton,SAC,1,12,2020,Iowa State,2020-21,20,SAC,58,20,0,1746,292,619,171,323,121,296,48,56,39,134,173,309,77,28,92,83,753,.472,.529,.409,.857,.585,.569,G,halibty01
291,R.J. Hampton,MIL,1,24,2020,,2020-21,19,DENORL,51,1,0,888,136,313,109,226,27,87,55,82,29,150,179,87,21,10,53,61,354,.435,.482,.310,.671,.507,.478,G,hamptrj01
292,Jalen Harris,TOR,2,59,2020,Nevada,2020-21,22,TOR,13,2,0,172,36,72,19,36,17,36,7,9,3,15,18,17,8,0,14,15,96,.500,.528,.472,.778,.632,.618,G,harrija01
293,Killian Hayes,DET,1,7,2020,,2020-21,19,DET,26,18,0,670,71,201,51,129,20,72,14,17,6,63,69,138,27,10,83,57,176,.353,.395,.278,.824,.422,.403,G,hayeski01
294,Elijah Hughes,NOH,2,39,2020,Syracuse,2020-21,22,UTA,18,0,0,64,10,30,2,7,8,23,3,4,1,8,9,6,1,1,6,1,31,.333,.286,.348,.750,.488,.467,F,hugheel01
295,Isaiah Joe,PHI,2,49,2020,Arkansas,2020-21,21,PHI,41,1,0,383,48,133,9,27,39,106,18,24,6,30,36,20,12,4,11,34,153,.361,.333,.368,.750,.533,.508,G,joeis01
296,Tre Jones,SAS,2,41,2020,Duke,2020-21,21,SAS,37,1,0,269,37,78,34,73,3,5,17,19,8,13,21,39,8,0,13,13,94,.474,.466,.600,.895,.544,.494,G,jonestr01
297,Saben Lee,UTA,2,38,2020,Vanderbilt,2020-21,21,DET,48,7,0,781,99,210,91,187,8,23,61,89,20,77,97,174,32,13,55,76,267,.471,.487,.348,.685,.536,.490,G,leesa01
298,Kira Lewis Jr.,NOH,1,13,2020,Alabama,2020-21,19,NOP,54,0,0,904,130,337,90,217,40,120,43,51,12,59,71,124,38,10,34,88,343,.386,.415,.333,.843,.477,.445,G,lewiski01
299,Didi Louzada,ATL,2,35,2019,,2020-21,21,NOP,3,0,0,56,3,13,1,5,2,8,0,0,1,2,3,3,2,0,3,5,8,.231,.200,.250,,.308,.308,G,louzama01
300,Théo Maledon,PHI,2,34,2020,,2020-21,19,OKC,65,49,0,1778,226,614,121,301,105,313,101,135,25,186,211,227,56,11,141,126,658,.368,.402,.335,.748,.489,.454,G,maledth01
301,Nico Mannion,GSW,2,48,2020,Arizona,2020-21,19,GSW,30,1,0,364,39,114,17,54,22,60,23,28,6,40,46,70,16,1,31,29,123,.342,.315,.367,.821,.487,.439,G,mannini01
302,KJ Martin,SAC,2,52,2020,,2020-21,20,HOU,45,8,0,1068,162,318,127,222,35,96,60,84,73,169,242,48,30,41,38,89,419,.509,.572,.365,.714,.590,.564,F,martike04
303,Tyrese Maxey,PHI,1,21,2020,Kentucky,2020-21,20,PHI,61,8,0,935,198,429,167,326,31,103,61,70,11,93,104,120,26,13,41,79,488,.462,.512,.301,.871,.531,.498,G,maxeyty01
304,Skylar Mays,ATL,2,50,2020,Louisiana State,2020-21,23,ATL,33,0,0,269,44,98,30,58,14,40,22,25,10,25,35,30,14,2,9,15,124,.449,.517,.350,.880,.569,.520,G,mayssk01
305,Jaden McDaniels,LAL,1,28,2020,Washington,2020-21,20,MIN,63,27,0,1511,164,367,92,169,72,198,27,45,52,180,232,71,35,60,47,172,427,.447,.544,.364,.600,.552,.545,F,mcdanja02
306,Sam Merrill,NOH,2,60,2020,Utah State,2020-21,24,MIL,30,2,0,233,32,72,11,25,21,47,4,4,6,24,30,21,8,1,10,17,89,.444,.440,.447,1.000,.603,.590,G,merrisa01
307,Aaron Nesmith,BOS,1,14,2020,Vanderbilt,2020-21,21,BOS,46,1,0,669,78,178,38,70,40,108,22,28,28,99,127,23,15,9,23,87,218,.438,.543,.370,.786,.573,.551,G-F,nesmiaa01
308,Zeke Nnaji,DEN,1,22,2020,Arizona,2020-21,20,DEN,42,1,0,397,50,104,26,45,24,59,12,15,14,51,65,10,8,4,7,29,136,.481,.578,.407,.800,.615,.596,F,nnajize01
309,Jordan Nwora,MIL,2,45,2020,Louisville,2020-21,22,MIL,30,2,0,274,62,135,34,73,28,62,19,25,9,51,60,7,16,7,24,22,171,.459,.466,.452,.760,.586,.563,F,nworajo01
310,Chuma Okeke,ORL,1,16,2019,Auburn,2020-21,22,ORL,45,19,0,1133,135,324,86,183,49,141,30,40,42,139,181,101,48,22,38,48,349,.417,.470,.348,.750,.511,.492,F,okekech01
311,Onyeka Okongwu,ATL,1,6,2020,Southern California,2020-21,20,ATL,50,4,0,601,96,149,96,146,0,3,36,57,62,101,163,18,23,33,29,100,228,.644,.658,.000,.632,.655,.644,C-F,okongon01
312,Isaac Okoro,CLE,1,5,2020,Auburn,2020-21,20,CLE,67,67,0,2173,235,559,173,345,62,214,114,157,68,138,206,128,62,24,86,185,646,.420,.501,.290,.726,.514,.476,G-F,okorois01
313,Daniel Oturu,MIN,2,33,2020,Minnesota,2020-21,21,LAC,30,0,0,161,22,52,21,47,1,5,9,12,21,27,48,10,4,7,9,24,54,.423,.447,.200,.750,.471,.433,F-C,oturuda01
314,Reggie Perry,LAC,2,57,2020,Mississippi State,2020-21,20,BRK,26,0,0,211,32,78,28,57,4,21,10,13,27,46,73,14,6,6,15,40,78,.410,.491,.190,.769,.466,.436,F-C,perryre01
315,Aleksej Pokusevski,MIN,1,17,2020,,2020-21,19,OKC,45,28,0,1090,139,408,81,201,58,207,31,42,30,182,212,97,20,42,99,58,367,.341,.403,.280,.738,.430,.412,F,pokusal01
316,Payton Pritchard,BOS,1,26,2020,Oregon,2020-21,23,BOS,66,4,0,1268,184,418,82,170,102,248,40,45,33,125,158,120,37,9,53,104,510,.440,.482,.411,.889,.582,.562,G,pritcpa01
317,Immanuel Quickley,OKC,1,25,2020,Kentucky,2020-21,21,NYK,64,3,0,1243,229,580,111,277,118,303,155,174,25,112,137,127,30,12,58,114,731,.395,.401,.389,.891,.557,.497,G,quickim01
318,Jahmi'us Ramsey,SAC,2,43,2020,Texas Tech,2020-21,19,SAC,13,0,0,94,15,38,10,19,5,19,5,5,2,8,10,6,4,1,3,8,40,.395,.526,.263,1.000,.498,.461,G,ramseja01
319,Paul Reed,PHI,2,58,2020,DePaul,2020-21,21,PHI,26,0,0,177,42,78,42,72,0,6,4,8,30,31,61,12,10,13,12,29,88,.538,.583,.000,.500,.540,.538,C-F,reedpa01
320,Nick Richards,NOH,2,42,2020,Kentucky,2020-21,23,CHO,18,0,0,63,4,9,4,8,0,1,7,11,4,7,11,2,0,0,3,7,15,.444,.500,.000,.636,.542,.444,F-C,richani01
321,Grant Riller,CHA,2,56,2020,College of Charleston,2020-21,23,CHO,7,0,0,27,8,12,6,8,2,4,0,0,0,1,1,3,1,0,1,0,18,.667,.750,.500,,.750,.750,G,rillegr01
322,Jay Scrubb,NJN,2,55,2020,Logan (IL) College,2020-21,20,LAC,4,1,0,84,14,36,12,27,2,9,5,5,2,12,14,1,4,0,7,5,35,.389,.444,.222,1.000,.458,.417,G-F,scrubja01
323,Deividas Sirvydis,DAL,2,37,2019,,2020-21,20,DET,20,0,0,133,14,40,4,12,10,28,3,6,0,29,29,5,2,0,5,9,41,.350,.333,.357,.500,.481,.475,G-F,sirvyde01
324,Jalen Smith,PHO,1,10,2020,Maryland,2020-21,20,PHO,27,1,0,156,22,50,18,33,4,17,5,7,7,30,37,4,1,5,7,16,53,.440,.545,.235,.714,.499,.480,F,smithja04
325,Cassius Stanley,IND,2,54,2020,Duke,2020-21,21,IND,24,0,0,93,13,43,10,30,3,13,7,9,8,12,20,1,1,2,1,14,36,.302,.333,.231,.778,.383,.337,G,stanlca01
326,Isaiah Stewart,POR,1,16,2020,Washington,2020-21,19,DET,68,14,0,1455,226,409,205,346,21,63,64,92,159,294,453,59,39,86,67,184,537,.553,.592,.333,.696,.597,.578,F-C,stewais01
327,Tyrell Terry,DAL,2,31,2020,Stanford,2020-21,20,DAL,11,0,0,56,5,16,5,9,0,7,1,3,0,6,6,6,5,0,2,2,11,.313,.556,.000,.333,.318,.313,G,terryty01
328,Xavier Tillman Sr.,SAC,2,35,2020,Michigan State,2020-21,22,MEM,59,12,0,1085,167,299,145,234,22,65,34,53,74,182,256,75,44,33,45,116,390,.559,.620,.338,.642,.605,.595,F,tillmxa01
329,Obi Toppin,NYK,1,8,2020,Dayton,2020-21,22,NYK,62,0,0,683,104,209,78,124,26,85,19,26,26,112,138,29,17,15,23,55,253,.498,.629,.306,.731,.574,.560,F,toppiob01
330,Devin Vassell,SAS,1,11,2020,Florida State,2020-21,20,SAS,62,7,0,1056,123,303,71,153,52,150,43,51,24,150,174,56,43,18,22,88,341,.406,.464,.347,.843,.524,.492,G-F,vassede01
331,Patrick Williams,CHI,1,4,2020,Florida State,2020-21,19,CHI,71,71,0,1983,255,528,201,390,54,138,91,125,66,261,327,99,64,46,98,126,655,.483,.515,.391,.728,.562,.534,F,willipa01
332,Dylan Windler,CLE,1,26,2019,Belmont,2020-21,24,CLE,31,0,0,513,57,130,31,53,26,77,21,27,20,87,107,33,19,12,32,37,161,.438,.585,.338,.778,.567,.538,G-F,windldy01
333,Cassius Winston,OKC,2,53,2020,Michigan State,2020-21,22,WAS,22,0,0,98,14,33,6,16,8,17,5,6,0,9,9,12,2,1,5,8,41,.424,.375,.471,.833,.575,.545,G,winstca01
334,James Wiseman,GSW,1,2,2020,Memphis,2020-21,19,GSW,39,27,0,836,191,368,179,330,12,38,54,86,55,171,226,26,11,36,60,121,448,.519,.542,.316,.628,.552,.535,C,wisemja01
335,Robert Woodard II,MEM,2,40,2020,Mississippi State,2020-21,21,SAC,13,0,0,45,8,20,7,14,1,6,3,8,4,12,16,2,0,3,1,4,20,.400,.500,.167,.375,.425,.425,F,woodaro01
336,Nickeil Alexander-Walker,NJN,1,17,2019,Virginia Tech,2019-20,21,NOP,47,1,0,591,98,266,52,133,46,133,25,37,9,75,84,89,17,8,54,57,267,.368,.391,.346,.676,.473,.455,G,alexani01
337,RJ Barrett,NYK,1,3,2019,Duke,2019-20,19,NYK,56,55,0,1704,292,727,229,530,63,197,156,254,50,229,279,143,55,17,124,122,803,.402,.432,.320,.614,.479,.445,G-F,barrerj01
338,Darius Bazley,UTA,1,23,2019,,2019-20,19,OKC,61,9,0,1130,125,317,76,176,49,141,43,62,30,216,246,41,23,41,45,55,342,.394,.432,.348,.694,.497,.472,F,bazleda01
339,Goga Bitadze,IND,1,18,2019,,2019-20,20,IND,54,2,0,471,70,150,62,108,8,42,24,33,25,81,106,23,10,37,28,65,172,.467,.574,.190,.727,.523,.493,C,bitadgo01
340,Bol Bol,MIA,2,44,2019,Oregon,2019-20,20,DEN,7,0,0,87,14,28,10,19,4,9,8,10,5,14,19,6,2,6,10,11,40,.500,.526,.444,.800,.617,.571,F-C,bolbo01
341,Jordan Bone,NOH,2,57,2019,Tennessee,2019-20,22,DET,10,0,0,53,5,20,3,10,2,10,0,0,0,4,4,8,1,0,2,6,12,.250,.300,.200,,.300,.300,G,bonejo01
342,Jarrell Brantley,IND,2,50,2019,College of Charleston,2019-20,23,UTA,9,0,0,96,10,28,7,15,3,13,1,2,2,18,20,11,3,5,7,7,24,.357,.467,.231,.500,.416,.411,F,brantja01
343,Ignas Brazdeikis,SAC,2,47,2019,Michigan,2019-20,21,NYK,9,0,0,53,6,22,5,13,1,9,4,5,2,3,5,4,0,1,2,3,17,.273,.385,.111,.800,.351,.295,F,brazdig01
344,Vlatko Čančar,DEN,2,49,2017,,2019-20,22,DEN,14,0,0,45,6,15,5,9,1,6,4,4,5,5,10,3,1,1,3,7,17,.400,.556,.167,1.000,.507,.433,F,cancavl01
345,Brandon Clarke,OKC,1,21,2019,Gonzaga,2019-20,23,MEM,58,4,0,1300,296,479,273,415,23,64,85,112,92,253,345,81,32,48,55,100,700,.618,.658,.359,.759,.663,.642,F,clarkbr01
346,Nic Claxton,NJN,2,31,2019,Georgia,2019-20,20,BRK,15,0,0,187,27,48,26,41,1,7,11,21,19,25,44,16,1,8,9,14,66,.563,.634,.143,.524,.577,.573,C,claxtni01
347,Jarrett Culver,PHO,1,6,2019,Texas Tech,2019-20,20,MIN,63,35,0,1506,230,569,164,348,66,221,54,117,70,142,212,110,57,38,81,125,580,.404,.471,.299,.462,.467,.462,G,culveja01
348,Sekou Doumbouya,DET,1,15,2019,,2019-20,19,DET,38,19,0,754,92,236,64,138,28,98,31,46,20,98,118,19,20,8,35,80,243,.390,.464,.286,.674,.474,.449,F,doumbse01
349,Carsen Edwards,PHI,2,33,2019,Purdue,2019-20,21,BOS,37,0,0,351,42,128,18,52,24,76,13,19,6,41,47,24,12,4,15,34,121,.328,.346,.316,.684,.444,.422,G,edwarca01
350,Bruno Fernando,PHI,2,34,2019,Maryland,2019-20,21,ATL,56,13,0,713,103,199,98,162,5,37,29,51,67,131,198,49,18,17,42,107,240,.518,.605,.135,.569,.542,.530,F,fernabr01
351,Daniel Gafford,CHI,2,38,2019,Arkansas,2019-20,21,CHI,43,7,0,609,94,134,94,134,0,0,32,60,52,54,106,21,13,56,29,98,220,.701,.701,,.533,.686,.701,C-F,gaffoda01
352,Darius Garland,CLE,1,5,2019,Vanderbilt,2019-20,20,CLE,59,59,0,1824,280,699,175,403,105,296,63,72,27,84,111,229,42,4,151,92,728,.401,.434,.355,.875,.498,.476,G,garlada01
353,Kyle Guy,NYK,2,55,2019,Virginia,2019-20,22,SAC,3,0,0,10,2,5,2,2,0,3,0,0,0,1,1,1,0,0,0,1,4,.400,1.000,.000,,.400,.400,G,guyky01
354,Rui Hachimura,WAS,1,9,2019,Gonzaga,2019-20,21,WAS,48,48,0,1444,254,545,229,458,25,87,116,140,78,216,294,87,37,8,53,105,649,.466,.500,.287,.829,.535,.489,F,hachiru01
355,Devon Hall,OKC,2,53,2018,Virginia,2019-20,24,OKC,11,0,0,81,6,30,2,13,4,17,4,8,2,5,7,13,4,1,5,6,20,.200,.154,.235,.500,.298,.267,G,hallde01
356,Jaxson Hayes,ATL,1,8,2019,Texas,2019-20,19,NOP,64,14,0,1080,174,259,173,255,1,4,123,190,97,162,259,56,26,55,53,161,472,.672,.678,.250,.647,.689,.674,F,hayesja02
357,Dewan Hernandez,TOR,2,59,2019,Miami (FL),2019-20,23,TOR,6,0,0,28,5,14,4,12,1,2,3,5,5,9,14,3,1,0,3,6,14,.357,.333,.500,.600,.432,.393,F,hernade01
358,Tyler Herro,MIA,1,13,2019,Kentucky,2019-20,20,MIA,55,8,0,1508,270,631,154,333,116,298,87,100,16,208,224,121,34,9,87,76,743,.428,.462,.389,.870,.550,.520,G,herroty01
359,Kevin Hervey,OKC,2,57,2018,UT Arlington,2019-20,23,OKC,10,0,0,52,7,27,4,7,3,20,0,0,1,11,12,5,1,1,0,4,17,.259,.571,.150,,.315,.315,F,herveke01
360,Talen Horton-Tucker,ORL,2,46,2019,Iowa State,2019-20,19,LAL,6,1,0,81,14,30,10,17,4,13,2,4,2,5,7,6,8,1,6,10,34,.467,.588,.308,.500,.535,.533,G-F,hortota01
361,De'Andre Hunter,LAL,1,4,2019,Virginia,2019-20,22,ATL,63,62,0,2018,280,683,172,379,108,304,110,144,44,242,286,112,44,18,103,182,778,.410,.454,.355,.764,.521,.489,F,huntede01
362,Justin James,SAC,2,40,2019,Wyoming,2019-20,23,SAC,36,0,0,232,35,84,26,55,9,29,10,21,6,26,32,18,6,9,8,17,89,.417,.473,.310,.476,.477,.470,G,jamesju01
363,Ty Jerome,PHI,1,24,2019,Virginia,2019-20,22,PHO,31,0,0,328,38,113,24,63,14,50,12,16,7,39,46,44,15,3,18,29,102,.336,.381,.280,.750,.425,.398,G,jeromty01
364,Cameron Johnson,MIN,1,11,2019,North Carolina,2019-20,23,PHO,57,9,0,1255,176,405,70,133,106,272,46,57,49,138,187,69,36,20,32,88,504,.435,.526,.390,.807,.586,.565,F,johnsca02
365,Keldon Johnson,SAS,1,29,2019,Kentucky,2019-20,20,SAS,17,1,0,301,53,89,40,67,13,22,35,44,10,47,57,15,14,2,13,28,154,.596,.597,.591,.795,.711,.669,G,johnske04
366,Mfiondu Kabengele,NJN,1,27,2019,Florida State,2019-20,22,LAC,12,0,0,64,14,32,5,12,9,20,5,5,1,10,11,2,2,2,2,9,42,.438,.417,.450,1.000,.614,.578,F,kabenmf01
367,Romeo Langford,BOS,1,14,2019,Indiana,2019-20,20,BOS,32,2,0,370,28,80,23,53,5,27,18,25,15,26,41,13,8,8,11,33,79,.350,.434,.185,.720,.434,.381,G,langfro01
368,Nassir Little,POR,1,25,2019,North Carolina,2019-20,19,POR,48,5,0,573,65,151,51,92,14,59,28,44,31,77,108,22,13,14,15,72,172,.430,.554,.237,.636,.505,.477,F,littlna01
369,Terance Mann,LAC,2,48,2019,Florida State,2019-20,23,LAC,41,6,0,362,37,79,30,59,7,20,18,27,10,45,55,53,11,5,18,46,99,.468,.508,.350,.667,.545,.513,G-F,mannte01
370,Cody Martin,CHA,2,36,2019,Nevada,2019-20,24,CHO,48,3,0,903,89,207,71,130,18,77,42,65,38,120,158,95,39,9,44,78,238,.430,.546,.234,.646,.505,.473,G-F,martico01
371,Jalen McDaniels,CHA,2,52,2019,San Diego State,2019-20,22,CHO,16,0,0,293,33,70,24,46,9,24,14,17,15,50,65,13,8,3,11,36,89,.471,.522,.375,.824,.574,.536,F,mcdanja01
372,Ja Morant,MEM,1,2,2019,Murray State,2019-20,20,MEM,67,67,0,2074,447,937,387,758,60,179,239,308,51,208,259,488,58,18,220,110,1193,.477,.511,.335,.776,.556,.509,G,moranja01
373,Jaylen Nowell,MIN,2,43,2019,Washington,2019-20,20,MIN,15,0,0,151,19,53,16,27,3,26,16,17,3,10,13,19,3,1,3,11,57,.358,.593,.115,.941,.471,.387,G,nowelja01
374,KZ Okpala,PHO,2,32,2019,Stanford,2019-20,20,MIA,5,0,0,26,3,5,3,4,0,1,1,2,1,4,5,1,2,1,1,2,7,.600,.750,.000,.500,.595,.600,F,okpalkz01
375,Miye Oni,GSW,2,58,2019,Yale,2019-20,22,UTA,10,1,0,109,12,32,5,13,7,19,4,5,5,12,17,4,4,2,4,9,35,.375,.385,.368,.800,.512,.484,G,onimi01
376,Eric Paschall,GSW,2,41,2019,Villanova,2019-20,23,GSW,60,26,0,1654,318,640,281,511,37,129,164,212,82,193,275,127,32,13,94,125,837,.497,.550,.287,.774,.571,.526,F,pascher01
377,Anžejs Pasečņiks,ORL,1,25,2017,,2019-20,24,WAS,27,0,0,437,61,116,61,113,0,3,34,58,42,65,107,18,9,12,24,75,156,.526,.540,.000,.586,.551,.526,C,pasecan01
378,Jordan Poole,GSW,1,28,2019,Michigan,2019-20,20,GSW,57,14,0,1274,167,502,93,237,74,265,95,119,9,109,118,134,35,10,74,94,503,.333,.392,.279,.798,.454,.406,G,poolejo01
379,Kevin Porter Jr.,MIL,1,30,2019,Southern California,2019-20,19,CLE,50,3,0,1162,186,421,133,263,53,158,73,101,22,140,162,109,46,14,93,135,498,.442,.506,.335,.723,.535,.505,G,porteke02
380,Michael Porter Jr.,DEN,1,14,2018,Missouri,2019-20,21,DEN,55,8,0,903,195,383,133,236,62,147,60,72,66,193,259,46,27,25,49,100,512,.509,.564,.422,.833,.617,.590,F,portemi01
381,Cam Reddish,ATL,1,10,2019,Duke,2019-20,20,ATL,58,34,0,1551,213,554,130,304,83,250,101,126,35,181,216,87,62,28,96,132,610,.384,.428,.332,.802,.500,.459,F,reddica01
382,Isaiah Roby,DET,2,45,2019,Nebraska,2019-20,21,OKC,3,0,0,11,0,1,0,1,0,0,0,0,0,2,2,0,0,0,1,1,0,.000,.000,,,.000,.000,F,robyis01
383,Luka Šamanić,SAS,1,19,2019,,2019-20,20,SAS,3,1,0,48,5,16,2,8,3,8,3,4,1,9,10,6,0,2,2,6,16,.313,.250,.375,.750,.450,.406,F,samanlu01
384,Admiral Schofield,PHI,2,42,2019,Tennessee,2019-20,22,WAS,33,2,0,368,35,92,16,31,19,61,10,15,7,40,47,15,8,4,7,50,99,.380,.516,.311,.667,.502,.484,G-F,schofad01
385,Marial Shayok,PHI,2,54,2019,Iowa State,2019-20,24,PHI,4,0,0,28,3,12,1,6,2,6,3,4,1,6,7,1,0,1,3,4,11,.250,.167,.333,.750,.400,.333,G,shayoma01
386,Alen Smailagić,NOH,2,39,2019,,2019-20,19,GSW,14,0,0,139,20,40,17,27,3,13,16,19,10,17,27,13,3,4,11,14,59,.500,.630,.231,.842,.610,.538,F,smailal01
387,Matisse Thybulle,BOS,1,20,2019,Washington,2019-20,22,PHI,65,14,0,1287,112,265,56,108,56,157,25,41,44,63,107,79,94,47,51,141,305,.423,.519,.357,.610,.539,.528,G,thybuma01
388,P.J. Washington,CHA,1,12,2019,Kentucky,2019-20,21,CHO,58,57,0,1759,268,589,182,359,86,230,88,136,58,258,316,123,51,44,93,158,710,.455,.507,.374,.647,.547,.528,F,washipj01
389,Tremont Waters,BOS,2,51,2019,Louisiana State,2019-20,22,BOS,11,1,0,119,14,49,10,25,4,24,8,8,0,12,12,16,10,2,15,13,40,.286,.400,.167,1.000,.381,.327,G,watertr01
390,Quinndary Weatherspoon,SAS,2,49,2019,Mississippi State,2019-20,23,SAS,11,0,0,78,5,17,4,12,1,5,1,2,1,6,7,11,3,1,5,8,12,.294,.333,.200,.500,.336,.324,G,weathqu01
391,Coby White,CHI,1,7,2019,North Carolina,2019-20,19,CHI,65,1,0,1674,312,792,179,416,133,376,102,129,28,202,230,175,49,6,109,117,859,.394,.430,.354,.791,.506,.478,G,whiteco01
392,Grant Williams,BOS,1,22,2019,Tennessee,2019-20,21,BOS,69,5,0,1043,87,211,63,115,24,96,39,54,59,119,178,68,30,36,50,163,237,.412,.548,.250,.722,.505,.469,F,willigr01
393,Nigel Williams-Goss,UTA,2,55,2017,Gonzaga,2019-20,25,UTA,10,0,0,50,5,16,3,9,2,7,2,2,2,4,6,6,3,1,3,6,14,.313,.333,.286,1.000,.415,.375,G,willini01
394,Zion Williamson,NOH,1,1,2019,Duke,2019-20,19,NOP,24,24,0,668,210,360,204,346,6,14,114,178,64,86,150,50,16,9,59,42,540,.583,.590,.429,.640,.616,.592,F-C,willizi01
395,Justin Wright-Foreman,UTA,2,53,2019,Hofstra,2019-20,22,UTA,4,0,0,45,7,20,5,10,2,10,3,4,0,5,5,7,2,0,3,5,19,.350,.500,.200,.750,.437,.400,G,wrighju02
396,Grayson Allen,UTA,1,21,2018,Duke,2018-19,23,UTA,38,2,0,416,67,178,35,79,32,99,45,60,3,20,23,25,6,6,33,47,211,.376,.443,.323,.750,.516,.466,G,allengr01
397,Kostas Antetokounmpo,PHI,2,60,2018,Dayton,2018-19,21,DAL,2,0,0,11,0,3,0,3,0,0,2,4,0,1,1,0,2,0,1,0,2,.000,.000,,.500,.210,.000,F,antetko01
398,Deandre Ayton,PHO,1,1,2018,Arizona,2018-19,20,PHO,71,70,0,2183,509,870,509,866,0,4,141,189,223,506,729,125,61,67,126,209,1159,.585,.588,.000,.746,.608,.585,C,aytonde01
399,Marvin Bagley III,SAC,1,2,2018,Duke,2018-19,19,SAC,62,4,0,1567,356,706,326,610,30,96,181,262,162,309,471,62,33,59,98,120,923,.504,.534,.313,.691,.562,.525,F-C,baglema01
400,Mo Bamba,ORL,1,6,2018,Texas,2018-19,20,ORL,47,1,0,766,117,243,96,173,21,70,37,63,64,169,233,39,13,64,43,102,292,.481,.555,.300,.587,.539,.525,C,bambamo01
401,Keita Bates-Diop,MIN,2,48,2018,Ohio State,2018-19,23,MIN,30,3,0,503,60,142,47,90,13,52,18,28,16,67,83,17,18,14,14,29,151,.423,.522,.250,.643,.489,.468,F,bateske01
402,Jaron Blossomgame,SAS,2,59,2017,Clemson,2018-19,25,CLE,27,4,0,439,47,106,37,67,10,39,10,13,26,72,98,13,7,8,11,20,114,.443,.552,.256,.769,.510,.491,F,blossja01
403,Jonah Bolden,PHI,2,36,2017,,2018-19,23,PHI,44,10,0,639,80,162,46,66,34,96,13,27,47,118,165,40,17,39,36,99,207,.494,.697,.354,.481,.595,.599,F,boldejo01
404,Isaac Bonga,PHI,2,39,2018,,2018-19,19,LAL,22,0,0,120,5,33,5,25,0,8,9,15,9,16,25,15,9,4,6,9,19,.152,.200,.000,.600,.240,.152,G,bongais01
405,Mikal Bridges,PHI,1,10,2018,Villanova,2018-19,22,PHO,82,56,0,2417,242,563,137,250,105,313,95,118,56,208,264,173,129,38,70,201,684,.430,.548,.335,.805,.556,.523,F-G,bridgmi01
406,Miles Bridges,LAC,1,12,2018,Michigan State,2018-19,20,CHO,80,25,0,1696,237,511,172,311,65,200,58,77,67,256,323,95,55,49,50,111,597,.464,.553,.325,.753,.548,.527,G-F,bridgmi02
407,Bruce Brown,DET,2,42,2018,Miami (FL),2018-19,22,DET,74,56,0,1449,125,314,101,221,24,93,45,60,48,137,185,91,40,36,46,178,319,.398,.457,.258,.750,.469,.436,G-F,brownbr01
408,Troy Brown Jr.,WAS,1,15,2018,Oregon,2018-19,19,WAS,52,10,0,730,97,234,75,165,22,69,32,47,35,110,145,80,21,5,30,56,248,.415,.455,.319,.681,.487,.462,G-F,browntr01
409,Jalen Brunson,DAL,2,33,2018,Villanova,2018-19,22,DAL,73,38,0,1591,264,565,201,384,63,181,87,120,25,144,169,230,37,4,88,127,678,.467,.523,.348,.725,.549,.523,G,brunsja01
410,Jevon Carter,MEM,2,32,2018,West Virginia,2018-19,23,MEM,39,3,0,577,56,185,22,83,34,102,26,32,14,52,66,69,26,11,33,55,172,.303,.265,.333,.813,.432,.395,G,carteje01
411,Wendell Carter Jr.,CHI,1,7,2018,Duke,2018-19,19,CHI,44,44,0,1110,180,371,174,339,6,32,89,112,87,220,307,78,26,58,65,152,455,.485,.513,.188,.795,.541,.493,C,cartewe01
412,Hamidou Diallo,NJN,2,45,2018,Kentucky,2018-19,20,OKC,51,3,0,526,75,165,71,141,4,24,36,59,38,59,97,17,21,10,23,77,190,.455,.504,.167,.610,.497,.467,G,diallha01
413,Donte DiVincenzo,MIL,1,17,2018,Villanova,2018-19,22,MIL,27,0,0,411,50,124,28,41,22,83,9,12,16,49,65,31,13,6,19,38,131,.403,.683,.265,.750,.507,.492,G,divindo01
414,Luka Dončić,ATL,1,3,2018,,2018-19,19,DAL,72,72,0,2318,506,1186,338,672,168,514,346,485,86,477,563,429,77,25,247,137,1526,.427,.503,.327,.713,.545,.497,G-F,doncilu01
415,Vince Edwards,UTA,2,52,2018,Purdue,2018-19,22,HOU,2,0,0,16,1,4,0,0,1,4,0,0,1,1,2,0,0,0,0,0,3,.250,,.250,,.375,.375,F,edwarvi01
416,Jacob Evans,GSW,1,28,2018,Cincinnati,2018-19,21,GSW,30,1,0,204,18,53,14,38,4,15,0,1,6,19,25,23,5,3,11,28,40,.340,.368,.267,.000,.374,.377,G-F,evansja02
417,Melvin Frazier,ORL,2,35,2018,Tulane,2018-19,22,ORL,10,0,0,44,7,21,7,15,0,6,1,4,3,2,5,1,1,0,1,6,15,.333,.467,.000,.250,.330,.333,G,frazime01
418,Harry Giles,POR,1,20,2017,Duke,2018-19,20,SAC,58,0,0,820,175,348,175,342,0,6,58,91,66,156,222,85,31,22,73,150,408,.503,.512,.000,.637,.526,.503,F-C,gilesha01
419,Shai Gilgeous-Alexander,CHA,1,11,2018,Kentucky,2018-19,20,LAC,82,73,0,2174,341,716,290,577,51,139,156,195,57,175,232,270,96,45,141,175,889,.476,.503,.367,.800,.554,.512,G,gilgesh01
420,Devonte' Graham,ATL,2,34,2018,Kansas,2018-19,23,CHO,46,3,0,676,74,216,40,95,34,121,35,46,10,53,63,121,23,2,30,48,217,.343,.421,.281,.761,.459,.421,G,grahade01
421,Isaiah Hartenstein,HOU,2,43,2017,,2018-19,20,HOU,28,0,0,221,20,41,18,35,2,6,11,14,21,26,47,15,7,12,13,56,53,.488,.514,.333,.786,.562,.512,F,harteis01
422,Aaron Holiday,IND,1,23,2018,UCLA,2018-19,22,IND,50,0,0,646,105,262,62,135,43,127,41,50,5,62,67,87,21,13,40,71,294,.401,.459,.339,.820,.518,.483,G,holidaa01
423,Kevin Huerter,ATL,1,19,2018,Maryland,2018-19,20,ATL,75,59,0,2048,275,657,139,304,136,353,41,56,60,185,245,214,65,25,109,155,727,.419,.457,.385,.732,.533,.522,G,huertke01
424,Chandler Hutchison,CHI,1,22,2018,Boise State,2018-19,22,CHI,44,14,0,895,96,209,82,159,14,50,23,38,31,154,185,34,23,6,25,59,229,.459,.516,.280,.605,.507,.493,G,hutchch01
425,Frank Jackson,CHA,2,31,2017,Duke,2018-19,20,NOP,61,16,0,1169,194,447,141,278,53,169,54,73,25,109,134,69,25,2,48,92,495,.434,.507,.314,.740,.517,.493,G,jacksfr01
426,Jaren Jackson Jr.,MEM,1,4,2018,Michigan State,2018-19,19,MEM,58,56,0,1515,298,589,247,447,51,142,151,197,73,199,272,64,52,82,98,220,798,.506,.553,.359,.766,.591,.549,F,jacksja02
427,Alize Johnson,IND,2,50,2018,Missouri State,2018-19,22,IND,14,0,0,64,4,16,3,14,1,2,4,8,4,15,19,1,1,3,0,7,13,.250,.214,.500,.500,.333,.281,F,johnsal02
428,George King,PHO,2,59,2018,Colorado,2018-19,25,PHO,1,0,0,6,0,0,0,0,0,0,0,0,0,1,1,0,0,0,0,0,0,,,,,,,G-F,kingge03
429,Kevin Knox,NYK,1,9,2018,Kentucky,2018-19,19,NYK,75,57,0,2158,338,914,213,550,125,364,162,226,61,274,335,82,43,24,114,175,963,.370,.387,.343,.717,.475,.438,F,knoxke01
430,Rodions Kurucs,NJN,2,40,2018,,2018-19,20,BRK,63,46,0,1294,202,449,144,265,58,184,72,92,56,190,246,52,41,25,77,146,534,.450,.543,.315,.783,.545,.514,F,kurucro01
431,De'Anthony Melton,HOU,2,46,2018,Southern California,2018-19,20,PHO,50,31,0,984,100,256,71,161,29,95,21,28,25,109,134,159,68,23,75,113,250,.391,.441,.305,.750,.466,.447,G,meltode01
432,Chimezie Metu,SAS,2,49,2018,Southern California,2018-19,21,SAS,29,0,0,145,19,58,19,56,0,2,13,17,9,27,36,13,6,2,15,14,51,.328,.339,.000,.765,.389,.328,F-C,metuch01
433,Shake Milton,DAL,2,54,2018,SMU,2018-19,22,PHI,20,0,0,268,34,87,20,43,14,44,5,7,9,26,35,18,8,8,6,29,87,.391,.465,.318,.714,.483,.471,G,miltosh01
434,Džanan Musa,NJN,1,29,2018,,2018-19,19,BRK,9,0,0,39,9,22,8,12,1,10,0,2,1,4,5,2,2,0,4,1,19,.409,.667,.100,.000,.415,.432,G-F,musadz01
435,Svi Mykhailiuk,LAL,2,47,2018,Kansas,2018-19,21,DETLAL,42,0,0,440,46,140,17,51,29,89,12,20,9,27,36,37,14,1,21,25,133,.329,.333,.326,.600,.447,.432,G-F,mykhasv01
436,Elie Okobo,PHO,2,31,2018,,2018-19,21,PHO,53,16,0,958,114,290,75,158,39,132,37,47,12,86,98,127,32,7,69,109,304,.393,.475,.295,.787,.489,.460,G,okoboel01
437,Josh Okogie,MIN,1,20,2018,Georgia Tech,2018-19,20,MIN,74,52,0,1757,196,508,136,293,60,215,118,162,41,177,218,91,88,33,63,166,570,.386,.464,.279,.728,.492,.445,G,okogijo01
438,Jerome Robinson,LAC,1,13,2018,Boston College,2018-19,21,LAC,33,0,0,320,44,110,26,53,18,57,6,9,3,38,41,19,11,3,13,46,112,.400,.491,.316,.667,.491,.482,G,robinje01
439,Mitchell Robinson,NYK,2,36,2018,,2018-19,20,NYK,66,19,0,1360,202,291,202,291,0,0,81,135,177,246,423,37,52,161,35,217,485,.694,.694,,.600,.692,.694,C,robinmi01
440,Collin Sexton,CLE,1,8,2018,Alabama,2018-19,20,CLE,82,72,0,2605,519,1206,400,910,119,296,214,255,57,179,236,243,44,6,185,186,1371,.430,.440,.402,.839,.520,.480,G,sextoco01
441,Landry Shamet,PHI,1,26,2018,Wichita State,2018-19,21,LACPHI,79,27,0,1802,240,557,73,161,167,396,75,93,21,113,134,117,37,10,45,155,722,.431,.453,.422,.806,.604,.581,G,shamela01
442,Anfernee Simons,POR,1,24,2018,,2018-19,19,POR,20,1,0,141,28,63,18,34,10,29,9,16,3,10,13,13,1,0,11,9,75,.444,.529,.345,.563,.535,.524,G,simonan01
443,Zhaire Smith,PHO,1,16,2018,Texas Tech,2018-19,19,PHI,6,2,0,111,14,34,8,18,6,16,6,8,3,10,13,10,2,2,6,8,40,.412,.444,.375,.750,.533,.500,G,smithzh01
444,Ray Spalding,PHI,2,56,2018,Louisville,2018-19,21,DALPHO,14,3,0,148,25,47,25,44,0,3,4,12,15,33,48,5,9,8,9,23,54,.532,.568,.000,.333,.516,.532,F,spaldra01
445,Omari Spellman,ATL,1,30,2018,Villanova,2018-19,21,ATL,46,11,0,805,98,244,54,116,44,128,32,45,72,122,194,47,26,25,31,67,272,.402,.466,.344,.711,.516,.492,F,spellom01
446,Khyri Thomas,PHI,2,38,2018,Creighton,2018-19,22,DET,26,0,0,195,22,69,12,34,10,35,7,11,4,16,20,8,7,5,4,22,61,.319,.353,.286,.636,.413,.391,G,thomakh01
447,Gary Trent Jr.,SAC,2,37,2018,Duke,2018-19,20,POR,15,1,0,111,16,50,11,29,5,21,3,7,1,10,11,5,1,2,4,4,40,.320,.379,.238,.429,.377,.370,G,trentga02
448,Jarred Vanderbilt,ORL,2,41,2018,Kentucky,2018-19,19,DEN,17,0,0,69,9,19,9,18,0,1,6,10,7,16,23,3,6,1,8,8,24,.474,.500,.000,.600,.513,.474,F,vandeja01
449,Moritz Wagner,LAL,1,25,2018,Michigan,2018-19,21,LAL,43,5,0,446,71,171,49,94,22,77,43,53,17,68,85,24,11,13,39,57,207,.415,.521,.286,.811,.533,.480,F-C,wagnemo01
450,Lonnie Walker IV,SAS,1,18,2018,Miami (FL),2018-19,20,SAS,17,0,0,118,16,46,11,33,5,13,8,10,0,17,17,9,7,3,4,7,45,.348,.333,.385,.800,.446,.402,G,walkelo01
451,Thomas Welsh,DEN,2,58,2018,UCLA,2018-19,22,DEN,11,0,0,36,7,13,4,6,3,7,1,2,0,4,4,5,0,0,1,3,18,.538,.667,.429,.500,.648,.654,C,welshth01
452,Robert Williams,BOS,1,27,2018,Texas A&M,2018-19,21,BOS,32,2,0,283,36,51,36,51,0,0,9,15,27,54,81,7,9,40,10,36,81,.706,.706,,.600,.703,.706,C-F,williro04
453,Trae Young,DAL,1,5,2018,Oklahoma,2018-19,20,ATL,81,81,0,2503,525,1256,369,774,156,482,343,414,64,237,301,653,72,15,308,140,1549,.418,.477,.324,.829,.539,.480,G,youngtr01
454,Bam Adebayo,MIA,1,14,2017,Kentucky,2017-18,20,MIA,69,19,0,1368,174,340,174,333,0,7,129,179,118,263,381,101,32,41,66,138,477,.512,.523,.000,.721,.570,.512,C-F,adebaba01
455,Jarrett Allen,NJN,1,22,2017,Texas,2017-18,19,BRK,72,31,0,1441,234,397,229,382,5,15,114,147,144,244,388,49,28,88,82,147,587,.589,.599,.333,.776,.636,.596,C-F,allenja01
456,Kadeem Allen,BOS,2,53,2017,Arizona,2017-18,25,BOS,18,1,0,107,6,22,6,11,0,11,7,9,4,7,11,12,3,2,9,15,19,.273,.545,.000,.778,.366,.273,G,allenka01
457,Ike Anigbogu,IND,2,47,2017,UCLA,2017-18,19,IND,11,0,0,30,4,9,4,9,0,0,5,6,5,4,9,0,1,3,2,1,13,.444,.444,,.833,.558,.444,F-C,anigbik01
458,OG Anunoby,TOR,1,23,2017,Indiana,2017-18,20,TOR,74,62,0,1481,163,346,90,149,73,197,39,62,44,140,184,55,52,14,45,130,438,.471,.604,.371,.629,.587,.577,F,anunoog01
459,Dwayne Bacon,NOH,2,40,2017,Florida State,2017-18,22,CHO,53,6,0,713,72,192,61,149,11,43,20,25,4,120,124,38,16,2,23,46,175,.375,.409,.256,.800,.431,.404,G,bacondw01
460,Lonzo Ball,LAL,1,2,2017,UCLA,2017-18,20,LAL,52,50,0,1780,203,564,113,269,90,295,32,71,69,291,360,376,88,43,136,117,528,.360,.420,.305,.451,.444,.440,G,balllo01
461,Jordan Bell,CHI,2,38,2017,Oregon,2017-18,23,GSW,57,13,0,809,116,185,116,181,0,4,30,44,60,147,207,102,35,56,51,92,262,.627,.641,.000,.682,.641,.627,F,belljo01
462,Jabari Bird,BOS,2,56,2017,California,2017-18,23,BOS,13,1,0,115,15,26,12,19,3,7,6,13,6,13,19,8,3,1,8,7,39,.577,.632,.429,.462,.615,.635,G,birdja01
463,Bogdan Bogdanović,PHO,1,27,2014,,2017-18,25,SAC,78,52,0,2175,344,772,215,443,129,329,100,119,31,192,223,258,72,16,125,172,917,.446,.485,.392,.840,.556,.529,G,bogdabo01
464,Tony Bradley,LAL,1,28,2017,North Carolina,2017-18,20,UTA,9,0,0,29,3,11,3,10,0,1,2,2,4,7,11,1,0,0,0,1,8,.273,.300,.000,1.000,.337,.273,F-C,bradlto01
465,Dillon Brooks,HOU,2,45,2017,Oregon,2017-18,22,MEM,82,74,0,2350,340,772,246,508,94,264,124,166,49,208,257,135,73,17,124,233,898,.440,.484,.356,.747,.531,.501,F-G,brookdi01
466,Sterling Brown,PHI,2,46,2017,SMU,2017-18,22,MIL,54,4,0,776,82,205,50,114,32,91,21,24,27,116,143,25,31,13,25,80,217,.400,.439,.352,.875,.503,.478,G,brownst02
467,Thomas Bryant,UTA,2,42,2017,Indiana,2017-18,20,LAL,15,0,0,72,8,21,7,11,1,10,5,9,3,14,17,6,1,2,2,6,22,.381,.636,.100,.556,.441,.405,C,bryanth01
468,John Collins,ATL,1,19,2017,Wake Forest,2017-18,20,ATL,74,26,0,1785,314,545,298,498,16,47,133,186,176,365,541,98,47,80,105,215,777,.576,.598,.340,.715,.620,.591,F,collijo01
469,Zach Collins,SAC,1,10,2017,Gonzaga,2017-18,20,POR,66,1,0,1045,115,289,80,176,35,113,27,42,45,176,221,52,17,31,58,133,292,.398,.455,.310,.643,.475,.458,C-F,colliza01
470,Tyler Dorsey,ATL,2,41,2017,Oregon,2017-18,21,ATL,56,5,0,974,144,382,72,183,72,199,45,63,17,113,130,79,17,5,37,63,405,.377,.393,.362,.714,.494,.471,G,dorsety01
471,Damyean Dotson,NYK,2,44,2017,Oregon,2017-18,23,NYK,44,2,0,474,72,161,50,93,22,68,16,23,9,75,84,31,12,2,17,34,182,.447,.538,.324,.696,.532,.516,G,dotsoda01
472,Jawun Evans,PHI,2,39,2017,Oklahoma State,2017-18,21,LAC,48,4,0,778,89,253,74,199,15,54,38,49,9,75,84,100,36,6,44,97,231,.352,.372,.278,.776,.421,.381,G,evansja01
473,Terrance Ferguson,OKC,1,21,2017,,2017-18,19,OKC,61,12,0,763,70,169,30,49,40,120,9,10,19,28,47,19,24,10,11,83,189,.414,.612,.333,.900,.545,.533,G-F,fergute01
474,De'Aaron Fox,SAC,1,5,2017,Kentucky,2017-18,20,SAC,73,61,0,2026,328,797,281,644,47,153,141,195,33,171,204,320,70,20,173,163,844,.412,.436,.307,.723,.478,.441,G,foxde01
475,Markelle Fultz,PHI,1,1,2017,Washington,2017-18,19,PHI,14,0,0,253,45,111,45,110,0,1,10,21,11,32,43,53,12,4,17,22,100,.405,.409,.000,.476,.416,.405,G,fultzma01
476,Daniel Hamilton,DEN,2,56,2016,Connecticut,2017-18,22,OKC,6,0,0,28,5,11,3,6,2,5,0,0,0,5,5,8,1,0,2,2,12,.455,.500,.400,,.545,.545,G-F,hamilda02
477,Josh Hart,UTA,1,30,2017,Villanova,2017-18,22,LAL,63,23,0,1461,176,375,98,178,78,197,66,94,42,221,263,80,47,16,47,107,496,.469,.551,.396,.702,.596,.573,G,hartjo01
478,Jonathan Isaac,ORL,1,6,2017,Florida State,2017-18,20,ORL,27,10,0,536,55,145,39,99,16,46,19,25,16,83,99,18,33,30,27,48,145,.379,.394,.348,.760,.465,.434,F,isaacjo01
479,Wes Iwundu,ORL,2,33,2017,Kansas State,2017-18,23,ORL,62,12,0,1020,93,218,84,172,9,46,34,47,36,101,137,57,33,12,30,81,229,.427,.488,.196,.723,.480,.447,F,iwundwe01
480,Josh Jackson,PHO,1,4,2017,Kansas,2017-18,20,PHO,77,35,0,1959,389,932,332,715,57,217,177,279,95,256,351,119,80,35,146,218,1012,.417,.464,.263,.634,.480,.448,F-G,jacksjo02
481,Justin Jackson,POR,1,15,2017,North Carolina,2017-18,22,SAC,68,41,0,1506,185,419,128,234,57,185,26,36,27,160,187,74,28,13,40,81,453,.442,.547,.308,.722,.521,.510,G-F,jacksju01
482,Dakari Johnson,OKC,2,48,2015,Kentucky,2017-18,22,OKC,31,6,0,161,22,39,22,39,0,0,11,20,16,18,34,8,6,8,3,27,55,.564,.564,,.550,.575,.564,C,johnsda04
483,Luke Kennard,DET,1,12,2017,Duke,2017-18,21,DET,73,9,0,1463,206,465,125,270,81,195,65,76,21,155,176,124,44,13,69,86,558,.443,.463,.415,.855,.560,.530,G,kennalu01
484,Furkan Korkmaz,PHI,1,26,2016,,2017-18,20,PHI,14,0,0,80,8,28,3,11,5,17,2,4,2,9,11,4,2,1,2,12,23,.286,.273,.294,.500,.386,.375,G,korkmfu01
485,Kyle Kuzma,NJN,1,27,2017,Utah,2017-18,22,LAL,77,37,0,2401,468,1039,309,605,159,434,147,208,88,395,483,141,49,34,140,160,1242,.450,.511,.366,.707,.549,.527,F,kuzmaky01
486,T.J. Leaf,IND,1,18,2017,UCLA,2017-18,20,IND,53,0,0,459,64,136,46,94,18,42,10,16,29,53,82,9,5,4,10,45,156,.471,.489,.429,.625,.545,.537,F,leaftj01
487,Tyler Lydon,UTA,1,24,2017,Syracuse,2017-18,21,DEN,1,0,0,2,0,0,0,0,0,0,0,0,0,0,0,0,0,0,0,0,0,,,,,,,F,lydonty01
488,Lauri Markkanen,MIN,1,7,2017,Arizona,2017-18,20,CHI,68,68,0,2020,374,862,229,461,145,401,140,166,79,429,508,79,39,40,83,103,1033,.434,.497,.362,.843,.552,.518,F-C,markkla01
489,Frank Mason III,SAC,2,34,2017,Kansas,2017-18,23,SAC,52,2,0,984,144,380,113,294,31,86,94,115,30,100,130,147,34,10,65,72,413,.379,.384,.360,.817,.480,.420,G,masonfr01
490,Donovan Mitchell,DEN,1,13,2017,Louisville,2017-18,21,UTA,79,71,0,2638,595,1362,408,812,187,550,239,297,52,244,296,291,118,27,215,213,1616,.437,.502,.340,.805,.541,.506,G,mitchdo01
491,Malik Monk,CHA,1,11,2017,Kentucky,2017-18,19,CHO,63,0,0,854,153,425,70,182,83,243,32,38,8,58,66,91,20,9,49,60,421,.360,.385,.342,.842,.477,.458,G,monkma01
492,Monte Morris,DEN,2,51,2017,Iowa State,2017-18,22,DEN,3,0,0,25,4,6,4,5,0,1,2,2,0,2,2,7,3,0,1,1,10,.667,.800,.000,1.000,.727,.667,G,morrimo01
493,Abdel Nader,BOS,2,58,2016,Iowa State,2017-18,24,BOS,48,1,0,522,50,149,27,84,23,65,23,39,13,58,71,26,15,10,34,45,146,.336,.321,.354,.590,.439,.413,F,naderab01
494,Frank Ntilikina,NYK,1,8,2017,,2017-18,19,NYK,78,9,0,1706,182,500,132,343,50,157,49,68,37,140,177,250,65,18,131,181,463,.364,.385,.318,.721,.437,.414,G,ntilila01
495,Semi Ojeleye,BOS,2,37,2017,SMU,2017-18,23,BOS,73,0,0,1150,65,188,25,63,40,125,25,41,37,124,161,20,21,4,25,91,195,.346,.397,.320,.610,.473,.452,F,ojelese01
496,Cedi Osman,MIN,2,31,2015,,2017-18,22,CLE,61,12,0,672,90,186,58,99,32,87,26,46,19,101,120,41,22,3,32,78,238,.484,.586,.368,.565,.577,.570,F,osmande01
497,Marcus Paige,NJN,2,55,2016,North Carolina,2017-18,24,CHO,5,0,0,28,4,14,2,6,2,8,2,2,0,4,4,3,0,0,0,0,12,.286,.333,.250,1.000,.403,.357,G,paigema01
498,Justin Patton,CHI,1,16,2017,Creighton,2017-18,20,MIN,1,0,0,4,1,2,1,2,0,0,0,0,0,0,0,0,1,0,0,1,2,.500,.500,,,.500,.500,C,pattoju01
499,Alec Peters,PHO,2,54,2017,Valparaiso,2017-18,22,PHO,20,0,0,225,28,74,10,16,18,58,8,10,8,29,37,12,2,2,4,13,82,.378,.625,.310,.800,.523,.500,F,peteral01
500,Zhou Qi,HOU,2,43,2016,,2017-18,22,HOU,18,0,0,124,6,32,4,13,2,19,8,12,6,16,22,2,2,14,10,14,22,.188,.308,.105,.667,.295,.219,F-C,qizh01
501,Ivan Rabb,ORL,2,35,2017,California,2017-18,20,MEM,36,5,0,516,86,152,86,152,0,0,29,36,53,105,158,32,12,13,35,55,201,.566,.566,,.806,.599,.566,F,rabbiv01
502,Davon Reed,PHO,2,32,2017,Miami (FL),2017-18,22,PHO,21,1,0,242,22,76,11,38,11,38,8,12,2,37,39,13,10,2,10,17,63,.289,.289,.289,.667,.388,.362,G,reedda01
503,Ben Simmons,PHI,1,1,2016,Louisiana State,2017-18,21,PHI,81,81,0,2732,544,998,544,987,0,11,191,341,145,514,659,661,140,70,278,211,1279,.545,.551,.000,.560,.557,.545,G-F,simmobe01
504,Dennis Smith Jr.,DAL,1,9,2017,NC State,2017-18,20,DAL,69,69,0,2049,404,1024,298,685,106,339,134,193,50,210,260,358,71,18,194,152,1048,.395,.435,.313,.694,.473,.446,G,smithde03
505,Edmond Sumner,NOH,2,52,2017,Xavier,2017-18,22,IND,1,0,0,2,1,1,1,1,0,0,0,0,0,1,1,0,0,0,0,1,2,1.000,1.000,,,1.000,1.000,G,sumneed01
506,Caleb Swanigan,POR,1,26,2017,Purdue,2017-18,20,POR,27,3,0,189,24,60,23,52,1,8,12,18,15,39,54,14,5,3,18,37,61,.400,.442,.125,.667,.449,.408,F,swanica01
507,Jayson Tatum,BOS,1,3,2017,Duke,2017-18,19,BOS,80,80,0,2443,397,835,292,593,105,242,213,258,50,352,402,128,83,58,114,170,1112,.475,.492,.434,.826,.586,.538,F,tatumja01
508,Sindarius Thornwell,MIL,2,48,2017,South Carolina,2017-18,23,LAC,73,16,0,1156,100,233,77,172,23,61,59,88,33,107,140,68,48,25,53,125,282,.429,.448,.377,.670,.519,.479,G,thornsi01
509,Tyrone Wallace,UTA,2,60,2016,California,2017-18,23,LAC,30,19,0,851,110,247,100,207,10,40,61,78,21,84,105,71,27,13,46,83,291,.445,.483,.250,.782,.517,.466,G,wallaty01
510,Derrick White,SAS,1,29,2017,Colorado,2017-18,23,SAS,17,0,0,139,16,33,8,20,8,13,14,20,5,21,26,9,4,3,6,8,54,.485,.400,.615,.700,.646,.606,G,whitede01
511,D.J. Wilson,MIL,1,17,2017,Michigan,2017-18,21,MIL,22,0,0,71,9,16,7,11,2,5,1,2,2,8,10,3,3,1,4,7,21,.563,.636,.400,.500,.622,.625,F,wilsodj01
512,Guerschon Yabusele,BOS,1,16,2016,,2017-18,22,BOS,33,4,0,235,26,61,14,24,12,37,15,22,17,35,52,16,4,5,12,23,79,.426,.583,.324,.682,.559,.525,F-C,yabusgu01
513,Ante Žižić,BOS,1,23,2016,,2017-18,21,CLE,32,2,0,214,49,67,49,67,0,0,21,29,24,36,60,5,2,13,11,30,119,.731,.731,,.724,.746,.731,F-C,zizican01
514,Álex Abrines,OKC,2,32,2013,,2016-17,23,OKC,68,6,0,1055,134,341,40,94,94,247,44,49,18,68,86,40,37,8,33,114,406,.393,.426,.381,.898,.560,.531,G-F,abrinal01
515,Wade Baldwin,MEM,1,17,2016,Vanderbilt,2016-17,20,MEM,33,1,0,405,36,115,33,93,3,22,31,37,11,35,46,61,18,7,39,40,106,.313,.355,.136,.838,.404,.326,G,baldwwa01
516,Malik Beasley,DEN,1,19,2016,Florida State,2016-17,20,DEN,22,1,0,165,33,73,24,45,9,28,8,10,5,12,17,11,7,0,8,10,83,.452,.533,.321,.800,.536,.514,G,beaslma01
517,DeAndre' Bembry,ATL,1,21,2016,Saint Joseph's,2016-17,22,ATL,38,1,0,371,47,98,46,80,1,18,6,16,14,45,59,28,8,5,16,21,101,.480,.575,.056,.375,.481,.485,F,bembrde01
518,Dragan Bender,PHO,1,4,2016,,2016-17,19,PHO,43,0,0,574,57,161,29,60,28,101,4,11,23,80,103,23,10,22,32,74,146,.354,.483,.277,.364,.440,.441,F,bendedr01
519,Ben Bentil,BOS,2,51,2016,Providence,2016-17,21,DAL,3,0,0,10,0,3,0,2,0,1,0,0,0,2,2,0,0,0,1,1,0,.000,.000,.000,,.000,.000,F,bentibe01
520,Dāvis Bertāns,IND,2,42,2011,,2016-17,24,SAS,67,6,0,808,103,234,34,61,69,173,28,34,22,76,98,46,20,28,32,75,303,.440,.557,.399,.824,.609,.588,F,bertada01
521,Joel Bolomboy,UTA,2,52,2016,Weber State,2016-17,23,UTA,12,0,0,53,9,16,8,12,1,4,3,6,4,13,17,2,1,2,2,1,22,.563,.667,.250,.500,.590,.594,F,bolomjo01
522,Malcolm Brogdon,MIL,2,36,2016,Virginia,2016-17,24,MIL,75,28,0,1982,290,635,212,442,78,193,109,126,47,166,213,317,84,12,113,140,767,.457,.480,.404,.865,.555,.518,G,brogdma01
523,Jaylen Brown,BOS,1,3,2016,California,2016-17,20,BOS,78,20,0,1341,192,423,146,288,46,135,85,124,45,175,220,64,35,18,68,142,515,.454,.507,.341,.685,.539,.508,F-G,brownja02
524,Marquese Chriss,SAC,1,8,2016,Washington,2016-17,19,PHO,82,75,0,1743,284,632,212,408,72,224,113,181,96,252,348,60,67,70,108,263,753,.449,.520,.321,.624,.529,.506,F,chrisma01
525,Semaj Christon,MIA,2,55,2014,Xavier,2016-17,24,OKC,64,1,0,973,77,223,65,160,12,63,17,31,19,68,87,130,28,7,43,79,183,.345,.406,.190,.548,.387,.372,G,chrisse01
526,Deyonta Davis,BOS,2,31,2016,Michigan State,2016-17,20,MEM,36,0,0,238,24,47,24,47,0,0,10,18,20,40,60,2,3,17,8,40,58,.511,.511,,.556,.528,.511,C-F,davisde01
527,Cheick Diallo,LAC,2,33,2016,Kansas,2016-17,20,NOP,17,0,0,199,36,76,36,76,0,0,15,21,23,50,73,4,4,7,7,17,87,.474,.474,,.714,.510,.474,F,diallch01
528,Kris Dunn,MIN,1,5,2016,Providence,2016-17,22,MIN,78,7,0,1333,118,313,97,240,21,73,36,59,24,142,166,188,78,36,89,178,293,.377,.404,.288,.610,.432,.411,G,dunnkr01
529,Henry Ellenson,DET,1,18,2016,Marquette,2016-17,20,DET,19,2,0,146,23,64,13,29,10,35,4,8,8,33,41,7,1,1,14,6,60,.359,.448,.286,.500,.444,.438,F,ellenhe01
530,Joel Embiid,PHI,1,3,2014,Kansas,2016-17,22,PHI,31,31,0,786,200,429,164,331,36,98,191,244,61,182,243,66,27,76,117,112,627,.466,.495,.367,.783,.584,.508,C,embiijo01
531,Kay Felder,ATL,2,54,2016,Oakland,2016-17,21,CLE,42,0,0,386,62,158,55,136,7,22,35,49,3,38,41,58,18,7,30,38,166,.392,.404,.318,.714,.462,.415,G,feldeka01
532,Michael Gbinije,DET,2,49,2016,Syracuse,2016-17,24,DET,9,0,0,32,1,10,1,6,0,4,2,2,2,1,3,2,0,0,0,2,4,.100,.167,.000,1.000,.184,.100,G,gbinimi01
533,A.J. Hammons,DAL,2,46,2016,Purdue,2016-17,24,DAL,22,0,0,163,17,42,12,32,5,10,9,20,8,28,36,4,1,13,10,21,48,.405,.375,.500,.450,.472,.464,C,hammoaj01
534,Andrew Harrison,PHO,2,44,2015,Kentucky,2016-17,22,MEM,72,18,0,1474,117,360,74,204,43,156,148,194,23,113,136,198,53,21,85,194,425,.325,.363,.276,.763,.477,.385,G,harrian01
535,Juancho Hernangómez,DEN,1,15,2016,,2016-17,21,DEN,62,9,0,842,101,224,55,111,46,113,57,76,43,144,187,29,30,12,31,62,305,.451,.495,.407,.750,.592,.554,F,hernaju01
536,Willy Hernangómez,PHI,2,35,2015,,2016-17,22,NYK,72,22,0,1324,246,465,242,450,4,15,91,125,170,332,502,96,41,36,100,150,587,.529,.538,.267,.728,.564,.533,C,hernawi01
537,Buddy Hield,NOH,1,6,2016,Oklahoma,2016-17,24,NOPSAC,82,55,0,1888,327,767,179,388,148,379,64,76,35,234,269,121,38,9,101,115,866,.426,.461,.391,.842,.541,.523,G-F,hieldbu01
538,Brandon Ingram,LAL,1,2,2016,Duke,2016-17,19,LAL,79,40,0,2279,276,686,221,499,55,187,133,214,60,256,316,166,50,36,116,158,740,.402,.443,.294,.621,.474,.442,F,ingrabr01
539,Demetrius Jackson,BOS,2,45,2016,Notre Dame,2016-17,22,BOS,5,0,0,17,3,4,2,3,1,1,3,6,2,2,4,3,0,0,0,0,10,.750,.667,1.000,.500,.753,.875,G,jacksde01
540,Pierre Jackson,PHI,2,42,2013,Baylor,2016-17,25,DAL,8,1,0,84,13,39,10,28,3,11,6,7,1,8,9,19,2,0,3,5,35,.333,.357,.273,.857,.416,.372,G,jackspi01
541,Brice Johnson,LAC,1,25,2016,North Carolina,2016-17,22,LAC,3,0,0,9,2,7,2,7,0,0,0,0,1,2,3,1,2,1,1,0,4,.286,.286,,,.286,.286,F,johnsbr02
542,Damian Jones,GSW,1,30,2016,Vanderbilt,2016-17,21,GSW,10,0,0,85,8,16,8,16,0,0,3,10,9,14,23,0,1,4,6,15,19,.500,.500,,.300,.466,.500,F-C,jonesda03
543,Skal Labissière,PHO,1,28,2016,Kentucky,2016-17,20,SAC,33,12,0,612,117,218,114,210,3,8,52,74,51,111,162,27,16,13,37,64,289,.537,.543,.375,.703,.577,.544,F,labissk01
544,Jake Layman,ORL,2,47,2016,Maryland,2016-17,22,POR,35,1,0,249,26,89,13,38,13,51,13,17,6,18,24,11,9,3,11,22,78,.292,.342,.255,.765,.404,.365,F,laymaja01
545,Caris LeVert,IND,1,20,2016,Michigan,2016-17,22,BRK,57,26,0,1237,171,380,112,196,59,184,67,93,23,165,188,110,49,8,59,91,468,.450,.571,.321,.720,.556,.528,G-F,leverca01
546,Timothé Luwawu-Cabarrot,PHI,1,24,2016,,2016-17,21,PHI,69,19,0,1190,145,361,95,200,50,161,105,123,25,124,149,75,32,10,73,154,445,.402,.475,.311,.854,.536,.471,F,luwawti01
547,Thon Maker,MIL,1,10,2016,,2016-17,19,MIL,57,34,0,562,83,181,55,107,28,74,32,49,40,74,114,23,10,26,17,84,226,.459,.514,.378,.653,.558,.536,F-C,makerth01
548,Patrick McCaw,MIL,2,38,2016,UNLV,2016-17,21,GSW,71,20,0,1074,106,245,65,122,41,123,29,37,21,79,100,77,32,15,36,62,282,.433,.533,.333,.784,.540,.516,G,mccawpa01
549,Dejounte Murray,SAS,1,29,2016,Washington,2016-17,20,SAS,38,8,0,322,50,116,41,93,9,23,21,30,6,36,42,48,8,6,38,29,130,.431,.441,.391,.700,.503,.470,G,murrade01
550,Jamal Murray,DEN,1,7,2016,Kentucky,2016-17,19,DEN,82,10,0,1764,295,730,180,386,115,344,106,120,41,173,214,170,51,24,113,124,811,.404,.466,.334,.883,.518,.483,G,murraja01
551,Georges Niang,IND,2,50,2016,Iowa State,2016-17,23,IND,23,0,0,93,9,36,8,24,1,12,2,2,2,15,17,5,3,0,5,6,21,.250,.333,.083,1.000,.285,.264,F,niangge01
552,Chinanu Onuaku,HOU,2,37,2016,Louisville,2016-17,20,HOU,5,1,0,52,5,7,5,7,0,0,4,4,2,8,10,3,3,1,4,6,14,.714,.714,,1.000,.799,.714,F-C,onuakch01
553,Georgios Papagiannis,PHO,1,13,2016,,2016-17,19,SAC,22,0,0,355,56,102,56,100,0,2,12,14,24,62,86,20,3,17,24,44,124,.549,.560,.000,.857,.573,.549,C,papagge01
554,Jakob Poeltl,TOR,1,9,2016,Utah,2016-17,21,TOR,54,4,0,626,67,115,67,115,0,0,31,57,78,87,165,12,17,20,29,113,165,.583,.583,,.544,.589,.583,C,poeltja01
555,Taurean Prince,UTA,1,12,2016,Baylor,2016-17,22,ATL,59,10,0,981,114,285,81,183,33,102,74,94,25,132,157,55,43,27,61,96,335,.400,.443,.324,.787,.513,.458,F,princta02
556,Malachi Richardson,CHA,1,22,2016,Syracuse,2016-17,21,SAC,22,0,0,198,28,68,20,40,8,28,15,19,3,20,23,11,5,1,8,23,79,.412,.500,.286,.789,.517,.471,G,richama01
557,Domantas Sabonis,ORL,1,11,2016,Gonzaga,2016-17,20,OKC,81,66,0,1632,192,481,141,322,51,159,44,67,46,242,288,82,39,32,83,200,479,.399,.438,.321,.657,.469,.452,C-F,sabondo01
558,Dario Šarić,ORL,1,12,2014,,2016-17,22,PHI,81,36,0,2129,381,927,275,586,106,341,172,220,112,401,513,182,57,30,183,162,1040,.411,.469,.311,.782,.508,.468,F-C,saricda01
559,Tomáš Satoranský,WAS,2,32,2012,,2016-17,25,WAS,57,3,0,719,61,147,52,110,9,37,23,33,25,58,83,92,26,6,38,60,154,.415,.473,.243,.697,.477,.446,G,satorto01
560,Pascal Siakam,TOR,1,27,2016,New Mexico State,2016-17,22,TOR,55,38,0,859,103,205,102,198,1,7,22,32,64,121,185,17,26,45,33,109,229,.502,.515,.143,.688,.523,.505,F-C,siakapa01
561,Diamond Stone,NOH,2,40,2016,Maryland,2016-17,19,LAC,7,0,0,24,3,13,3,13,0,0,4,4,1,5,6,0,0,1,2,5,10,.231,.231,,1.000,.339,.231,C,stonedi01
562,Tyler Ulis,PHO,2,34,2016,Kentucky,2016-17,21,PHO,61,15,0,1123,184,437,163,358,21,79,55,71,20,75,95,226,48,5,77,73,444,.421,.455,.266,.775,.474,.445,G,ulisty01
563,Denzel Valentine,CHI,1,14,2016,Michigan State,2016-17,23,CHI,57,0,0,976,102,288,29,80,73,208,14,18,11,140,151,63,30,7,49,86,291,.354,.363,.351,.778,.492,.481,G,valende01
564,Isaiah Whitehead,UTA,2,42,2016,Seton Hall,2016-17,21,BRK,73,26,0,1643,204,508,160,359,44,149,91,113,32,152,184,192,42,36,142,175,543,.402,.446,.295,.805,.487,.445,G,whiteis01
565,Stephen Zimmerman,ORL,2,41,2016,UNLV,2016-17,20,ORL,19,0,0,108,10,31,10,31,0,0,3,5,11,24,35,4,2,5,3,17,23,.323,.323,,.600,.346,.323,C,zimmest01
566,Paul Zipser,CHI,2,48,2016,,2016-17,22,CHI,44,18,0,843,88,221,55,122,33,99,31,40,15,110,125,36,15,16,40,78,240,.398,.451,.333,.775,.503,.473,G-F,zipsepa01
567,Ivica Zubac,LAL,2,32,2016,,2016-17,19,LAL,38,11,0,609,126,238,126,235,0,3,32,49,41,118,159,30,14,33,30,66,284,.529,.536,.000,.653,.547,.529,C,zubaciv01
568,Justin Anderson,DAL,1,21,2015,Virginia,2015-16,22,DAL,55,9,0,647,71,175,49,92,22,83,44,55,18,114,132,29,19,25,24,45,208,.406,.533,.265,.800,.522,.469,G,anderju01
569,Thanasis Antetokounmpo,NYK,2,51,2014,,2015-16,23,NYK,2,0,0,6,3,4,3,3,0,1,0,0,0,1,1,0,0,0,0,2,6,.750,1.000,.000,,.750,.750,F,antetth01
570,Nemanja Bjelica,WAS,2,35,2010,,2015-16,27,MIN,60,0,0,1075,110,235,62,110,48,125,40,55,49,161,210,83,26,21,47,154,308,.468,.564,.384,.727,.594,.570,F,bjeline01
571,Devin Booker,PHO,1,13,2015,Kentucky,2015-16,19,PHO,76,51,0,2108,367,867,268,578,99,289,215,256,27,160,187,200,44,20,160,225,1048,.423,.464,.343,.840,.535,.480,G,bookede01
572,Anthony Brown,LAL,2,34,2015,Stanford,2015-16,23,LAL,29,11,0,599,39,126,19,56,20,70,17,20,9,61,70,19,14,5,15,34,115,.310,.339,.286,.850,.427,.389,F-G,brownan02
573,Willie Cauley-Stein,SAC,1,6,2015,Kentucky,2015-16,22,SAC,66,39,0,1412,191,339,191,337,0,2,81,125,134,218,352,37,48,66,46,146,463,.563,.567,.000,.648,.588,.563,F-C,caulewi01
574,Rakeem Christmas,MIN,2,36,2015,Syracuse,2015-16,24,IND,1,0,0,6,2,2,2,2,0,0,0,0,1,0,1,0,0,0,0,1,4,1.000,1.000,,,1.000,1.000,F,chrisra01
575,Pat Connaughton,NJN,2,41,2015,Notre Dame,2015-16,23,POR,34,0,0,143,13,49,8,28,5,21,5,5,11,21,32,10,2,0,10,6,36,.265,.286,.238,1.000,.352,.316,G,connapa01
576,Branden Dawson,NOH,2,56,2015,Michigan State,2015-16,22,LAC,6,0,0,29,2,5,2,5,0,0,1,1,2,2,4,0,0,1,0,2,5,.400,.400,,1.000,.460,.400,F,dawsobr01
577,Sam Dekker,HOU,1,18,2015,Wisconsin,2015-16,21,HOU,3,0,0,6,0,0,0,0,0,0,0,0,0,1,1,0,1,0,0,0,0,,,,,,,F,dekkesa01
578,Jerian Grant,WAS,1,19,2015,Notre Dame,2015-16,23,NYK,76,6,0,1265,154,391,132,291,22,100,96,123,23,120,143,177,50,10,87,97,426,.394,.454,.220,.780,.479,.422,G,grantje02
579,Montrezl Harrell,HOU,2,32,2015,Louisville,2015-16,22,HOU,39,1,0,379,58,90,58,89,0,1,24,46,25,40,65,17,11,11,17,48,140,.644,.652,.000,.522,.635,.644,F-C,harremo01
580,Mario Hezonja,ORL,1,5,2015,,2015-16,20,ORL,79,9,0,1413,181,418,114,226,67,192,49,54,28,148,176,109,39,17,97,124,478,.433,.504,.349,.907,.541,.513,F-G,hezonma01
581,Darrun Hilliard,DET,2,38,2015,Villanova,2015-16,22,DET,38,2,0,383,52,131,33,81,19,50,29,40,5,40,45,27,9,1,19,28,152,.397,.407,.380,.725,.511,.469,G,hillida01
582,Rondae Hollis-Jefferson,POR,1,23,2015,Arizona,2015-16,21,BRK,29,17,0,615,63,138,59,124,4,14,37,52,39,115,154,43,39,16,26,61,167,.457,.476,.286,.712,.519,.471,F,holliro01
583,Richaun Holmes,PHI,2,37,2015,Bowling Green,2015-16,22,PHI,51,1,0,702,114,222,106,178,8,44,51,74,62,73,135,33,19,40,32,92,287,.514,.596,.182,.689,.564,.532,C-F,holmeri01
584,Josh Huestis,OKC,1,29,2014,Stanford,2015-16,24,OKC,5,0,0,55,5,12,1,6,4,6,0,4,2,8,10,0,1,2,3,3,14,.417,.167,.667,.000,.509,.583,F,huestjo01
585,R.J. Hunter,BOS,1,28,2015,Georgia State,2015-16,22,BOS,36,0,0,315,36,98,17,35,19,63,6,7,2,35,37,13,14,4,11,29,97,.367,.486,.302,.857,.480,.464,G,hunterj01
586,Damien Inglis,MIL,2,31,2014,,2015-16,20,MIL,20,1,0,156,13,37,10,24,3,13,7,8,2,29,31,10,6,3,11,11,36,.351,.417,.231,.875,.444,.392,F,inglida01
587,Stanley Johnson,DET,1,8,2015,Arizona,2015-16,19,DET,73,6,0,1687,225,600,162,395,63,205,80,102,58,248,306,118,55,12,114,178,593,.375,.410,.307,.784,.460,.428,F,johnsst04
588,Nikola Jokić,DEN,2,41,2014,,2015-16,20,DEN,80,55,0,1733,307,600,279,516,28,84,154,190,181,379,560,189,79,50,104,208,796,.512,.541,.333,.811,.582,.535,C-F,jokicni01
589,Tyus Jones,CLE,1,24,2015,Duke,2015-16,19,MIN,37,0,0,573,56,156,40,103,16,53,28,39,7,40,47,108,31,3,33,33,156,.359,.388,.302,.718,.450,.410,G,jonesty01
590,Frank Kaminsky,CHA,1,9,2015,Wisconsin,2015-16,22,CHO,81,3,0,1708,215,525,147,323,68,202,108,148,69,266,335,98,38,43,58,126,606,.410,.455,.337,.730,.513,.474,F-C,kaminfr01
591,Sasha Kaun,OKC,2,56,2008,Kansas,2015-16,30,CLE,25,0,0,95,9,17,9,17,0,0,5,11,12,14,26,3,4,5,7,11,23,.529,.529,,.455,.527,.529,C,kaunsa01
592,Kevon Looney,GSW,1,30,2015,UCLA,2015-16,19,GSW,5,0,0,21,4,7,3,5,1,2,0,0,4,6,10,0,0,0,1,2,9,.571,.600,.500,,.643,.643,F-C,looneke01
593,Trey Lyles,UTA,1,12,2015,Kentucky,2015-16,20,UTA,80,33,0,1382,191,436,142,308,49,128,57,82,59,240,299,59,26,18,65,114,488,.438,.461,.383,.695,.517,.494,F,lylestr01
594,Jarell Martin,MEM,1,25,2015,Louisiana State,2015-16,21,MEM,27,0,0,380,54,116,54,114,0,2,45,62,39,47,86,15,8,7,19,58,153,.466,.474,.000,.726,.534,.466,F,martija01
595,Chris McCullough,NJN,1,29,2015,Syracuse,2015-16,20,BRK,24,4,0,362,44,109,31,75,13,34,11,23,25,43,68,9,28,12,15,39,112,.404,.413,.382,.478,.470,.463,F,mcculch01
596,Jordan McRae,SAS,2,58,2014,Tennessee,2015-16,24,CLEPHO,22,1,0,195,34,78,24,56,10,22,21,28,4,16,20,25,3,1,15,17,99,.436,.429,.455,.750,.548,.500,G,mcraejo01
597,Jordan Mickey,BOS,2,33,2015,Louisiana State,2015-16,21,BOS,16,0,0,57,8,22,8,22,0,0,5,10,6,7,13,1,0,11,1,5,21,.364,.364,,.500,.398,.364,F,mickejo01
598,Emmanuel Mudiay,DEN,1,7,2015,,2015-16,19,DEN,68,66,0,2068,329,905,255,673,74,232,140,209,32,200,232,372,65,35,217,141,872,.364,.379,.319,.670,.437,.404,G,mudiaem01
599,Larry Nance Jr.,LAL,1,27,2015,Wyoming,2015-16,23,LAL,63,22,0,1266,158,300,157,290,1,10,32,47,101,211,312,44,54,23,41,124,349,.527,.541,.100,.681,.544,.528,F-C,nancela02
600,Raul Neto,ATL,2,47,2013,,2015-16,23,UTA,81,53,0,1499,180,418,116,256,64,162,52,70,17,103,120,174,62,2,109,122,476,.431,.453,.395,.743,.530,.507,G,netora01
601,Jahlil Okafor,PHI,1,3,2015,Duke,2015-16,20,PHI,53,48,0,1591,397,781,396,775,1,6,133,194,122,251,373,65,22,61,124,140,928,.508,.511,.167,.686,.536,.509,C-F,okafoja01
602,Kelly Oubre Jr.,ATL,1,15,2015,Kansas,2015-16,20,WAS,63,9,0,671,90,211,65,132,25,79,31,49,25,108,133,13,22,7,34,100,236,.427,.492,.316,.633,.507,.486,F,oubreke01
603,Lamar Patterson,MIL,2,48,2014,Pittsburgh,2015-16,24,ATL,35,0,0,395,28,80,16,31,12,49,16,22,4,46,50,39,9,2,23,45,84,.350,.516,.245,.727,.468,.425,G-F,pattela01
604,Cameron Payne,OKC,1,14,2015,Murray State,2015-16,21,OKC,57,1,0,698,114,278,78,167,36,111,19,24,9,76,85,108,36,6,44,80,283,.410,.467,.324,.792,.490,.475,G,payneca01
605,Tibor Pleiß,NJN,2,31,2010,,2015-16,26,UTA,12,0,0,82,11,25,11,23,0,2,2,2,6,9,15,2,1,2,8,19,24,.440,.478,.000,1.000,.464,.440,C,pleisti01
606,Bobby Portis,CHI,1,22,2015,Arkansas,2015-16,20,CHI,62,4,0,1102,186,436,170,384,16,52,48,66,123,214,337,52,25,22,54,100,436,.427,.443,.308,.727,.469,.445,F-C,portibo01
607,Kristaps Porziņģis,NYK,1,4,2015,,2015-16,20,NYK,72,72,0,2047,373,886,292,643,81,243,201,240,132,394,526,94,53,134,121,205,1028,.421,.454,.333,.838,.518,.467,C-F,porzikr01
608,Norman Powell,MIL,2,46,2015,UCLA,2015-16,22,TOR,49,24,0,725,97,229,61,140,36,89,43,53,16,95,111,47,29,10,32,59,273,.424,.436,.404,.811,.541,.502,G,powelno01
609,Josh Richardson,MIA,2,40,2015,Tennessee,2015-16,22,MIA,52,2,0,1107,123,272,70,157,53,115,42,63,21,86,107,73,36,25,35,107,341,.452,.446,.461,.667,.569,.550,G,richajo01
610,Terry Rozier,BOS,1,16,2015,Louisville,2015-16,21,BOS,39,0,0,311,29,106,23,79,6,27,8,10,24,39,63,37,6,1,19,23,72,.274,.291,.222,.800,.326,.302,G,roziete01
611,D'Angelo Russell,LAL,1,2,2015,Ohio State,2015-16,19,LAL,80,48,0,2259,392,956,262,586,130,370,140,190,47,227,274,266,93,13,196,142,1054,.410,.447,.351,.737,.507,.478,G,russeda01
612,Edy Tavares,ATL,2,43,2014,,2015-16,23,ATL,11,0,0,73,11,19,11,19,0,0,3,8,7,14,21,3,1,6,5,8,25,.579,.579,,.375,.555,.579,C,tavarwa01
613,Karl-Anthony Towns,MIN,1,1,2015,Kentucky,2015-16,20,MIN,82,82,0,2627,625,1153,595,1065,30,88,223,275,229,629,858,161,58,138,183,245,1503,.542,.559,.341,.811,.590,.555,C-F,townska01
614,Myles Turner,IND,1,11,2015,Texas,2015-16,19,IND,60,30,0,1367,264,530,261,516,3,14,88,121,68,264,332,41,25,86,67,158,619,.498,.506,.214,.727,.531,.501,C-F,turnemy01
615,Rashad Vaughn,MIL,1,17,2015,UNLV,2015-16,19,MIL,70,6,0,1001,81,266,38,119,43,147,12,15,11,77,88,39,29,16,28,73,217,.305,.319,.293,.800,.398,.385,G,vaughra01
616,Justise Winslow,MIA,1,10,2015,Duke,2015-16,19,MIA,78,8,0,2232,195,462,163,346,32,116,80,117,81,322,403,117,68,26,95,184,502,.422,.471,.276,.684,.489,.457,F,winslju01
617,Delon Wright,TOR,1,20,2015,Utah,2015-16,23,TOR,27,1,0,229,36,80,31,67,5,13,26,35,8,29,37,31,8,3,16,7,103,.450,.463,.385,.743,.540,.481,G,wrighde01
618,Joe Young,IND,2,43,2015,Oregon,2015-16,23,IND,41,0,0,384,62,169,52,123,10,46,20,25,6,44,50,65,15,0,33,30,154,.367,.423,.217,.800,.428,.396,G,youngjo01
619,Jordan Adams,MEM,1,22,2014,UCLA,2014-15,20,MEM,30,0,0,248,35,86,25,61,10,25,14,23,9,19,28,16,16,7,14,24,94,.407,.410,.400,.609,.489,.465,G,adamsjo01
620,Furkan Aldemir,LAC,2,53,2012,,2014-15,23,PHI,41,9,0,540,40,78,40,73,0,5,13,27,78,98,176,28,17,16,17,96,93,.513,.548,.000,.481,.517,.513,F-C,aldemfu01
621,Kyle Anderson,SAS,1,30,2014,UCLA,2014-15,21,SAS,33,8,0,358,31,89,28,78,3,11,9,14,5,67,72,28,15,7,10,28,74,.348,.359,.273,.643,.389,.365,F-G,anderky01
622,Cameron Bairstow,CHI,2,49,2014,New Mexico,2014-15,24,CHI,18,1,0,64,3,14,3,14,0,0,4,5,6,2,8,1,2,1,3,8,10,.214,.214,,.800,.309,.214,F-C,bairsca01
623,Bojan Bogdanović,MIA,2,31,2011,,2014-15,25,BRK,78,28,0,1854,261,576,170,320,91,256,87,106,50,163,213,68,34,9,78,104,700,.453,.531,.355,.821,.562,.532,G-F,bogdabo02
624,Markel Brown,MIN,2,44,2014,Oklahoma State,2014-15,23,BRK,47,29,0,781,76,210,59,146,17,64,47,57,16,91,107,39,31,12,27,57,216,.362,.404,.266,.825,.459,.402,G,brownma02
625,Bruno Caboclo,TOR,1,20,2014,,2014-15,19,TOR,8,0,0,23,4,12,2,9,2,3,0,0,1,1,2,0,0,1,4,3,10,.333,.222,.667,,.417,.417,F-C,cabocbr01
626,Clint Capela,HOU,1,25,2014,,2014-15,20,HOU,12,0,0,90,14,29,14,29,0,0,4,23,10,26,36,2,1,9,5,14,32,.483,.483,,.174,.409,.483,C,capelca01
627,Jordan Clarkson,WAS,2,46,2014,Missouri,2014-15,22,LAL,59,38,0,1476,267,596,229,475,38,121,131,158,56,135,191,206,51,12,96,109,703,.448,.482,.314,.829,.528,.480,G,clarkjo01
628,Spencer Dinwiddie,DET,2,38,2014,Colorado,2014-15,21,DET,34,1,0,455,51,169,39,104,12,65,31,34,4,44,48,104,19,6,33,53,145,.302,.375,.185,.912,.394,.337,G,dinwisp01
629,Cleanthony Early,NYK,2,34,2014,Wichita State,2014-15,23,NYK,39,7,0,647,76,214,54,130,22,84,36,48,22,75,97,36,24,12,40,57,210,.355,.415,.262,.750,.447,.407,F,earlycl01
630,James Ennis III,ATL,2,50,2013,Long Beach State,2014-15,24,MIA,62,3,0,1051,101,247,70,152,31,95,79,94,51,125,176,48,25,17,39,89,312,.409,.461,.326,.840,.541,.472,F,ennisja01
631,Tyler Ennis,PHO,1,18,2014,Syracuse,2014-15,20,MILPHO,33,1,0,411,52,144,40,101,12,43,5,7,7,28,35,73,18,5,42,36,121,.361,.396,.279,.714,.411,.403,G,ennisty01
632,Dante Exum,UTA,1,5,2014,,2014-15,19,UTA,82,41,0,1817,145,416,62,152,83,264,20,32,27,104,131,198,41,14,118,147,393,.349,.408,.314,.625,.457,.448,G,exumda01
633,Aaron Gordon,ORL,1,4,2014,Arizona,2014-15,19,ORL,47,8,0,797,93,208,80,160,13,48,44,61,46,123,169,33,21,22,38,83,243,.447,.500,.271,.721,.517,.478,F,gordoaa01
634,Jerami Grant,PHI,2,39,2014,Syracuse,2014-15,20,PHI,65,11,0,1377,124,352,75,196,49,156,114,193,49,149,198,79,40,68,85,144,411,.352,.383,.314,.591,.470,.422,F,grantje01
635,Erick Green,UTA,2,46,2013,Virginia Tech,2014-15,23,DEN,43,1,0,410,61,162,47,115,14,47,10,12,7,24,31,39,12,0,14,26,146,.377,.409,.298,.833,.436,.420,G,greener01
636,P.J. Hairston,MIA,1,26,2014,North Carolina,2014-15,22,CHO,45,2,0,687,87,269,38,106,49,163,31,36,22,70,92,21,21,13,22,61,254,.323,.358,.301,.861,.446,.414,G-F,hairspj02
637,Gary Harris,CHI,1,19,2014,Michigan State,2014-15,20,DEN,55,6,0,719,66,217,45,114,21,103,35,47,21,43,64,29,39,7,38,71,188,.304,.395,.204,.745,.395,.353,G,harriga01
638,Joe Harris,CLE,2,33,2014,Virginia,2014-15,23,CLE,51,1,0,493,48,120,17,36,31,84,9,15,7,34,41,26,7,2,27,62,136,.400,.472,.369,.600,.537,.529,G,harrijo01
639,Rodney Hood,UTA,1,23,2014,Duke,2014-15,22,UTA,50,21,0,1064,155,374,93,204,62,170,61,80,9,108,117,83,30,12,45,119,433,.414,.456,.365,.763,.529,.497,G-F,hoodro01
640,Cory Jefferson,SAS,2,60,2014,Baylor,2014-15,24,BRK,50,1,0,531,75,167,73,152,2,15,31,54,47,98,145,16,10,21,20,61,183,.449,.480,.133,.574,.480,.455,F,jeffeco01
641,Grant Jerrett,POR,2,40,2013,Arizona,2014-15,21,OKCUTA,8,0,0,51,7,26,6,11,1,15,1,1,2,7,9,3,2,2,3,11,16,.269,.545,.067,1.000,.303,.288,F,jerregr01
642,Nick Johnson,HOU,2,42,2014,Arizona,2014-15,22,HOU,28,0,0,262,26,75,21,54,5,21,17,25,13,26,39,11,7,3,19,34,74,.347,.389,.238,.680,.430,.380,G,johnsni01
643,Joffrey Lauvergne,MEM,2,55,2013,,2014-15,23,DEN,24,1,0,268,36,89,33,73,3,16,18,28,27,50,77,13,8,10,22,43,93,.404,.452,.188,.643,.459,.421,C-F,lauvejo01
644,Zach LaVine,MIN,1,13,2014,UCLA,2014-15,19,MIN,77,40,0,1902,286,677,229,510,57,167,149,177,27,187,214,276,54,10,193,158,778,.422,.449,.341,.842,.515,.465,G-F,lavinza01
645,Devyn Marble,DEN,2,56,2014,Iowa,2014-15,22,ORL,16,7,0,208,14,44,10,22,4,22,5,16,5,26,31,17,9,2,9,14,37,.318,.455,.182,.313,.362,.364,G-F,marblde01
646,K.J. McDaniels,PHI,2,32,2014,Clemson,2014-15,21,HOUPHI,62,15,0,1352,172,434,129,284,43,150,100,133,65,135,200,72,44,70,105,126,487,.396,.454,.287,.752,.494,.446,G-F,mcdankj01
647,Doug McDermott,DEN,1,11,2014,Creighton,2014-15,23,CHI,36,0,0,321,43,107,30,66,13,41,10,15,6,37,43,6,4,1,17,29,109,.402,.455,.317,.667,.480,.463,F,mcderdo01
648,Mitch McGary,OKC,1,21,2014,Michigan,2014-15,22,OKC,32,2,0,485,88,165,88,163,0,2,25,40,53,112,165,14,16,16,31,72,201,.533,.540,.000,.625,.550,.533,F-C,mcgarmi01
649,Nikola Mirotić,HOU,1,23,2011,,2014-15,23,CHI,82,3,0,1654,253,624,154,311,99,313,228,284,63,341,404,97,54,54,89,172,833,.405,.495,.316,.803,.556,.485,F,mirotni01
650,Shabazz Napier,CHA,1,24,2014,Connecticut,2014-15,23,MIA,51,10,0,1012,87,228,44,110,43,118,44,56,17,96,113,130,40,4,81,76,261,.382,.400,.364,.786,.517,.476,G,napiesh01
651,Nerlens Noel,NOH,1,6,2013,Kentucky,2014-15,20,PHI,75,71,0,2311,302,653,302,653,0,0,140,230,185,426,611,128,133,142,146,208,744,.462,.462,,.609,.493,.462,C-F,noelne01
652,Lucas Nogueira,BOS,1,16,2013,,2014-15,22,TOR,6,0,0,23,2,8,2,8,0,0,2,4,2,9,11,1,2,0,2,6,6,.250,.250,,.500,.307,.250,C,noguelu01
653,Jusuf Nurkić,CHI,1,16,2014,,2014-15,20,DEN,62,27,0,1103,171,383,171,381,0,2,84,132,125,257,382,50,52,68,86,207,426,.446,.449,.000,.636,.483,.446,C,nurkiju01
654,Johnny O'Bryant,MIL,2,36,2014,Louisiana State,2014-15,21,MIL,34,15,0,368,44,120,44,120,0,0,12,27,26,38,64,17,5,4,25,44,100,.367,.367,,.444,.379,.367,F-C,obryajo01
655,Kostas Papanikolaou,NYK,2,48,2012,,2014-15,24,HOU,43,1,0,795,69,197,38,91,31,106,13,18,39,79,118,85,29,13,55,71,182,.350,.418,.292,.722,.444,.429,F,papanko01
656,Jabari Parker,MIL,1,2,2014,Duke,2014-15,19,MIL,25,25,0,738,129,263,125,247,4,16,46,66,50,88,138,42,31,5,47,42,308,.490,.506,.250,.697,.527,.498,F,parkeja01
657,Adreian Payne,ATL,1,15,2014,Michigan State,2014-15,23,ATLMIN,32,22,0,739,91,220,90,211,1,9,30,46,48,114,162,30,19,9,44,88,213,.414,.427,.111,.652,.443,.416,F-C,paynead01
658,Elfrid Payton,PHI,1,10,2014,Louisiana,2014-15,20,ORL,82,63,0,2489,301,708,290,666,11,42,118,214,107,242,349,533,142,20,203,193,731,.425,.435,.262,.551,.456,.433,G,paytoel01
659,Dwight Powell,CHA,2,45,2014,Stanford,2014-15,23,BOSDAL,29,0,0,236,31,67,28,56,3,11,25,33,18,32,50,9,9,6,11,40,90,.463,.500,.273,.758,.552,.485,F-C,poweldw01
660,Julius Randle,LAL,1,7,2014,Kentucky,2014-15,20,LAL,1,0,0,14,1,3,1,3,0,0,0,2,0,0,0,0,0,0,1,1,2,.333,.333,,.000,.258,.333,F-C,randlju01
661,Glenn Robinson III,MIN,2,40,2014,Michigan,2014-15,21,MINPHI,35,1,0,261,26,67,21,48,5,19,16,24,15,24,39,11,6,1,11,15,73,.388,.438,.263,.667,.471,.425,G-F,robingl02
662,Marcus Smart,BOS,1,6,2014,Oklahoma State,2014-15,20,BOS,67,38,0,1808,175,477,84,205,91,272,82,127,61,161,222,208,99,18,90,176,523,.367,.410,.335,.646,.491,.462,G,smartma01
663,Russ Smith,PHI,2,47,2014,Louisville,2014-15,23,MEMNOP,12,0,0,65,8,25,6,14,2,11,12,13,1,5,6,8,3,0,12,13,30,.320,.429,.182,.923,.488,.360,G,smithru01
664,Nik Stauskas,SAC,1,8,2014,Michigan,2014-15,21,SAC,73,1,0,1127,108,296,60,147,48,149,55,64,11,77,88,67,20,17,40,92,319,.365,.408,.322,.859,.492,.446,G,stausni01
665,Jarnell Stokes,UTA,2,35,2014,Tennessee,2014-15,21,MEM,19,2,0,126,21,37,21,37,0,0,15,28,16,18,34,4,5,5,7,25,57,.568,.568,,.536,.578,.568,F-C,stokeja01
666,Noah Vonleh,CHA,1,9,2014,Indiana,2014-15,19,CHO,25,0,0,259,30,76,25,63,5,13,18,26,28,58,86,4,4,9,11,20,83,.395,.397,.385,.692,.475,.428,F-C,vonleno01
667,T.J. Warren,PHO,1,14,2014,NC State,2014-15,21,PHO,40,1,0,614,113,214,108,193,5,21,14,19,41,44,85,25,18,9,27,51,245,.528,.560,.238,.737,.551,.540,F,warretj01
668,Andrew Wiggins,CLE,1,1,2014,Kansas,2014-15,19,MIN,82,82,0,2969,497,1137,458,1011,39,126,354,466,134,240,374,170,86,50,177,190,1387,.437,.453,.310,.760,.517,.454,F-G,wiggian01
669,C.J. Wilcox,LAC,1,28,2014,Washington,2014-15,24,LAC,21,0,0,101,16,38,9,19,7,19,2,2,1,6,7,8,3,1,10,7,41,.421,.474,.368,1.000,.527,.513,G,wilcocj01
670,James Young,BOS,1,17,2014,Kentucky,2014-15,19,BOS,31,0,0,332,36,102,19,36,17,66,16,29,9,33,42,13,8,2,5,22,105,.353,.528,.258,.552,.457,.436,G-F,youngja01
671,Steven Adams,OKC,1,12,2013,Pittsburgh,2013-14,20,OKC,81,20,0,1197,93,185,93,185,0,0,79,136,142,190,332,43,40,57,71,203,265,.503,.503,,.581,.541,.503,C,adamsst01
672,Giannis Antetokounmpo,MIL,1,15,2013,,2013-14,19,MIL,77,23,0,1897,173,418,132,300,41,118,138,202,78,261,339,150,60,61,122,173,525,.414,.440,.347,.683,.518,.463,F-G,antetgi01
673,Anthony Bennett,CLE,1,1,2013,UNLV,2013-14,20,CLE,52,0,0,663,80,225,67,172,13,53,44,69,49,106,155,17,21,8,47,93,217,.356,.390,.245,.638,.425,.384,F,bennean01
674,Lorenzo Brown,MIN,2,52,2013,NC State,2013-14,23,PHI,26,0,0,224,26,86,23,56,3,30,9,13,8,20,28,41,13,3,16,19,64,.302,.411,.100,.692,.349,.320,G,brownlo01
675,Reggie Bullock,LAC,1,25,2013,North Carolina,2013-14,22,LAC,43,0,0,395,43,121,21,48,22,73,7,9,11,43,54,12,9,1,13,26,115,.355,.438,.301,.778,.460,.446,G-F,bullore01
676,Trey Burke,MIN,1,9,2013,Michigan,2013-14,21,UTA,70,68,0,2262,341,897,230,561,111,336,102,113,37,171,208,396,42,6,131,145,895,.380,.410,.330,.903,.473,.442,G,burketr01
677,Nick Calathes,MIN,2,45,2009,Florida,2013-14,24,MEM,71,7,0,1173,142,311,123,250,19,61,44,72,23,114,137,207,66,8,101,117,347,.457,.492,.311,.611,.506,.487,G,calatni01
678,Kentavious Caldwell-Pope,DET,1,8,2013,Georgia,2013-14,20,DET,80,41,0,1583,182,460,123,275,59,185,47,61,38,118,156,55,75,12,28,145,470,.396,.447,.319,.770,.483,.460,G,caldwke01
679,Isaiah Canaan,HOU,2,34,2013,Murray State,2013-14,22,HOU,22,0,0,252,31,87,13,32,18,55,21,29,7,17,24,22,8,4,21,25,101,.356,.406,.327,.724,.506,.460,G,canaais01
680,Michael Carter-Williams,PHI,1,11,2013,Syracuse,2013-14,22,PHI,70,70,0,2414,427,1054,372,846,55,208,258,367,101,336,437,441,130,43,247,213,1167,.405,.440,.264,.703,.480,.431,G,cartemi01
681,Allen Crabbe,CLE,2,31,2013,California,2013-14,21,POR,15,0,0,100,12,33,6,19,6,14,3,4,1,8,9,6,2,1,3,10,33,.364,.316,.429,.750,.475,.455,G-F,crabbal01
682,Gorgui Dieng,UTA,1,21,2013,Louisville,2013-14,24,MIN,60,15,0,818,113,227,112,226,1,1,59,93,103,197,300,39,30,50,54,108,286,.498,.496,1.000,.634,.534,.500,C,dienggo01
683,Carrick Felix,CLE,2,33,2013,Arizona State,2013-14,23,CLE,7,0,0,38,7,14,5,9,2,5,3,4,1,5,6,4,0,0,4,4,19,.500,.556,.400,.750,.603,.571,G,felixca01
684,Jamaal Franklin,MEM,2,41,2013,San Diego State,2013-14,22,MEM,21,0,0,161,16,39,11,28,5,11,2,2,4,19,23,6,4,2,11,23,39,.410,.393,.455,1.000,.489,.474,G,frankja01
685,Rudy Gobert,DEN,1,27,2013,,2013-14,21,UTA,45,0,0,434,36,74,36,74,0,0,32,65,51,104,155,7,8,41,32,57,104,.486,.486,,.492,.507,.486,C,goberru01
686,Archie Goodwin,OKC,1,29,2013,Kentucky,2013-14,19,PHO,52,0,0,533,76,167,71,131,5,36,37,55,25,62,87,20,20,11,44,45,194,.455,.542,.139,.673,.507,.470,G,goodwar01
687,Justin Hamilton,PHI,2,45,2012,Louisiana State,2013-14,23,CHAMIA,8,0,0,72,9,20,6,11,3,9,5,5,4,3,7,0,5,0,4,8,26,.450,.545,.333,1.000,.586,.525,C,hamilju01
688,Tim Hardaway Jr.,NYK,1,24,2013,Michigan,2013-14,21,NYK,81,1,0,1875,294,687,164,329,130,358,106,128,19,102,121,66,44,7,47,144,824,.428,.498,.363,.828,.554,.523,G,hardati02
689,Solomon Hill,IND,1,23,2013,Arizona,2013-14,22,IND,28,0,0,226,17,40,10,17,7,23,6,7,9,32,41,12,5,2,13,19,47,.425,.588,.304,.857,.545,.513,F,hillso01
690,Robbie Hummel,MIN,2,58,2012,Purdue,2013-14,24,MIN,53,5,0,655,67,177,35,88,32,89,15,16,35,97,132,23,16,2,10,57,181,.379,.398,.360,.938,.492,.469,F,hummero01
691,Sergey Karasev,CLE,1,19,2013,,2013-14,20,CLE,22,1,0,156,12,35,8,16,4,19,9,10,0,16,16,6,3,1,11,22,37,.343,.500,.211,.900,.470,.400,G-F,karasse01
692,Ryan Kelly,LAL,2,48,2013,Duke,2013-14,22,LAL,59,25,0,1312,157,371,109,229,48,142,110,135,42,177,219,95,32,45,47,147,472,.423,.476,.338,.815,.548,.488,F,kellyry01
693,Ognjen Kuzmić,GSW,2,52,2012,,2013-14,23,GSW,21,0,0,92,5,13,5,13,0,0,5,11,10,11,21,2,3,4,10,17,15,.385,.385,,.455,.420,.385,C,kuzmiog01
694,Shane Larkin,ATL,1,18,2013,Miami (FL),2013-14,21,DAL,48,0,0,489,52,137,40,99,12,38,16,25,11,31,42,71,26,1,39,46,132,.380,.404,.316,.640,.446,.423,G,larkish01
695,Ricky Ledo,MIL,2,43,2013,Providence,2013-14,21,DAL,11,0,0,33,6,17,3,9,3,8,4,4,0,2,2,2,1,0,2,2,19,.353,.333,.375,1.000,.506,.441,G,ledori01
696,Alex Len,PHO,1,5,2013,Maryland,2013-14,20,PHO,42,3,0,362,33,78,33,78,0,0,20,31,39,60,99,4,4,18,26,68,86,.423,.423,,.645,.469,.423,C,lenal01
697,Ray McCallum,SAC,2,36,2013,Detroit Mercy,2013-14,22,SAC,45,10,0,897,113,300,91,241,22,59,32,43,18,61,79,120,22,9,39,69,280,.377,.378,.373,.744,.439,.413,G,mccalra01
698,CJ McCollum,POR,1,10,2013,Lehigh,2013-14,22,POR,38,0,0,476,74,178,44,98,30,80,23,34,7,41,48,27,14,2,35,53,201,.416,.449,.375,.676,.521,.500,G,mccolcj01
699,Ben McLemore,SAC,1,7,2013,Kansas,2013-14,20,SAC,82,55,0,2187,255,679,160,382,95,297,115,143,53,182,235,82,45,18,96,201,720,.376,.419,.320,.804,.485,.446,G,mclembe01
700,Tony Mitchell,DET,2,37,2013,North Texas,2013-14,21,DET,21,0,0,79,5,12,4,11,1,1,11,19,15,11,26,2,6,3,4,9,22,.417,.364,1.000,.579,.540,.458,F,mitchto02
701,Shabazz Muhammad,UTA,1,14,2013,UCLA,2013-14,21,MIN,37,0,0,290,57,124,54,113,3,11,26,40,24,29,53,6,8,1,16,24,143,.460,.478,.273,.650,.505,.472,F-G,muhamsh01
702,Erik Murphy,CHI,2,49,2013,Florida,2013-14,23,CHI,24,0,0,62,3,13,3,10,0,3,0,0,2,6,8,2,0,4,2,7,6,.231,.300,.000,,.231,.231,F,murpher01
703,Mike Muscala,DAL,2,44,2013,Bucknell,2013-14,22,ATL,20,0,0,215,31,73,31,70,0,3,14,14,17,35,52,7,3,10,12,29,76,.425,.443,.000,1.000,.480,.425,F-C,muscami01
704,Nemanja Nedović,PHO,1,30,2013,,2013-14,22,GSW,24,0,0,142,8,39,5,21,3,18,7,8,3,12,15,13,0,1,13,13,26,.205,.238,.167,.875,.306,.244,G,nedovne01
705,Victor Oladipo,ORL,1,2,2013,Indiana,2013-14,21,ORL,80,44,0,2487,392,936,318,710,74,226,248,318,43,286,329,327,129,37,256,210,1106,.419,.448,.327,.780,.514,.458,G,oladivi01
706,Kelly Olynyk,DAL,1,13,2013,Gonzaga,2013-14,22,BOS,70,9,0,1400,234,502,194,388,40,114,99,122,140,225,365,109,35,27,106,227,607,.466,.500,.351,.811,.546,.506,C-F,olynyke01
707,Mason Plumlee,NJN,1,22,2013,Duke,2013-14,23,BRK,70,22,0,1275,199,302,199,299,0,3,122,195,99,209,308,60,49,55,77,171,520,.659,.666,.000,.626,.670,.659,C-F,plumlma01
708,Otto Porter Jr.,WAS,1,3,2013,Georgetown,2013-14,20,WAS,37,0,0,319,33,91,29,70,4,21,8,12,21,36,57,10,8,1,14,26,78,.363,.414,.190,.667,.405,.385,F,porteot01
709,Glen Rice Jr.,PHI,2,35,2013,Georgia Tech,2013-14,23,WAS,11,1,0,109,11,37,6,20,5,17,5,7,4,16,20,7,6,1,9,7,32,.297,.300,.294,.714,.399,.365,G,ricegl02
710,Andre Roberson,MIN,1,26,2013,Colorado,2013-14,22,OKC,40,16,0,399,33,68,31,55,2,13,7,10,36,58,94,15,19,10,19,74,75,.485,.564,.154,.700,.518,.500,G-F,roberan03
711,Dennis Schröder,ATL,1,17,2013,,2013-14,20,ATL,49,0,0,641,72,188,62,146,10,42,29,43,5,55,60,93,17,0,61,54,183,.383,.425,.238,.674,.442,.410,G,schrode01
712,Peyton Siva,DET,2,56,2013,Louisville,2013-14,23,DET,24,0,0,224,18,57,11,32,7,25,11,15,2,12,14,34,9,1,18,27,54,.316,.344,.280,.733,.425,.377,G,sivape01
713,Tony Snell,CHI,1,20,2013,New Mexico,2013-14,22,CHI,77,12,0,1231,129,336,72,158,57,178,31,41,19,105,124,68,29,15,44,84,346,.384,.456,.320,.756,.489,.469,G-F,snellto01
714,Royce White,HOU,1,16,2012,Iowa State,2013-14,22,SAC,3,0,0,9,0,1,0,1,0,0,0,0,0,0,0,0,0,0,0,2,0,.000,.000,,,.000,.000,F,whitero03
715,Jeff Withey,POR,2,39,2013,Kansas,2013-14,23,NOP,58,4,0,684,69,129,69,128,0,1,52,73,49,101,150,26,15,50,20,73,190,.535,.539,.000,.712,.590,.535,C,witheje01
716,Nate Wolters,WAS,2,38,2013,South Dakota State,2013-14,22,MIL,58,31,0,1309,170,389,152,327,18,62,59,90,33,116,149,187,35,15,57,67,417,.437,.465,.290,.656,.486,.460,G,woltena01
717,Cody Zeller,CHA,1,4,2013,Indiana,2013-14,21,CHA,82,3,0,1416,172,404,172,403,0,1,146,200,118,235,353,92,40,41,87,170,490,.426,.427,.000,.730,.498,.426,C-F,zelleco01
718,Quincy Acy,TOR,2,37,2012,Baylor,2012-13,22,TOR,29,0,0,342,42,75,41,73,1,2,31,38,30,47,77,11,13,15,17,53,116,.560,.562,.500,.816,.632,.567,F-C,acyqu01
719,Harrison Barnes,GSW,1,7,2012,North Carolina,2012-13,20,GSW,81,81,0,2058,276,628,224,483,52,145,144,190,53,280,333,98,52,14,101,140,748,.439,.464,.359,.758,.526,.481,F,barneha02
720,Will Barton,POR,2,40,2012,Memphis,2012-13,22,POR,73,5,0,894,118,309,109,244,9,65,50,65,36,109,145,58,34,9,60,56,295,.382,.447,.138,.769,.437,.396,G,bartowi01
721,Bradley Beal,WAS,1,3,2012,Florida,2012-13,19,WAS,56,46,0,1745,282,687,191,451,91,236,125,159,43,168,211,137,50,29,90,113,780,.410,.424,.386,.786,.515,.477,G,bealbr01
722,Patrick Beverley,LAL,2,42,2009,Arkansas,2012-13,24,HOU,41,0,0,713,79,189,43,93,36,96,34,41,45,64,109,117,37,21,44,83,228,.418,.462,.375,.829,.551,.513,G,beverpa01
723,Victor Claver,POR,1,22,2009,,2012-13,24,POR,49,16,0,812,74,189,49,102,25,87,14,30,31,88,119,43,26,12,43,75,187,.392,.480,.287,.467,.462,.458,F,clavevi01
724,Jae Crowder,CLE,2,34,2012,Marquette,2012-13,22,DAL,78,16,0,1353,141,367,78,175,63,192,47,73,35,152,187,94,63,17,49,128,392,.384,.446,.328,.644,.491,.470,F,crowdja01
725,Jared Cunningham,CLE,1,24,2012,Oregon State,2012-13,21,DAL,8,0,0,26,6,14,4,11,2,3,2,2,1,2,3,1,1,0,2,3,16,.429,.364,.667,1.000,.538,.500,G,cunnija01
726,Anthony Davis,NOH,1,1,2012,Kentucky,2012-13,19,NOH,64,60,0,1846,349,676,349,670,0,6,169,225,165,357,522,63,75,112,89,158,867,.516,.521,.000,.751,.559,.516,F-C,davisan02
727,Nando De Colo,SAS,2,53,2009,,2012-13,25,SAS,72,6,0,920,105,241,74,159,31,82,35,44,23,115,138,138,41,6,81,87,276,.436,.465,.378,.795,.530,.500,G,decolna01
728,Andre Drummond,DET,1,9,2012,Connecticut,2012-13,19,DET,60,10,0,1243,208,342,207,340,1,2,59,159,169,288,457,30,59,95,57,144,476,.608,.609,.500,.371,.578,.610,C,drumman01
729,Kim English,DET,2,44,2012,Missouri,2012-13,24,DET,41,0,0,407,42,112,28,62,14,50,21,29,8,29,37,26,16,3,19,46,119,.375,.452,.280,.724,.477,.438,G,engliki01
730,Festus Ezeli,GSW,1,30,2012,Vanderbilt,2012-13,23,GSW,78,41,0,1120,74,169,74,169,0,0,43,81,141,172,313,22,23,74,63,157,191,.438,.438,,.531,.467,.438,C,ezelife01
731,Evan Fournier,DEN,1,20,2012,,2012-13,20,DEN,38,4,0,428,75,152,53,98,22,54,30,39,6,29,35,44,19,1,32,65,202,.493,.541,.407,.769,.597,.566,G-F,fournev01
732,Joel Freeland,POR,1,30,2006,,2012-13,25,POR,51,1,0,477,58,142,58,142,0,0,18,27,40,79,119,13,13,11,19,67,134,.408,.408,,.667,.435,.408,F-C,freeljo01
733,Draymond Green,GSW,2,35,2012,Michigan State,2012-13,22,GSW,79,1,0,1061,84,257,70,190,14,67,45,55,58,202,260,53,42,25,51,159,227,.327,.368,.209,.818,.404,.354,F,greendr01
734,Maurice Harkless,PHI,1,15,2012,St. John's (NY),2012-13,19,ORL,76,59,0,1974,260,564,228,447,32,117,73,128,122,213,335,50,88,62,69,144,625,.461,.510,.274,.570,.504,.489,F-G,harklma01
735,John Henson,MIL,1,14,2012,North Carolina,2012-13,22,MIL,63,9,0,827,162,336,162,333,0,3,56,105,116,181,297,31,19,42,47,83,380,.482,.486,.000,.533,.497,.482,C-F,hensojo01
736,Bernard James,CLE,2,33,2012,Florida State,2012-13,27,DAL,46,11,0,457,53,103,53,101,0,2,25,41,52,79,131,6,12,38,18,64,131,.515,.525,.000,.610,.541,.515,C,jamesbe01
737,John Jenkins,ATL,1,23,2012,Vanderbilt,2012-13,21,ATL,61,2,0,902,131,294,78,156,53,138,59,70,17,77,94,56,12,10,40,37,374,.446,.500,.384,.843,.576,.536,G,jenkijo01
738,Darius Johnson-Odom,DAL,2,55,2012,Marquette,2012-13,23,LAL,4,0,0,6,0,4,0,3,0,1,0,0,1,3,4,1,0,0,0,0,0,.000,.000,.000,,.000,.000,G,johnsda03
739,Orlando Johnson,SAC,2,36,2012,UC Santa Barbara,2012-13,23,IND,51,0,0,619,72,180,36,86,36,94,23,32,20,90,110,47,11,9,29,51,203,.400,.419,.383,.719,.523,.500,G,johnsor01
740,Perry Jones,OKC,1,28,2012,Baylor,2012-13,21,OKC,38,1,0,280,39,99,39,97,0,2,10,15,12,50,62,10,5,6,15,23,88,.394,.402,.000,.667,.417,.394,F,jonespe01
741,Terrence Jones,HOU,1,18,2012,Kentucky,2012-13,21,HOU,19,0,0,276,43,94,38,75,5,19,13,17,28,37,65,15,12,19,13,21,104,.457,.507,.263,.765,.512,.484,F,joneste01
742,Kris Joseph,BOS,2,51,2012,Syracuse,2012-13,24,BOSBRK,10,0,0,54,2,14,2,11,0,3,5,8,1,6,7,1,3,0,2,3,9,.143,.182,.000,.625,.257,.143,F,josepkr01
743,Michael Kidd-Gilchrist,CHA,1,2,2012,Kentucky,2012-13,19,CHA,78,77,0,2025,281,613,279,604,2,9,140,187,131,324,455,117,54,70,101,164,704,.458,.462,.222,.749,.506,.460,F,kiddgmi01
744,Doron Lamb,MIL,2,42,2012,Kentucky,2012-13,21,MILORL,47,0,0,577,60,163,46,126,14,37,20,34,8,38,46,32,13,0,26,52,154,.368,.365,.378,.588,.433,.411,G,lambdo01
745,Jeremy Lamb,HOU,1,12,2012,Connecticut,2012-13,20,OKC,23,0,0,147,24,68,15,38,9,30,14,14,5,13,18,5,2,2,6,13,71,.353,.395,.300,1.000,.479,.419,G-F,lambje01
746,Meyers Leonard,POR,1,11,2012,Illinois,2012-13,20,POR,69,9,0,1206,151,277,148,270,3,7,72,89,80,175,255,33,11,38,49,168,377,.545,.548,.429,.809,.596,.551,C-F,leoname01
747,Damian Lillard,POR,1,6,2012,Weber State,2012-13,22,POR,82,82,0,3167,553,1288,368,785,185,503,271,321,42,215,257,531,74,19,243,172,1562,.429,.469,.368,.844,.546,.501,G,lillada01
748,Kendall Marshall,PHO,1,13,2012,North Carolina,2012-13,21,PHO,48,3,0,702,56,151,33,78,23,73,8,14,4,38,42,143,22,4,57,48,143,.371,.423,.315,.571,.455,.447,G,marshke01
749,Fab Melo,BOS,1,22,2012,Syracuse,2012-13,22,BOS,6,0,0,36,3,6,3,6,0,0,1,4,0,3,3,0,2,2,1,7,7,.500,.500,,.250,.451,.500,C,melofa01
750,Khris Middleton,DET,2,39,2012,Texas A&M,2012-13,21,DET,27,0,0,475,62,141,48,96,14,45,27,32,4,46,50,28,15,4,11,53,165,.440,.500,.311,.844,.532,.489,F-G,middlkh01
751,Darius Miller,NOH,2,46,2012,Kentucky,2012-13,22,NOH,52,2,0,694,44,108,22,52,22,56,8,8,8,70,78,44,17,12,23,89,118,.407,.423,.393,1.000,.529,.509,F,milleda01
752,Quincy Miller,DEN,2,38,2012,Baylor,2012-13,20,DEN,7,0,0,26,4,12,4,11,0,1,1,2,1,1,2,3,1,0,1,3,9,.333,.364,.000,.500,.349,.333,F,millequ01
753,Donatas Motiejūnas,MIN,1,20,2011,,2012-13,22,HOU,44,14,0,538,97,213,73,130,24,83,32,51,36,57,93,31,7,10,37,73,250,.455,.562,.289,.627,.531,.512,F-C,motiedo01
754,Arnett Moultrie,MIA,1,27,2012,Mississippi State,2012-13,22,PHI,47,0,0,542,78,134,78,134,0,0,18,28,76,69,145,10,17,10,19,43,174,.582,.582,,.643,.595,.582,F,moultar01
755,Kevin Murphy,UTA,2,47,2012,Tennessee Tech,2012-13,22,UTA,17,0,0,52,7,28,6,23,1,5,0,0,0,4,4,2,1,0,3,4,15,.250,.261,.200,,.268,.268,G,murphke01
756,Andrew Nicholson,ORL,1,19,2012,St. Bonaventure,2012-13,23,ORL,75,28,0,1249,256,486,256,486,0,0,75,94,69,189,258,44,24,32,79,133,587,.527,.527,,.798,.557,.527,F,nichoan01
757,Kyle O'Quinn,ORL,2,49,2012,Norfolk State,2012-13,22,ORL,57,5,0,638,101,197,101,196,0,1,30,45,65,144,209,52,11,26,37,107,232,.513,.515,.000,.667,.535,.513,F-C,oquinky01
758,Miles Plumlee,IND,1,26,2012,Duke,2012-13,24,IND,14,0,0,55,5,21,5,21,0,0,3,4,12,10,22,2,0,3,3,5,13,.238,.238,,.750,.286,.238,C-F,plumlmi01
759,Austin Rivers,NOH,1,10,2012,Duke,2012-13,20,NOH,61,26,0,1418,145,390,117,304,28,86,59,108,16,93,109,127,26,9,74,122,377,.372,.385,.326,.546,.431,.408,G,riverau01
760,Thomas Robinson,SAC,1,5,2012,Kansas,2012-13,21,HOUSAC,70,0,0,1056,138,321,138,320,0,1,57,109,122,193,315,46,41,26,88,124,333,.430,.431,.000,.523,.451,.430,F,robinth01
761,Terrence Ross,TOR,1,8,2012,Washington,2012-13,21,TOR,73,2,0,1239,186,457,121,261,65,196,30,42,35,109,144,53,43,14,48,122,467,.407,.464,.332,.714,.491,.478,F-G,rosste01
762,Robert Sacre,LAL,2,60,2012,Gonzaga,2012-13,23,LAL,32,3,0,203,18,48,18,48,0,0,7,11,9,25,34,6,0,10,10,38,43,.375,.375,,.636,.407,.375,C,sacrero01
763,Mike Scott,ATL,2,43,2012,Virginia,2012-13,24,ATL,40,1,0,376,70,147,70,146,0,1,43,56,39,71,110,12,4,2,21,32,183,.476,.479,.000,.768,.533,.476,F,scottmi01
764,Tornike Shengelia,PHI,2,54,2012,,2012-13,21,BRK,19,0,0,93,10,23,9,21,1,2,9,16,9,14,23,3,3,1,11,11,30,.435,.429,.500,.563,.499,.457,F,shengto01
765,Kyle Singler,DET,2,33,2011,Duke,2012-13,24,DET,82,74,0,2293,275,642,205,442,70,200,100,124,109,221,330,77,57,37,98,217,720,.428,.464,.350,.806,.517,.483,F,singlky01
766,Jared Sullinger,BOS,1,21,2012,Ohio State,2012-13,20,BOS,45,5,0,892,111,225,110,220,1,5,47,63,92,172,264,35,22,22,29,154,270,.493,.500,.200,.746,.534,.496,F,sullija01
767,Jeff Taylor,CHA,2,31,2012,Vanderbilt,2012-13,23,CHA,77,29,0,1507,172,399,119,245,53,154,75,103,51,99,150,63,47,15,48,136,472,.431,.486,.344,.728,.531,.497,F,tayloje03
768,Tyshawn Taylor,POR,2,41,2012,Kansas,2012-13,22,BRK,38,0,0,221,32,87,26,74,6,13,15,27,2,16,18,21,13,0,25,25,85,.368,.351,.462,.556,.430,.402,G,tayloty01
769,Marquis Teague,CHI,1,29,2012,Kentucky,2012-13,19,CHI,48,0,0,392,43,113,39,90,4,23,9,16,3,41,44,63,9,7,35,47,99,.381,.433,.174,.563,.412,.398,G,teaguma01
770,Jonas Valančiūnas,TOR,1,5,2011,,2012-13,20,TOR,62,57,0,1482,204,366,204,366,0,0,146,185,121,251,372,45,17,78,94,188,554,.557,.557,,.789,.619,.557,C,valanjo01
771,Jarvis Varnado,MIA,2,41,2010,Mississippi State,2012-13,24,BOSMIA,13,0,0,58,3,7,3,7,0,0,2,4,2,7,9,3,1,2,6,10,8,.429,.429,,.500,.457,.429,F,varnaja01
772,Dion Waiters,CLE,1,4,2012,Syracuse,2012-13,21,CLE,61,48,0,1756,336,815,273,612,63,203,159,213,22,127,149,183,59,16,121,113,894,.412,.446,.310,.746,.492,.451,G,waitedi01
773,Tony Wroten,MEM,1,25,2012,Washington,2012-13,19,MEM,35,0,0,272,33,86,29,70,4,16,21,29,13,15,28,43,8,4,29,34,91,.384,.414,.250,.724,.461,.407,G,wroteto01
774,Tyler Zeller,DAL,1,17,2012,North Carolina,2012-13,23,CLE,77,55,0,2033,245,559,245,555,0,4,120,157,159,279,438,96,35,70,95,251,610,.438,.441,.000,.764,.486,.438,F-C,zellety01
775,Lavoy Allen,PHI,2,50,2011,Temple,2011-12,22,PHI,41,15,0,624,79,167,79,167,0,0,11,14,47,124,171,34,13,18,20,73,169,.473,.473,,.786,.488,.473,F-C,allenla01
776,Keith Benson,ATL,2,48,2011,Oakland,2011-12,23,GSW,3,0,0,9,0,1,0,1,0,0,0,0,2,1,3,0,0,0,0,0,0,.000,.000,,,.000,.000,C,bensoke02
777,Bismack Biyombo,SAC,1,7,2011,,2011-12,19,CHA,63,41,0,1455,129,278,129,278,0,0,69,143,113,255,368,27,20,115,71,145,327,.464,.464,,.483,.480,.464,C-F,biyombi01
778,MarShon Brooks,BOS,1,25,2011,Providence,2011-12,23,NJN,56,47,0,1648,274,640,227,490,47,150,113,148,70,130,200,131,52,15,118,116,708,.428,.463,.313,.764,.502,.465,G-F,brookma01
779,Alec Burks,UTA,1,12,2011,Colorado,2011-12,20,UTA,59,0,0,939,153,357,138,312,15,45,104,143,57,75,132,55,27,5,51,84,425,.429,.442,.333,.727,.506,.450,G,burksal01
780,Jimmy Butler,CHI,1,30,2011,Marquette,2011-12,22,CHI,42,0,0,359,32,79,30,68,2,11,43,56,23,33,56,14,11,5,14,20,109,.405,.441,.182,.768,.526,.418,F-G,butleji01
781,Derrick Byars,POR,2,42,2007,Vanderbilt,2011-12,27,SAS,2,0,0,37,3,11,3,5,0,6,4,4,6,5,11,1,2,0,0,2,10,.273,.600,.000,1.000,.392,.273,F,byarsde01
782,Norris Cole,CHI,1,28,2011,Cleveland State,2011-12,23,MIA,65,2,0,1260,177,450,156,374,21,76,66,85,21,70,91,133,44,2,105,124,441,.393,.417,.276,.776,.452,.417,G,coleno01
783,Kenneth Faried,DEN,1,22,2011,Morehead State,2011-12,22,DEN,46,39,0,1037,181,309,181,309,0,0,109,164,142,210,352,36,34,47,54,116,471,.586,.586,,.665,.618,.586,F-C,farieke01
784,Jimmer Fredette,MIL,1,10,2011,Brigham Young,2011-12,22,SAC,61,7,0,1135,172,446,94,230,78,216,40,48,17,56,73,108,30,3,67,73,462,.386,.409,.361,.833,.495,.473,G,fredeji01
785,Andrew Goudelock,LAL,2,46,2011,College of Charleston,2011-12,23,LAL,40,0,0,419,68,174,40,99,28,75,11,12,5,26,31,20,4,0,21,32,175,.391,.404,.373,.917,.488,.471,G,goudean01
786,Jordan Hamilton,DAL,1,26,2011,Texas,2011-12,21,DEN,26,2,0,258,48,111,31,64,17,47,2,5,11,51,62,20,4,3,16,15,115,.432,.484,.362,.400,.508,.509,G-F,hamiljo02
787,Justin Harper,CLE,2,32,2011,Richmond,2011-12,22,ORL,14,0,0,84,9,31,7,18,2,13,0,1,3,9,12,2,2,3,6,5,20,.290,.389,.154,.000,.318,.323,F,harpeju01
788,Josh Harrellson,NOH,2,45,2011,Kentucky,2011-12,22,NYK,37,4,0,540,63,149,43,90,20,59,16,26,47,97,144,11,23,20,20,48,162,.423,.478,.339,.615,.505,.490,C,harrejo01
789,Tobias Harris,CHA,1,19,2011,Tennessee,2011-12,19,MIL,42,9,0,479,79,169,73,146,6,23,44,54,30,71,101,22,13,7,31,45,208,.467,.500,.261,.815,.540,.485,F,harrito02
790,Darington Hobson,MIL,2,37,2010,New Mexico,2011-12,24,MIL,5,0,0,39,2,13,2,7,0,6,0,0,0,3,3,6,0,0,2,1,4,.154,.286,.000,,.154,.154,G,hobsoda01
791,Tyler Honeycutt,SAC,2,35,2011,UCLA,2011-12,21,SAC,15,0,0,88,8,24,7,21,1,3,3,5,3,11,14,7,4,3,2,3,20,.333,.333,.333,.600,.382,.354,F,honeyty01
792,Kyrie Irving,CLE,1,1,2011,Duke,2011-12,19,CLE,51,51,0,1558,350,747,277,564,73,183,171,196,44,147,191,275,54,20,160,110,944,.469,.491,.399,.872,.566,.517,G,irvinky01
793,Reggie Jackson,OKC,1,24,2011,Boston College,2011-12,21,OKC,45,0,0,501,51,159,38,97,13,62,25,29,14,39,53,71,25,1,36,31,140,.321,.392,.210,.862,.408,.362,G,jacksre01
794,Charles Jenkins,GSW,2,44,2011,Hofstra,2011-12,22,GSW,51,28,0,893,130,291,127,271,3,20,34,39,8,60,68,170,33,6,60,85,297,.447,.469,.150,.872,.482,.452,G,jenkich01
795,JaJuan Johnson,NJN,1,27,2011,Purdue,2011-12,22,BOS,36,0,0,298,54,121,54,121,0,0,6,9,20,38,58,6,5,14,14,25,114,.446,.446,,.667,.456,.446,F,johnsja02
796,Jerome Jordan,MIL,2,44,2010,Tulsa,2011-12,25,NYK,21,0,0,108,17,33,17,33,0,0,8,10,14,13,27,4,1,6,2,15,42,.515,.515,,.800,.561,.515,C,jordaje01
797,Cory Joseph,SAS,1,29,2011,Texas,2011-12,20,SAS,29,1,0,266,22,70,19,55,3,15,11,17,5,20,25,34,7,3,12,16,58,.314,.345,.200,.647,.374,.336,G,josepco01
798,Enes Freedom,UTA,1,3,2011,,2011-12,19,UTA,66,0,0,874,117,236,117,235,0,1,70,105,107,171,278,8,18,23,54,87,304,.496,.498,.000,.667,.539,.496,C,kanteen01
799,Brandon Knight,DET,1,8,2011,Kentucky,2011-12,20,DET,66,60,0,2129,319,769,214,493,105,276,104,137,33,178,211,251,49,10,171,154,847,.415,.434,.380,.759,.511,.483,G,knighbr03
800,Malcolm Lee,CHI,2,43,2011,UCLA,2011-12,21,MIN,19,0,0,243,23,59,21,49,2,10,14,17,9,17,26,31,8,4,17,22,62,.390,.429,.200,.824,.466,.407,G,leema01
801,Kawhi Leonard,IND,1,15,2011,San Diego State,2011-12,20,SAS,64,39,0,1534,199,404,158,295,41,109,68,88,104,223,327,70,85,24,44,88,507,.493,.536,.376,.773,.573,.543,F,leonaka01
802,Travis Leslie,LAC,2,47,2011,Georgia,2011-12,21,LAC,10,0,0,45,5,14,5,14,0,0,4,9,6,3,9,5,2,2,2,4,14,.357,.357,,.444,.390,.357,G,leslitr01
803,Jon Leuer,MIL,2,40,2011,Wisconsin,2011-12,22,MIL,46,12,0,555,97,191,94,182,3,9,21,28,45,75,120,25,14,17,18,67,218,.508,.516,.333,.750,.536,.516,F,leuerjo01
804,DeAndre Liggins,ORL,2,53,2011,Kentucky,2011-12,23,ORL,17,0,0,115,12,25,12,21,0,4,9,19,6,9,15,5,6,0,10,6,33,.480,.571,.000,.474,.495,.480,G,liggide01
805,Vernon Macklin,DET,2,52,2011,Florida,2011-12,25,DET,23,0,0,135,19,35,19,35,0,0,8,14,14,20,34,5,4,4,3,9,46,.543,.543,,.571,.559,.543,F,macklve01
806,Shelvin Mack,WAS,2,34,2011,Butler,2011-12,21,WAS,64,0,0,779,88,220,76,178,12,42,42,59,12,80,92,131,28,2,48,50,230,.400,.427,.286,.712,.468,.427,G,macksh01
807,E'Twaun Moore,BOS,2,55,2011,Purdue,2011-12,22,BOS,38,0,0,331,43,113,26,68,17,45,7,7,4,29,33,34,11,3,21,33,110,.381,.382,.378,1.000,.474,.456,G-F,mooreet01
808,Darius Morris,LAL,2,41,2011,Michigan,2011-12,21,LAL,19,0,0,169,18,42,14,33,4,9,6,9,2,14,16,21,2,0,19,16,46,.429,.424,.444,.667,.500,.476,G,morrida01
809,Markieff Morris,PHO,1,13,2011,Kansas,2011-12,22,PHO,63,7,0,1227,174,436,131,312,43,124,76,106,69,210,279,65,41,42,70,179,467,.399,.420,.347,.717,.484,.448,F,morrima02
810,Marcus Morris,HOU,1,14,2011,Kansas,2011-12,22,HOU,17,0,0,126,16,54,14,37,2,17,6,8,5,11,16,3,2,2,4,12,40,.296,.378,.118,.750,.348,.315,F,morrima03
811,Daniel Orton,ORL,1,29,2010,Kentucky,2011-12,21,ORL,16,2,0,187,17,30,17,29,0,1,11,25,19,20,39,5,8,9,7,30,45,.567,.586,.000,.440,.549,.567,C-F,ortonda01
812,Chandler Parsons,HOU,2,38,2011,Florida,2011-12,23,HOU,63,57,0,1804,248,549,188,371,60,178,43,78,90,210,300,134,73,29,81,142,599,.452,.507,.337,.551,.513,.506,F,parsoch01
813,Ryan Reid,IND,2,57,2010,Florida State,2011-12,25,OKC,5,0,0,17,4,5,4,5,0,0,0,0,1,1,2,0,0,0,1,1,8,.800,.800,,,.800,.800,F,reidry01
814,Ricky Rubio,MIN,1,5,2009,,2011-12,21,MIN,41,31,0,1404,139,389,107,295,32,94,126,157,21,150,171,336,91,8,131,97,436,.357,.363,.340,.803,.476,.398,G,rubiori01
815,Josh Selby,MEM,2,49,2011,Kansas,2011-12,20,MEM,28,0,0,237,25,72,23,57,2,15,11,14,2,13,15,30,7,0,29,17,63,.347,.404,.133,.786,.403,.361,G,selbyjo01
816,Iman Shumpert,NYK,1,17,2011,Georgia Tech,2011-12,21,NYK,59,35,0,1705,214,534,166,377,48,157,87,109,42,144,186,164,101,8,111,173,563,.401,.440,.306,.798,.484,.446,G,shumpim01
817,Chris Singleton,WAS,1,18,2011,Florida State,2011-12,22,WAS,66,51,0,1431,116,312,72,185,44,127,30,44,43,190,233,49,70,30,38,176,306,.372,.389,.346,.682,.462,.442,F,singlch01
818,Nolan Smith,POR,1,21,2011,Duke,2011-12,23,POR,44,4,0,541,67,180,54,135,13,45,20,28,17,39,56,62,18,3,42,55,167,.372,.400,.289,.714,.434,.408,G,smithno01
819,Isaiah Thomas,SAC,2,60,2011,Washington,2011-12,22,SAC,65,37,0,1656,256,571,173,352,83,219,154,185,48,120,168,266,53,8,105,121,749,.448,.491,.379,.832,.574,.521,G,thomais02
820,Klay Thompson,GSW,1,11,2011,Washington State,2011-12,21,GSW,66,29,0,1608,318,718,207,450,111,268,79,91,24,137,161,133,49,20,103,155,826,.443,.460,.414,.868,.545,.520,G-F,thompkl01
821,Tristan Thompson,CLE,1,4,2011,Texas,2011-12,20,CLE,60,25,0,1424,194,442,194,440,0,2,106,192,187,202,389,27,27,62,81,134,494,.439,.441,.000,.552,.469,.439,F-C,thomptr01
822,Trey Thompkins,LAC,2,37,2011,Georgia,2011-12,21,LAC,24,0,0,119,24,61,20,48,4,13,5,7,4,20,24,3,3,3,6,10,57,.393,.417,.308,.714,.445,.426,F,thomptr02
823,Jeremy Tyler,CHA,2,39,2011,,2011-12,20,GSW,42,23,0,568,88,209,88,208,0,1,29,52,54,86,140,16,16,20,36,84,205,.421,.423,.000,.558,.442,.421,C,tylerje01
824,Jan Veselý,WAS,1,6,2011,,2011-12,21,WAS,57,20,0,1078,117,218,117,217,0,1,33,62,101,148,249,47,39,32,60,156,267,.537,.539,.000,.532,.544,.537,F,veselja01
825,Nikola Vučević,PHI,1,16,2011,Southern California,2011-12,21,PHI,51,15,0,812,131,291,128,283,3,8,18,34,88,158,246,31,20,34,33,111,283,.450,.452,.375,.529,.462,.455,C,vucevni01
826,Kemba Walker,CHA,1,9,2011,Connecticut,2011-12,21,CHA,66,25,0,1792,281,767,212,541,69,226,168,213,30,204,234,289,60,20,119,79,799,.366,.392,.305,.789,.464,.411,G,walkeke02
827,Derrick Williams,MIN,1,2,2011,Arizona,2011-12,20,MIN,66,15,0,1418,205,498,168,360,37,138,136,195,77,234,311,38,30,31,77,95,583,.412,.467,.268,.697,.499,.449,F,willide02
828,Elliot Williams,POR,1,22,2010,Memphis,2011-12,22,POR,24,0,0,149,37,74,29,47,8,27,6,18,7,12,19,6,6,3,5,18,88,.500,.617,.296,.333,.537,.554,G,williel01
829,Jordan Williams,NJN,2,36,2011,Maryland,2011-12,21,NJN,43,5,0,635,77,152,77,152,0,0,43,66,66,90,156,11,21,15,23,61,197,.507,.507,,.652,.544,.507,F,willijo03
830,Solomon Alabi,DAL,2,50,2010,Florida State,2010-11,22,TOR,12,0,0,59,3,15,3,15,0,0,0,2,7,7,14,2,2,2,3,5,6,.200,.200,,.000,.189,.200,C,alabiso01
831,Cole Aldrich,NOH,1,11,2010,Kansas,2010-11,22,OKC,18,0,0,142,8,15,8,15,0,0,2,4,13,22,35,4,5,7,8,30,18,.533,.533,,.500,.537,.533,C,aldrico01
832,Al-Farouq Aminu,LAC,1,8,2010,Wake Forest,2010-11,20,LAC,81,14,0,1452,160,406,115,263,45,143,92,119,75,192,267,60,59,25,103,121,457,.394,.437,.315,.773,.499,.450,F,aminual01
833,James Anderson,SAS,1,20,2010,Oklahoma State,2010-11,21,SAS,26,2,0,286,31,81,13,35,18,46,14,18,2,21,23,18,3,6,13,24,94,.383,.371,.391,.778,.529,.494,G-F,anderja01
834,Ömer Aşık,POR,2,36,2008,,2010-11,24,CHI,82,0,0,989,78,141,78,141,0,0,73,145,112,194,306,32,20,56,64,153,229,.553,.553,,.503,.559,.553,C,asikom01
835,Luke Babbitt,MIN,1,16,2010,Nevada,2010-11,21,POR,24,0,0,137,15,55,12,39,3,16,3,9,6,24,30,6,2,2,8,15,36,.273,.308,.188,.333,.305,.300,F,babbilu01
836,Eric Bledsoe,OKC,1,18,2010,Kentucky,2010-11,21,LAC,81,25,0,1841,206,486,174,370,32,116,99,133,68,155,223,289,92,26,194,130,543,.424,.470,.276,.744,.499,.457,G,bledser01
837,Trevor Booker,MIN,1,23,2010,Clemson,2010-11,23,WAS,65,14,0,1063,139,253,139,252,0,1,68,101,98,153,251,35,29,42,38,115,346,.549,.552,.000,.673,.582,.549,F,booketr01
838,Craig Brackins,OKC,1,21,2010,Iowa State,2010-11,23,PHI,3,0,0,33,4,16,4,11,0,5,0,0,2,2,4,1,1,0,0,3,8,.250,.364,.000,,.250,.250,F,brackcr01
839,Avery Bradley,BOS,1,19,2010,Texas,2010-11,20,BOS,31,0,0,162,23,67,23,62,0,5,6,12,4,13,17,12,9,0,16,20,52,.343,.371,.000,.500,.360,.343,G,bradlav01
840,Derrick Caracter,LAL,2,58,2010,UTEP,2010-11,22,LAL,41,0,0,215,32,66,32,66,0,0,17,23,19,24,43,7,4,10,19,47,81,.485,.485,,.739,.532,.485,F,caracde01
841,DeMarcus Cousins,SAC,1,5,2010,Kentucky,2010-11,20,SAC,81,62,0,2309,432,1004,429,986,3,18,276,402,217,482,699,204,85,68,268,332,1143,.430,.435,.167,.687,.484,.432,C-F,couside01
842,Jordan Crawford,NJN,1,27,2010,Xavier,2010-11,22,ATLWAS,42,18,0,1027,192,500,159,372,33,128,73,84,31,74,105,117,39,3,83,63,490,.384,.427,.258,.869,.456,.417,G,crawfjo02
843,Ed Davis,TOR,1,13,2010,North Carolina,2010-11,21,TOR,65,17,0,1602,215,373,215,373,0,0,71,128,168,294,462,40,39,67,48,183,501,.576,.576,,.555,.583,.576,F,davised01
844,Devin Ebanks,LAL,2,43,2010,West Virginia,2010-11,21,LAL,20,0,0,118,21,51,19,46,2,5,18,23,15,12,27,2,4,5,6,7,62,.412,.413,.400,.783,.507,.431,F,ebankde01
845,Semih Erden,BOS,2,60,2008,,2010-11,24,BOSCLE,41,8,0,595,62,111,62,111,0,0,39,60,37,81,118,20,15,24,34,104,163,.559,.559,,.650,.593,.559,C,erdense01
846,Jeremy Evans,UTA,2,55,2010,Western Kentucky,2010-11,23,UTA,49,3,0,463,76,115,76,114,0,1,26,37,36,61,97,24,17,17,19,50,178,.661,.667,.000,.703,.678,.661,F,evansje01
847,Patrick Ewing,SAC,2,43,2008,Georgetown,2010-11,26,NOH,7,0,0,19,0,5,0,3,0,2,3,4,1,1,2,2,0,1,1,1,3,.000,.000,.000,.750,.222,.000,F,ewingpa02
848,Christian Eyenga,CLE,1,30,2009,,2010-11,21,CLE,44,18,0,947,130,306,105,215,25,91,18,28,27,96,123,35,34,28,47,78,303,.425,.488,.275,.643,.476,.466,F,eyengch01
849,Derrick Favors,NJN,1,3,2010,Georgia Tech,2010-11,19,NJNUTA,78,27,0,1535,215,416,215,416,0,0,103,173,171,241,412,39,29,68,77,246,533,.517,.517,,.595,.542,.517,F-C,favorde01
850,Landry Fields,NYK,2,39,2010,Stanford,2010-11,22,NYK,82,81,0,2541,299,602,213,383,86,219,113,147,105,416,521,155,80,17,107,114,797,.497,.556,.393,.769,.598,.568,F,fieldla01
851,Paul George,IND,1,10,2010,Fresno State,2010-11,20,IND,61,19,0,1265,179,395,138,257,41,138,77,101,37,187,224,65,62,26,70,127,476,.453,.537,.297,.762,.542,.505,F-G,georgpa01
852,Blake Griffin,LAC,1,1,2009,Oklahoma,2010-11,21,LAC,82,82,1,3112,696,1376,689,1352,7,24,446,695,270,719,989,312,63,45,223,252,1845,.506,.510,.292,.642,.549,.508,F-C,griffbl01
853,Luke Harangody,BOS,2,52,2010,Notre Dame,2010-11,23,BOSCLE,49,0,0,640,79,206,63,140,16,66,19,26,40,103,143,30,15,17,16,80,193,.383,.450,.242,.731,.444,.422,F,haranlu01
854,Gordon Hayward,UTA,1,9,2010,Butler,2010-11,20,UTA,72,17,0,1218,142,293,107,219,35,74,69,97,41,98,139,81,30,19,70,106,388,.485,.489,.473,.711,.578,.544,F-G,haywago01
855,Lazar Hayward,WAS,1,30,2010,Marquette,2010-11,24,MIN,42,0,0,419,55,154,38,94,17,60,33,42,23,47,70,28,12,7,19,44,160,.357,.404,.283,.786,.464,.412,F,haywala01
856,Xavier Henry,MEM,1,12,2010,Kansas,2010-11,19,MEM,38,16,0,527,65,160,63,143,2,17,33,52,9,28,37,18,11,3,13,48,165,.406,.441,.118,.635,.451,.413,G,henryxa01
857,Damion James,ATL,1,24,2010,Texas,2010-11,23,NJN,25,9,0,403,46,103,46,100,0,3,18,28,17,68,85,20,16,12,25,36,110,.447,.460,.000,.643,.477,.447,G-F,jamesda01
858,Armon Johnson,POR,2,34,2010,Nevada,2010-11,21,POR,38,0,0,277,46,101,41,89,5,12,13,22,11,25,36,45,5,1,38,31,110,.455,.461,.417,.591,.497,.480,G,johnsar02
859,Wesley Johnson,MIN,1,4,2010,Syracuse,2010-11,23,MIN,79,63,0,2069,271,682,168,393,103,289,64,92,51,189,240,148,58,54,95,163,709,.397,.427,.356,.696,.491,.473,F-G,johnswe01
860,Dominique Jones,MEM,1,25,2010,South Florida,2010-11,22,DAL,18,0,0,135,14,45,14,41,0,4,14,17,6,19,25,19,5,3,10,7,42,.311,.341,.000,.824,.400,.311,G,jonesdo02
861,Gani Lawal,PHO,2,46,2010,Georgia Tech,2010-11,22,PHO,1,0,0,2,0,0,0,0,0,0,0,0,0,0,0,0,0,0,0,1,0,,,,,,,F,lawalga01
862,Greg Monroe,DET,1,7,2010,Georgetown,2010-11,20,DET,80,48,0,2222,303,550,303,549,0,1,145,233,248,353,601,105,93,45,81,196,751,.551,.552,.000,.622,.575,.551,C-F,monrogr01
863,Hamady N'Diaye,MIN,2,56,2010,Rutgers,2010-11,24,WAS,16,0,0,80,4,5,4,5,0,0,6,12,2,5,7,0,2,5,3,18,14,.800,.800,,.500,.681,.800,C,ndiayha01
864,Patrick Patterson,HOU,1,14,2010,Kentucky,2010-11,21,HOU,52,6,0,868,149,267,149,265,0,2,30,42,86,114,200,41,17,37,31,77,328,.558,.562,.000,.714,.574,.558,F,pattepa01
865,Nikola Peković,MIN,2,31,2008,,2010-11,25,MIN,65,11,0,887,136,263,136,263,0,0,87,114,90,103,193,27,18,35,91,181,359,.517,.517,,.763,.573,.517,C,pekovni01
866,Dexter Pittman,MIA,2,32,2010,Texas,2010-11,22,MIA,2,0,0,11,1,3,1,3,0,0,0,0,1,2,3,0,0,0,2,2,2,.333,.333,,,.333,.333,C,pittmde01
867,Quincy Pondexter,OKC,1,26,2010,Washington,2010-11,22,NOH,66,6,0,734,73,180,55,130,18,50,24,34,23,65,88,28,17,10,16,63,188,.406,.423,.360,.706,.482,.456,G-F,pondequ01
868,Andy Rautins,NYK,2,38,2010,Syracuse,2010-11,24,NYK,5,0,0,24,3,7,2,3,1,4,1,2,0,1,1,3,1,0,7,0,8,.429,.667,.250,.500,.508,.500,G,rautian01
869,Larry Sanders,MIL,1,15,2010,VCU,2010-11,22,MIL,60,12,0,872,116,268,116,268,0,0,28,50,59,119,178,16,22,72,38,117,260,.433,.433,,.560,.448,.433,C-F,sandela01
870,Kevin Séraphin,CHI,1,17,2010,,2010-11,21,WAS,58,1,0,635,66,147,66,147,0,0,22,31,80,72,152,10,17,28,42,126,154,.449,.449,,.710,.479,.449,F,serapke01
871,Tiago Splitter,SAS,1,28,2007,,2010-11,26,SAS,60,6,0,738,101,191,101,190,0,1,76,140,72,129,201,26,29,17,32,91,278,.529,.532,.000,.543,.550,.529,F-C,splitti01
872,Lance Stephenson,IND,2,40,2010,Cincinnati,2010-11,20,IND,12,0,0,115,13,39,13,34,0,5,11,14,1,17,18,21,4,0,16,14,37,.333,.382,.000,.786,.410,.333,G-F,stephla01
873,Pape Sy,ATL,2,53,2010,,2010-11,22,ATL,3,0,0,21,2,6,2,5,0,1,3,3,2,1,3,2,1,0,3,1,7,.333,.400,.000,1.000,.478,.333,F,sypa01
874,Evan Turner,PHI,1,2,2010,Ohio State,2010-11,22,PHI,78,14,0,1797,225,529,211,485,14,44,101,125,42,264,306,159,49,14,80,138,565,.425,.435,.318,.808,.484,.439,G,turneev01
875,Ekpe Udoh,GSW,1,6,2010,Baylor,2010-11,23,GSW,58,18,0,1030,97,222,97,222,0,0,42,64,80,101,181,40,22,86,48,144,236,.437,.437,,.656,.472,.437,C-F,udohek01
876,Greivis Vásquez,MEM,1,28,2010,Maryland,2010-11,24,MEM,70,1,0,860,95,233,70,147,25,86,34,44,12,61,73,151,22,4,70,83,249,.408,.476,.291,.773,.493,.461,G,vasqugr01
877,John Wall,WAS,1,1,2010,Kentucky,2010-11,20,WAS,69,64,0,2606,398,972,364,857,34,115,301,393,35,282,317,574,121,35,261,175,1131,.409,.425,.296,.766,.494,.427,G,walljo01
878,Willie Warren,LAC,2,54,2010,Oklahoma,2010-11,21,LAC,19,0,0,134,13,35,8,20,5,15,6,8,1,11,12,27,6,0,8,16,37,.371,.400,.333,.750,.480,.443,G,warrewi01
879,Hassan Whiteside,SAC,2,33,2010,Marshall,2010-11,21,SAC,1,0,0,2,0,0,0,0,0,0,0,0,0,0,0,0,0,0,0,2,0,,,,,,,C,whiteha01
880,David Andersen,ATL,2,37,2002,,2009-10,29,HOU,63,0,0,891,147,340,120,262,27,78,46,67,54,154,208,44,15,12,37,119,367,.432,.458,.346,.687,.497,.472,C,anderda03
881,Rodrigue Beaubois,OKC,1,25,2009,,2009-10,21,DAL,56,16,0,700,155,299,110,189,45,110,42,52,12,66,78,74,29,12,54,84,397,.518,.582,.409,.808,.617,.594,G,beaubro01
882,DeJuan Blair,SAS,2,37,2009,Pittsburgh,2009-10,20,SAS,82,23,0,1494,275,495,275,493,0,2,88,161,200,326,526,65,50,39,112,224,638,.556,.558,.000,.547,.564,.556,F-C,blairde01
883,Jon Brockman,POR,2,38,2009,Washington,2009-10,22,SAC,52,4,0,654,55,103,55,103,0,0,37,62,105,108,213,22,15,5,23,115,147,.534,.534,,.597,.564,.534,F,brockjo01
884,Derrick Brown,CHA,2,40,2009,Xavier,2009-10,22,CHA,57,0,0,535,68,147,66,140,2,7,48,72,31,47,78,19,21,10,19,53,186,.463,.471,.286,.667,.520,.469,F,brownde04
885,Chase Budinger,DET,2,44,2009,Arizona,2009-10,21,HOU,74,4,0,1488,249,565,157,316,92,249,67,87,38,182,220,88,34,11,48,85,657,.441,.497,.369,.770,.545,.522,F,budinch01
886,DeMarre Carroll,MEM,1,27,2009,Missouri,2009-10,23,MEM,71,1,0,795,88,222,88,216,0,6,33,53,53,97,150,33,28,9,24,107,209,.396,.407,.000,.623,.426,.396,F,carrode01
887,Omri Casspi,SAC,1,23,2009,,2009-10,21,SAC,77,31,0,1931,300,672,225,469,75,203,117,174,75,274,349,95,54,17,98,125,792,.446,.480,.369,.672,.529,.502,F,casspom01
888,Earl Clark,PHO,1,14,2009,Louisville,2009-10,22,PHO,51,0,0,383,56,151,54,146,2,5,26,36,18,44,62,21,7,13,23,25,140,.371,.370,.400,.722,.420,.377,F,clarkea01
889,Darren Collison,NOH,1,21,2009,UCLA,2009-10,22,NOH,76,37,0,2109,376,789,330,674,46,115,148,174,41,151,192,432,78,4,202,92,946,.477,.490,.400,.851,.546,.506,G,collida01
890,Dante Cunningham,POR,2,33,2009,Villanova,2009-10,22,POR,63,2,0,707,106,214,106,212,0,2,31,48,54,106,160,14,24,22,15,97,243,.495,.500,.000,.646,.517,.495,F,cunnida01
891,JamesOn Curry,CHI,2,51,2007,Oklahoma State,2009-10,24,LAC,1,0,0,0,0,0,0,0,0,0,0,0,0,0,0,0,0,0,0,0,0,,,,,,,G,curryja01
892,Stephen Curry,GSW,1,7,2009,Davidson,2009-10,21,GSW,80,77,0,2896,528,1143,362,763,166,380,177,200,48,308,356,472,152,19,243,252,1399,.462,.474,.437,.885,.568,.535,G,curryst01
893,Austin Daye,DET,1,15,2009,Gonzaga,2009-10,21,DET,69,4,0,915,137,295,108,200,29,95,46,56,34,140,174,34,25,26,48,114,349,.464,.540,.305,.821,.546,.514,F,dayeau01
894,DeMar DeRozan,TOR,1,9,2009,Southern California,2009-10,20,TOR,77,65,0,1664,255,512,251,496,4,16,148,194,66,157,223,53,43,18,62,176,662,.498,.506,.250,.763,.554,.502,G-F,derozde01
895,Toney Douglas,LAL,1,29,2009,Florida State,2009-10,23,NYK,56,12,0,1087,179,391,111,216,68,175,55,68,40,68,108,112,42,3,55,116,481,.458,.514,.389,.809,.571,.545,G,douglto01
896,Wayne Ellington,MIN,1,28,2009,North Carolina,2009-10,22,MIN,76,1,0,1384,190,448,126,286,64,162,61,70,33,126,159,74,20,5,74,72,505,.424,.441,.395,.871,.527,.496,G,ellinwa01
897,Tyreke Evans,SAC,1,4,2009,Memphis,2009-10,20,SAC,72,72,0,2677,533,1165,497,1024,36,141,348,465,66,314,380,414,109,26,216,204,1450,.458,.485,.255,.748,.529,.473,G-F,evansty01
898,Jonny Flynn,MIN,1,6,2009,Syracuse,2009-10,20,MIN,81,81,0,2339,397,952,320,737,77,215,223,270,24,167,191,356,82,2,233,98,1094,.417,.434,.358,.826,.511,.457,G,flynnjo01
899,Taj Gibson,CHI,1,26,2009,Southern California,2009-10,24,CHI,82,70,0,2204,311,629,311,629,0,0,113,175,226,385,611,70,50,104,114,282,735,.494,.494,,.646,.521,.494,F-C,gibsota01
900,Danny Green,CLE,2,46,2009,North Carolina,2009-10,22,CLE,20,0,0,115,15,39,9,17,6,22,4,6,8,9,17,5,6,3,5,9,40,.385,.529,.273,.667,.480,.462,G-F,greenda02
901,Taylor Griffin,PHO,2,48,2009,Oklahoma,2009-10,23,PHO,8,0,0,32,4,10,4,8,0,2,2,4,0,2,2,1,0,2,1,4,10,.400,.500,.000,.500,.425,.400,F,griffta01
902,Tyler Hansbrough,IND,1,13,2009,North Carolina,2009-10,24,IND,29,1,0,511,81,225,81,221,0,4,84,113,60,78,138,28,17,8,21,70,246,.360,.367,.000,.743,.448,.360,F,hansbty01
903,James Harden,OKC,1,3,2009,Arizona State,2009-10,20,OKC,76,0,0,1738,233,578,140,330,93,248,194,240,47,197,244,137,80,20,106,200,753,.403,.424,.375,.808,.551,.484,G,hardeja01
904,Gerald Henderson,CHA,1,12,2009,Duke,2009-10,22,CHA,43,0,0,355,37,104,33,85,4,19,35,47,15,40,55,13,10,9,14,25,113,.356,.388,.211,.745,.453,.375,G,hendege02
905,Jordan Hill,NYK,1,8,2009,Arizona,2009-10,22,HOUNYK,47,0,0,624,99,201,99,199,0,2,46,68,76,99,175,20,14,21,30,92,244,.493,.497,.000,.676,.528,.493,C-F,hilljo01
906,Jrue Holiday,PHI,1,17,2009,UCLA,2009-10,19,PHI,73,51,0,1767,230,520,168,361,62,159,65,86,56,135,191,280,79,18,156,153,587,.442,.465,.390,.756,.526,.502,G,holidjr01
907,Lester Hudson,BOS,2,58,2009,UT Martin,2009-10,25,BOSMEM,25,0,0,131,21,53,16,37,5,16,11,13,7,11,18,13,8,3,14,12,58,.396,.432,.313,.846,.494,.443,G,hudsole01
908,Serge Ibaka,OKC,1,24,2008,,2009-10,20,OKC,73,0,0,1323,201,370,200,368,1,2,58,92,138,259,397,10,25,97,68,194,461,.543,.543,.500,.630,.562,.545,F-C,ibakase01
909,Brandon Jennings,MIL,1,10,2009,,2009-10,20,MIL,82,82,0,2671,451,1216,306,828,145,388,223,273,49,233,282,470,105,18,200,191,1270,.371,.370,.374,.817,.475,.431,G,jennibr01
910,Jonas Jerebko,DET,2,39,2009,,2009-10,22,DET,80,73,0,2232,290,603,254,488,36,115,125,176,194,284,478,58,79,29,82,230,741,.481,.520,.313,.710,.545,.511,F,jerebjo01
911,James Johnson,CHI,1,16,2009,Wake Forest,2009-10,22,CHI,65,11,0,757,95,210,80,164,15,46,51,70,34,94,128,48,21,43,62,126,256,.452,.488,.326,.729,.532,.488,F,johnsja01
912,Ty Lawson,MIN,1,18,2009,North Carolina,2009-10,22,DEN,65,8,0,1318,201,390,167,307,34,83,106,140,42,82,124,203,48,2,82,89,542,.515,.544,.410,.757,.600,.559,G,lawsoty01
913,Eric Maynor,UTA,1,20,2009,VCU,2009-10,22,OKCUTA,81,2,0,1269,154,368,132,297,22,71,52,72,21,108,129,266,40,10,85,115,382,.418,.444,.310,.722,.478,.448,G,maynoer01
914,Jodie Meeks,MIL,2,41,2009,Kentucky,2009-10,22,MILPHI,60,0,0,719,104,268,62,136,42,132,31,39,9,90,99,39,18,5,25,52,281,.388,.456,.318,.795,.493,.466,G,meeksjo01
915,Patty Mills,POR,2,55,2009,St. Mary's (CA),2009-10,21,POR,10,0,0,38,10,24,8,20,2,4,4,7,1,1,2,5,0,0,4,6,26,.417,.400,.500,.571,.480,.458,G,millspa02
916,Byron Mullens,DAL,1,24,2009,Ohio State,2009-10,20,OKC,13,0,0,54,7,19,7,19,0,0,0,0,3,7,10,1,2,0,4,13,14,.368,.368,,,.368,.368,C-F,mulleby01
917,Jeff Ayres,SAC,2,31,2009,Arizona State,2009-10,22,POR,39,4,0,405,43,65,43,65,0,0,18,20,25,73,98,1,7,16,12,76,104,.662,.662,,.900,.705,.662,F,pendeje02
918,A.J. Price,IND,2,52,2009,Connecticut,2009-10,23,IND,56,2,0,865,145,354,85,180,60,174,60,75,12,76,88,106,35,3,59,53,410,.410,.472,.345,.800,.530,.494,G,priceaj01
919,DaJuan Summers,DET,2,35,2009,Georgetown,2009-10,22,DET,44,0,0,405,46,130,31,88,15,42,27,38,14,31,45,16,8,7,16,52,134,.354,.352,.357,.711,.457,.412,F,summeda01
920,Jermaine Taylor,WAS,2,32,2009,UCF,2009-10,23,HOU,31,4,0,303,45,119,40,97,5,22,33,46,21,25,46,16,10,3,19,15,128,.378,.412,.227,.717,.460,.399,G,tayloje02
921,Jeff Teague,ATL,1,19,2009,Wake Forest,2009-10,21,ATL,71,3,0,719,90,227,83,195,7,32,41,49,5,62,67,122,34,11,50,82,228,.396,.426,.219,.837,.459,.412,G,teaguje01
922,Hasheem Thabeet,MEM,1,2,2009,Connecticut,2009-10,22,MEM,68,13,0,883,77,131,77,131,0,0,54,93,85,158,243,11,15,89,43,162,208,.588,.588,,.581,.605,.588,C,thabeha01
923,Marcus Thornton,MIA,2,43,2009,Louisiana State,2009-10,22,NOH,73,17,0,1872,398,883,281,570,117,313,144,177,72,139,211,114,58,11,76,127,1057,.451,.493,.374,.814,.550,.517,G,thornma01
924,Terrence Williams,NJN,1,11,2009,Louisville,2009-10,22,NJN,78,9,0,1764,261,651,230,551,31,100,103,144,46,302,348,223,43,10,124,126,656,.401,.417,.310,.715,.459,.425,F,willite01
925,Sam Young,MEM,2,36,2009,Pittsburgh,2009-10,24,MEM,80,1,0,1321,224,497,213,441,11,56,136,175,77,124,201,52,34,20,94,106,595,.451,.483,.196,.777,.518,.462,F,youngsa01
926,Alexis Ajinça,CHA,1,20,2008,,2008-09,20,CHA,31,4,0,182,25,69,25,67,0,2,20,28,9,21,30,3,7,6,12,34,70,.362,.373,.000,.714,.430,.362,C-F,ajincal01
927,Joe Alexander,MIL,1,8,2008,West Virginia,2008-09,22,MIL,59,0,0,716,102,245,86,199,16,46,58,83,44,71,115,42,15,29,52,107,278,.416,.432,.348,.699,.494,.449,F,alexajo01
928,Ryan Anderson,NJN,1,21,2008,California,2008-09,20,NJN,66,30,0,1312,160,407,91,218,69,189,98,116,104,207,311,52,44,20,63,157,487,.393,.417,.365,.845,.532,.478,F,anderry01
929,Darrell Arthur,NOH,1,27,2008,Kansas,2008-09,20,MEM,76,64,0,1464,191,436,191,434,0,2,40,60,108,238,346,43,52,52,47,206,422,.438,.440,.000,.667,.456,.438,F,arthuda01
930,D.J. Augustin,CHA,1,9,2008,Texas,2008-09,21,CHA,72,12,0,1908,267,621,159,375,108,246,208,233,17,116,133,250,42,2,119,140,850,.430,.424,.439,.893,.587,.517,G,augusdj01
931,Nicolas Batum,HOU,1,25,2008,,2008-09,20,POR,79,76,0,1454,161,361,99,193,62,168,42,52,84,136,220,74,50,40,50,139,426,.446,.513,.369,.808,.555,.532,F-G,batumni01
932,Jerryd Bayless,IND,1,11,2008,Arizona,2008-09,20,POR,53,0,0,655,69,189,62,162,7,27,83,103,8,49,57,78,16,2,56,81,228,.365,.383,.259,.806,.487,.384,G,bayleje01
933,Michael Beasley,MIA,1,2,2008,Kansas State,2008-09,20,MIA,81,19,0,2009,452,957,419,876,33,81,186,241,110,329,439,83,41,37,121,184,1123,.472,.478,.407,.772,.528,.490,F,beaslmi01
934,Mario Chalmers,MIN,2,34,2008,Kansas,2008-09,22,MIA,82,82,0,2626,278,662,164,351,114,311,148,193,37,191,228,403,160,8,165,240,818,.420,.467,.367,.767,.548,.506,G,chalmma01
935,Joe Crawford,LAL,2,58,2008,Kentucky,2008-09,22,NYK,2,0,0,23,3,10,2,6,1,4,2,2,1,3,4,1,1,0,0,2,9,.300,.333,.250,1.000,.414,.350,F,crawfjo01
936,Joey Dorsey,POR,2,33,2008,Memphis,2008-09,25,HOU,3,0,0,6,1,2,1,2,0,0,0,0,0,1,1,1,0,0,0,0,2,.500,.500,,,.500,.500,F,dorsejo01
937,Chris Douglas-Roberts,NJN,2,40,2008,Memphis,2008-09,22,NJN,44,3,0,585,81,176,78,164,3,12,51,62,14,36,50,52,12,7,31,34,216,.460,.476,.250,.823,.531,.469,G,douglch01
938,Goran Dragić,SAS,2,45,2008,,2008-09,22,PHO,55,1,0,728,88,224,68,170,20,54,50,65,33,70,103,111,29,3,73,87,246,.393,.400,.370,.769,.487,.438,G,dragigo01
939,Rudy Fernández,PHO,1,24,2007,,2008-09,23,POR,78,4,0,1993,268,630,109,232,159,398,120,143,47,160,207,159,69,12,86,111,815,.425,.470,.399,.839,.588,.552,G,fernaru01
940,Danilo Gallinari,NYK,1,6,2008,,2008-09,20,NYK,28,2,0,412,56,125,24,53,32,72,26,27,13,42,55,15,14,4,15,48,170,.448,.453,.444,.963,.621,.576,F,gallida01
941,Marc Gasol,LAL,2,48,2007,,2008-09,24,MEM,82,75,0,2521,350,661,350,660,0,1,275,375,201,404,605,143,63,90,164,265,975,.530,.530,.000,.733,.590,.530,C,gasolma01
942,J.R. Giddens,BOS,1,30,2008,New Mexico,2008-09,23,BOS,6,0,0,8,2,3,2,3,0,0,0,0,2,1,3,0,1,0,1,1,4,.667,.667,,,.667,.667,G,giddejr01
943,Eric Gordon,LAC,1,7,2008,Indiana,2008-09,20,LAC,78,65,0,2677,411,901,280,564,131,337,299,350,45,156,201,215,78,35,164,172,1252,.456,.496,.389,.854,.593,.529,G-F,gordoer01
944,Donté Greene,MEM,1,28,2008,Syracuse,2008-09,20,SAC,55,4,0,725,77,236,51,136,26,100,29,34,19,67,86,30,16,14,37,68,209,.326,.375,.260,.853,.416,.381,F,greendo01
945,Malik Hairston,PHO,2,48,2008,Oregon,2008-09,21,SAS,15,0,0,155,24,49,24,48,0,1,2,7,11,17,28,13,6,7,12,19,50,.490,.500,.000,.286,.480,.490,G,hairsma01
946,Roy Hibbert,TOR,1,17,2008,Georgetown,2008-09,22,IND,70,42,0,1009,198,420,198,420,0,0,98,147,115,128,243,49,20,76,55,215,494,.471,.471,,.667,.510,.471,C,hibbero01
947,J.J. Hickson,CLE,1,19,2008,NC State,2008-09,20,CLE,62,0,0,705,100,194,100,194,0,0,45,67,52,113,165,9,14,30,45,81,245,.515,.515,,.672,.548,.515,F-C,hicksjj01
948,George Hill,SAS,1,26,2008,IU Indy,2008-09,22,SAS,77,7,0,1270,150,372,126,299,24,73,114,146,30,128,158,136,45,21,74,150,438,.403,.421,.329,.781,.502,.435,G,hillge01
949,Darnell Jackson,MIA,2,52,2008,Kansas,2008-09,23,CLE,51,2,0,430,37,86,37,84,0,2,24,35,32,55,87,8,10,4,14,77,98,.430,.440,.000,.686,.483,.430,F,jacksda01
950,Nathan Jawai,IND,2,41,2008,,2008-09,22,TOR,6,0,0,19,1,4,1,4,0,0,0,0,1,1,2,0,0,0,2,3,2,.250,.250,,,.250,.250,C-F,jawaina01
951,DeAndre Jordan,LAC,2,35,2008,Texas A&M,2008-09,20,LAC,53,13,0,771,93,147,93,147,0,0,42,109,72,165,237,11,11,59,41,96,228,.633,.633,,.385,.585,.633,C,jordade01
952,Kosta Koufos,UTA,1,23,2008,Ohio State,2008-09,19,UTA,48,7,0,565,94,185,94,185,0,0,36,51,50,88,138,20,12,31,26,70,224,.508,.508,,.706,.540,.508,C,koufoko01
953,Courtney Lee,ORL,1,22,2008,Western Kentucky,2008-09,23,ORL,77,42,0,1939,243,540,161,337,82,203,78,94,18,160,178,91,76,14,69,157,646,.450,.478,.404,.830,.556,.526,G,leeco01
954,Brook Lopez,NJN,1,10,2008,Stanford,2008-09,20,NJN,82,75,0,2501,448,844,448,842,0,2,172,217,225,440,665,86,44,151,147,257,1068,.531,.532,.000,.793,.568,.531,C,lopezbr01
955,Robin Lopez,PHO,1,15,2008,Stanford,2008-09,20,PHO,60,7,0,614,71,137,71,136,0,1,47,68,52,66,118,8,11,41,28,97,189,.518,.522,.000,.691,.566,.518,C,lopezro01
956,Kevin Love,MEM,1,5,2008,UCLA,2008-09,20,MIN,81,37,0,2048,316,688,314,669,2,19,265,336,274,460,734,84,35,50,118,205,899,.459,.469,.105,.789,.538,.461,F-C,loveke01
957,O.J. Mayo,MIN,1,3,2008,Southern California,2008-09,21,MEM,82,82,0,3120,562,1283,417,905,145,378,247,281,56,252,308,262,91,13,226,204,1516,.438,.461,.384,.879,.539,.495,G,mayooj01
958,Luc Mbah a Moute,MIL,2,37,2008,UCLA,2008-09,22,MIL,82,52,0,2114,227,491,227,487,0,4,140,192,189,298,487,87,87,45,100,204,594,.462,.466,.000,.729,.516,.462,F,mbahalu01
959,JaVale McGee,WAS,1,18,2008,Nevada,2008-09,21,WAS,75,14,0,1143,191,387,191,387,0,0,107,162,120,174,294,23,33,75,61,155,489,.494,.494,,.660,.534,.494,C,mcgeeja01
960,Greg Oden,POR,1,1,2007,Ohio State,2008-09,21,POR,61,39,0,1314,198,351,198,351,0,0,144,226,169,255,424,31,25,69,87,238,540,.564,.564,,.637,.599,.564,C,odengr01
961,Anthony Randolph,GSW,1,14,2008,Louisiana State,2008-09,19,GSW,63,22,0,1129,199,431,199,427,0,4,101,141,128,235,363,49,42,74,80,141,499,.462,.466,.000,.716,.506,.462,F,randoan01
962,Derrick Rose,CHI,1,1,2008,Memphis,2008-09,20,CHI,81,80,0,3000,574,1208,558,1136,16,72,197,250,96,221,317,512,66,18,202,125,1361,.475,.491,.222,.788,.516,.482,G,rosede01
963,Brandon Rush,POR,1,13,2008,Kansas,2008-09,23,IND,75,19,0,1803,243,575,165,366,78,209,46,66,34,199,233,66,38,37,75,128,610,.423,.451,.373,.697,.505,.490,G-F,rushbr01
964,Walter Sharpe,OKC,2,32,2008,UAB,2008-09,22,DET,8,0,0,20,4,11,4,9,0,2,0,2,0,3,3,0,0,2,0,3,8,.364,.444,.000,.000,.337,.364,F,sharpwa01
965,Sean Singletary,SAC,2,42,2008,Virginia,2008-09,23,CHAPHO,37,2,0,303,31,85,21,60,10,25,18,21,10,25,35,29,11,0,23,45,90,.365,.350,.400,.857,.478,.424,G,singlse01
966,Marreese Speights,PHI,1,16,2008,Florida,2008-09,21,PHI,79,2,0,1263,252,502,250,494,2,8,102,132,123,170,293,30,27,56,46,181,608,.502,.506,.250,.773,.543,.504,C-F,speigma01
967,Mike Taylor,POR,2,55,2008,Iowa State,2008-09,23,LAC,51,5,0,771,110,267,97,227,13,40,56,81,22,65,87,106,36,0,73,84,289,.412,.427,.325,.691,.477,.436,G,taylomi01
968,Jason Thompson,SAC,1,12,2008,Rider,2008-09,22,SAC,82,56,0,2303,356,717,356,709,0,8,198,286,234,372,606,93,46,59,146,314,910,.497,.502,.000,.692,.540,.497,F-C,thompja02
969,Roko Ukić,TOR,2,41,2005,,2008-09,24,TOR,72,0,0,890,123,324,112,262,11,62,44,60,27,48,75,153,30,2,60,77,301,.380,.427,.177,.733,.430,.397,G,ukicro01
970,Henry Walker,WAS,2,47,2008,Kansas State,2008-09,21,BOS,29,0,0,216,36,58,36,57,0,1,16,23,8,21,29,13,6,2,18,51,88,.621,.632,.000,.696,.646,.621,F,walkebi01
971,Kyle Weaver,CHA,2,38,2008,Washington State,2008-09,22,OKC,56,19,0,1166,113,246,81,153,32,93,41,58,31,99,130,101,47,25,69,81,299,.459,.529,.344,.707,.551,.524,G,weaveky01
972,Sonny Weems,CHI,2,39,2008,Arkansas,2008-09,22,DEN,12,0,0,55,8,25,8,22,0,3,3,8,0,4,4,3,1,0,6,8,19,.320,.364,.000,.375,.333,.320,G-F,weemsso01
973,Russell Westbrook,OKC,1,4,2008,UCLA,2008-09,20,OKC,82,65,0,2668,436,1095,401,966,35,129,349,428,178,221,399,435,110,16,274,191,1256,.398,.415,.271,.815,.489,.414,G,westbru01
974,D.J. White,DET,1,29,2008,Indiana,2008-09,22,OKC,7,0,0,130,26,50,26,50,0,0,10,13,10,22,32,6,3,5,3,10,62,.520,.520,,.769,.556,.520,F,whitedj01
975,Sun Yue,LAL,2,40,2007,,2008-09,23,LAL,10,0,0,28,3,11,3,5,0,6,0,0,0,0,0,2,1,1,3,10,6,.273,.600,.000,,.273,.273,G,yuesu01
976,Arron Afflalo,DET,1,27,2007,UCLA,2007-08,22,DET,75,9,0,970,99,241,89,193,10,48,68,87,36,101,137,52,31,8,34,83,276,.411,.461,.208,.782,.494,.432,G-F,afflaar01
977,Morris Almond,UTA,1,25,2007,Rice,2007-08,22,UTA,9,0,0,39,4,15,3,11,1,4,4,6,0,2,2,3,1,0,2,5,13,.267,.273,.250,.667,.368,.300,G,almonmo01
978,Marco Belinelli,GSW,1,18,2007,,2007-08,21,GSW,33,0,0,241,36,93,20,52,16,41,7,9,3,11,14,15,5,0,12,15,95,.387,.385,.390,.778,.490,.473,G-F,belinma01
979,Corey Brewer,MIN,1,7,2007,Florida,2007-08,21,MIN,79,35,0,1803,182,486,175,450,7,36,88,110,82,210,292,111,76,25,89,188,459,.374,.389,.194,.800,.429,.382,F-G,breweco01
980,Aaron Brooks,HOU,1,26,2007,Oregon,2007-08,23,HOU,51,0,0,608,93,225,57,116,36,109,42,49,13,43,56,87,13,5,44,69,264,.413,.491,.330,.857,.535,.493,G,brookaa01
981,Wilson Chandler,NYK,1,23,2007,DePaul,2007-08,20,NYK,35,16,0,685,106,242,97,212,9,30,34,54,38,89,127,33,15,16,27,83,255,.438,.458,.300,.630,.480,.457,F,chandwi01
982,Mike Conley,MEM,1,4,2007,Ohio State,2007-08,20,MEM,53,46,0,1381,189,442,159,351,30,91,90,123,21,118,139,222,44,2,89,85,498,.428,.453,.330,.732,.502,.462,G,conlemi01
983,Daequan Cook,PHI,1,21,2007,Ohio State,2007-08,20,MIA,59,19,0,1441,196,514,117,276,79,238,47,57,20,157,177,75,23,9,63,157,518,.381,.424,.332,.825,.480,.458,G,cookda02
984,Javaris Crittenton,LAL,1,19,2007,Georgia Tech,2007-08,20,LALMEM,50,0,0,679,98,233,88,196,10,37,72,104,27,83,110,51,19,2,55,47,278,.421,.449,.270,.692,.499,.442,G,crittja01
985,Jermareo Davidson,GSW,2,36,2007,Alabama,2007-08,23,CHA,38,2,0,322,51,125,51,125,0,0,18,28,21,41,62,13,7,15,17,46,120,.408,.408,,.643,.437,.408,F,davidje01
986,Glen Davis,OKC,2,35,2007,Louisiana State,2007-08,22,BOS,69,1,0,940,107,221,107,221,0,0,99,150,95,113,208,28,31,20,65,160,313,.484,.484,,.660,.545,.484,F-C,davisgl01
987,Guillermo Díaz,LAC,2,52,2006,Miami (FL),2007-08,22,LAC,6,0,0,18,1,4,1,3,0,1,3,5,2,0,2,1,0,0,0,0,5,.250,.333,.000,.600,.403,.250,G,diazgu01
988,Jared Dudley,CHA,1,22,2007,Boston College,2007-08,22,CHA,73,14,0,1384,163,348,154,307,9,41,87,118,121,165,286,81,55,10,50,128,422,.468,.502,.220,.737,.528,.481,F-G,dudleja01
989,Kevin Durant,OKC,1,2,2007,Texas,2007-08,19,SEA,80,80,0,2768,587,1366,528,1161,59,205,391,448,70,278,348,192,78,75,232,122,1624,.430,.455,.288,.873,.519,.451,F-G,duranke01
990,Nick Fazekas,DAL,2,34,2007,Nevada,2007-08,22,DALLAC,26,0,0,269,46,82,46,80,0,2,15,22,34,55,89,11,8,11,13,25,107,.561,.575,.000,.682,.584,.561,F,fazekni01
991,Kyrylo Fesenko,PHI,2,38,2007,,2007-08,21,UTA,9,0,0,70,6,16,6,16,0,0,2,4,14,11,25,2,0,3,8,19,14,.375,.375,,.500,.394,.375,C,fesenky01
992,Marcin Gortat,PHO,2,57,2005,,2007-08,23,ORL,6,0,0,41,8,17,8,17,0,0,2,3,8,8,16,2,1,1,2,4,18,.471,.471,,.667,.491,.471,C-F,gortama01
993,Aaron Gray,CHI,2,49,2007,Pittsburgh,2007-08,23,CHI,61,1,0,613,103,204,103,203,0,1,56,99,70,98,168,41,21,16,57,117,262,.505,.507,.000,.566,.529,.505,C,grayaa01
994,Jeff Green,BOS,1,5,2007,Georgetown,2007-08,21,SEA,80,52,0,2253,320,749,299,673,21,76,177,238,101,278,379,119,46,49,158,198,838,.427,.444,.276,.744,.491,.441,F,greenje02
995,Taurean Green,POR,2,52,2007,Florida,2007-08,21,DENPOR,17,0,0,74,7,25,5,14,2,11,11,12,0,10,10,11,2,0,9,5,27,.280,.357,.182,.917,.446,.320,G,greenta01
996,Spencer Hawes,SAC,1,10,2007,Washington,2007-08,19,SAC,71,8,0,931,146,318,142,297,4,21,38,58,68,162,230,44,14,40,56,128,334,.459,.478,.190,.655,.486,.465,C-F,hawessp01
997,Al Horford,ATL,1,3,2007,Florida,2007-08,21,ATL,81,77,0,2540,333,668,333,663,0,5,155,212,248,537,785,124,60,76,137,267,821,.499,.502,.000,.731,.539,.499,C-F,horfoal01
998,Yi Jianlian,MIL,1,6,2007,,2007-08,20,MIL,66,49,0,1647,219,520,213,499,6,21,122,145,106,238,344,55,36,56,90,153,566,.421,.427,.286,.841,.485,.427,F,jianlyi01
999,Carl Landry,OKC,2,31,2007,Purdue,2007-08,24,HOU,42,0,0,711,135,219,135,218,0,1,72,109,96,111,207,21,17,7,26,98,342,.616,.619,.000,.661,.641,.616,F,landrca01
1000,Stéphane Lasme,GSW,2,46,2007,Massachusetts,2007-08,25,GSWMIA,16,4,0,303,32,71,32,71,0,0,19,32,26,27,53,3,13,22,15,35,83,.451,.451,,.594,.488,.451,F,lasmest01
1001,Acie Law,ATL,1,11,2007,Texas A&M,2007-08,23,ATL,56,6,0,865,95,237,88,203,7,34,38,48,12,45,57,113,29,0,56,73,235,.401,.433,.206,.792,.455,.416,G,lawac01
1002,Ian Mahinmi,SAS,1,28,2005,,2007-08,21,SAS,6,0,0,23,6,12,6,12,0,0,9,9,0,5,5,1,0,4,2,4,21,.500,.500,,1.000,.658,.500,C,mahinia01
1003,Dominic McGuire,WAS,2,47,2007,Fresno State,2007-08,22,WAS,70,1,0,695,39,103,38,97,1,6,14,32,53,86,139,40,20,26,40,76,93,.379,.392,.167,.438,.397,.383,F,mcguido01
1004,Josh McRoberts,POR,2,37,2007,Duke,2007-08,20,POR,8,0,0,28,6,10,6,9,0,1,0,0,2,8,10,2,1,0,2,1,12,.600,.667,.000,,.600,.600,F-C,mcrobjo01
1005,Juan Carlos Navarro,WAS,2,40,2002,,2007-08,27,MEM,82,30,0,2117,308,766,152,334,156,432,124,146,34,176,210,177,48,1,134,94,896,.402,.455,.361,.849,.540,.504,G,navarju01
1006,Demetris Nichols,POR,2,53,2007,Syracuse,2007-08,23,CHICLE,14,0,0,44,6,23,3,10,3,13,0,0,0,5,5,1,0,3,4,4,15,.261,.300,.231,,.326,.326,F,nichode01
1007,Joakim Noah,CHI,1,9,2007,Florida,2007-08,22,CHI,74,31,0,1534,177,367,177,366,0,1,134,194,174,242,416,84,68,64,89,173,488,.482,.484,.000,.691,.539,.482,C,noahjo01
1008,Oleksiy Pecherov,WAS,1,18,2006,,2007-08,22,WAS,35,0,0,320,44,125,27,65,17,60,20,31,21,45,66,7,6,5,17,30,125,.352,.415,.283,.645,.451,.420,C,pecheol01
1009,Kosta Perović,GSW,2,38,2006,,2007-08,22,GSW,7,0,0,38,3,10,3,10,0,0,4,6,6,7,13,1,0,2,1,6,10,.300,.300,,.667,.396,.300,C,perovko01
1010,Gabe Pruitt,BOS,2,32,2007,Southern California,2007-08,21,BOS,15,0,0,95,14,39,11,27,3,12,1,2,1,7,8,13,5,0,5,10,32,.359,.407,.250,.500,.401,.397,G,pruitga01
1011,Chris Richard,MIN,2,41,2007,Florida,2007-08,23,MIN,52,3,0,556,41,87,41,87,0,0,16,27,52,83,135,18,10,12,24,83,98,.471,.471,,.593,.496,.471,F,richach01
1012,Cheikh Samb,LAL,2,51,2006,,2007-08,23,DET,4,0,0,31,3,4,3,4,0,0,1,2,3,4,7,0,1,2,1,8,7,.750,.750,,.500,.717,.750,C,sambch01
1013,Luis Scola,SAS,2,56,2002,,2007-08,27,HOU,82,39,0,2024,345,670,345,667,0,3,157,235,174,351,525,106,60,19,105,235,847,.515,.517,.000,.668,.548,.515,F,scolalu01
1014,Ramon Sessions,MIL,2,56,2007,Nevada,2007-08,21,MIL,17,7,0,450,51,117,48,110,3,7,32,41,8,50,58,127,17,3,36,26,137,.436,.436,.429,.780,.507,.449,G,sessira01
1015,Jason Smith,MIA,1,20,2007,Colorado State,2007-08,21,PHI,76,1,0,1107,141,310,137,296,4,14,54,82,77,153,230,20,22,50,48,142,340,.455,.463,.286,.659,.491,.461,F-C,smithja02
1016,D.J. Strawberry,PHO,2,59,2007,Maryland,2007-08,22,PHO,33,0,0,270,29,92,23,67,6,25,9,19,9,19,28,30,12,6,11,36,73,.315,.343,.240,.474,.364,.348,G,strawdj01
1017,Rodney Stuckey,DET,1,15,2007,Eastern Washington,2007-08,21,DET,57,2,0,1081,153,382,150,366,3,16,127,156,32,97,129,160,49,6,78,113,436,.401,.410,.188,.814,.484,.404,G,stuckro01
1018,Al Thornton,LAC,1,14,2007,Florida State,2007-08,24,LAC,79,31,0,2158,374,871,331,741,43,130,214,288,98,260,358,98,46,43,128,195,1005,.429,.447,.331,.743,.504,.454,F,thornal01
1019,Alando Tucker,PHO,1,29,2007,Wisconsin,2007-08,23,PHO,6,0,0,48,8,22,7,18,1,4,5,6,4,4,8,0,0,1,0,2,22,.364,.389,.250,.833,.446,.386,F,tuckeal02
1020,Marcus Williams,SAS,2,33,2007,Arizona,2007-08,21,LACSAS,11,0,0,36,5,20,5,20,0,0,0,0,4,8,12,3,1,1,0,3,10,.250,.250,,,.250,.250,F,willima04
1021,Sean Williams,NJN,1,17,2007,Boston College,2007-08,21,NJN,73,29,0,1278,164,305,164,305,0,0,81,133,115,207,322,28,28,106,70,193,409,.538,.538,,.609,.563,.538,C-F,willise01
1022,Brandan Wright,CHA,1,8,2007,North Carolina,2007-08,20,GSW,38,6,0,376,62,112,62,112,0,0,27,40,38,61,99,9,6,22,13,36,151,.554,.554,,.675,.583,.554,F-C,wrighbr03
1023,Julian Wright,NOH,1,13,2007,Kansas,2007-08,20,NOH,57,1,0,640,90,169,80,145,10,24,33,52,33,84,117,40,29,12,34,43,223,.533,.552,.417,.635,.581,.562,F,wrighju01
1024,Nick Young,WAS,1,16,2007,Southern California,2007-08,22,WAS,75,2,0,1158,210,478,170,378,40,100,101,124,23,92,115,63,35,7,94,130,561,.439,.450,.400,.815,.527,.481,G-F,youngni01
1025,Thaddeus Young,PHI,1,12,2007,Georgia Tech,2007-08,19,PHI,74,22,0,1554,264,490,258,471,6,19,76,103,120,192,312,58,73,8,64,126,610,.539,.548,.316,.738,.570,.545,F,youngth01
1026,Hassan Adams,NJN,2,54,2006,Arizona,2006-07,22,NJN,61,8,0,495,75,135,75,134,0,1,24,36,35,42,77,13,17,4,22,47,174,.556,.560,.000,.667,.577,.556,G,adamsha01
1027,Maurice Ager,DAL,1,28,2006,Michigan State,2006-07,22,DAL,32,1,0,214,22,70,17,55,5,15,20,33,1,20,21,7,4,3,15,27,69,.314,.309,.333,.606,.408,.350,G,agerma01
1028,LaMarcus Aldridge,CHI,1,2,2006,Texas,2006-07,21,POR,63,22,0,1392,241,479,241,477,0,2,83,115,144,168,312,24,22,73,43,186,565,.503,.505,.000,.722,.533,.503,F-C,aldrila01
1029,Hilton Armstrong,NOH,1,12,2006,Connecticut,2006-07,22,NOK,56,5,0,634,68,125,68,125,0,0,40,67,58,91,149,10,12,26,35,79,176,.544,.544,,.597,.570,.544,F-C,armsthi01
1030,James Augustine,ORL,2,41,2006,Illinois,2006-07,22,ORL,2,0,0,7,1,3,1,3,0,0,0,0,1,2,3,2,0,0,0,2,2,.333,.333,,,.333,.333,F,augusja01
1031,Renaldo Balkman,NYK,1,20,2006,South Carolina,2006-07,22,NYK,68,1,0,1064,139,275,134,248,5,27,51,90,97,197,294,44,57,44,49,146,334,.505,.540,.185,.567,.531,.515,F,balkmre01
1032,Andrea Bargnani,TOR,1,1,2006,,2006-07,21,TOR,65,2,0,1629,267,625,167,357,100,268,117,142,52,203,255,50,32,53,107,180,751,.427,.468,.373,.824,.546,.507,F-C,bargnan01
1033,Will Blalock,DET,2,60,2006,Iowa State,2006-07,23,DET,14,0,0,166,9,30,8,25,1,5,6,6,6,9,15,17,5,0,12,9,25,.300,.320,.200,1.000,.383,.317,G,blalowi01
1034,Josh Boone,NJN,1,23,2006,Connecticut,2006-07,22,NJN,61,0,0,669,99,171,99,171,0,0,56,103,64,112,176,10,11,21,33,94,254,.579,.579,,.544,.587,.579,F-C,boonejo01
1035,Ronnie Brewer,UTA,1,14,2006,Arkansas,2006-07,21,UTA,56,14,0,675,102,193,102,184,0,9,56,83,37,38,75,24,37,6,24,44,260,.528,.554,.000,.675,.566,.528,G-F,brewero02
1036,Dee Brown,UTA,2,46,2006,Illinois,2006-07,22,UTA,49,0,0,450,32,98,26,70,6,28,24,37,8,32,40,83,22,7,31,51,94,.327,.371,.214,.649,.411,.357,G,brownde03
1037,Shannon Brown,CLE,1,25,2006,Michigan State,2006-07,21,CLE,23,5,0,202,28,74,21,49,7,25,10,14,6,15,21,10,7,3,14,24,73,.378,.429,.280,.714,.455,.426,G,brownsh01
1038,Rodney Carney,CHI,1,16,2006,Memphis,2006-07,22,PHI,67,35,0,1169,182,392,157,320,25,72,53,87,39,89,128,26,38,23,43,118,442,.464,.491,.347,.609,.514,.496,F,carnero01
1039,Mardy Collins,NYK,1,29,2006,Temple,2006-07,22,NYK,52,9,0,777,87,228,74,181,13,47,48,82,28,76,104,83,32,3,57,75,235,.382,.409,.277,.585,.445,.410,G,collima01
1040,Paul Davis,LAC,2,34,2006,Michigan State,2006-07,22,LAC,31,0,0,180,22,52,22,52,0,0,7,10,21,23,44,7,6,5,8,28,51,.423,.423,,.700,.452,.423,C,davispa01
1041,Quincy Douby,SAC,1,19,2006,Rutgers,2006-07,22,SAC,42,0,0,359,48,126,36,76,12,50,11,15,11,26,37,15,15,4,15,21,119,.381,.474,.240,.733,.449,.429,G,doubyqu01
1042,Jordan Farmar,LAL,1,26,2006,UCLA,2006-07,20,LAL,72,2,0,1090,124,294,79,157,45,137,27,38,22,97,119,137,44,7,73,77,320,.422,.503,.328,.711,.515,.498,G,farmajo01
1043,Randy Foye,BOS,1,7,2006,Villanova,2006-07,23,MIN,82,12,0,1879,300,691,232,506,68,185,164,192,49,169,218,232,53,21,152,184,832,.434,.458,.368,.854,.536,.483,G,foyera01
1044,Rudy Gay,HOU,1,8,2006,Connecticut,2006-07,20,MEM,78,43,0,2103,321,760,269,617,52,143,152,209,93,255,348,100,71,74,140,192,846,.422,.436,.364,.727,.497,.457,F,gayru01
1045,Mickaël Gelabale,OKC,2,48,2005,,2006-07,23,SEA,70,14,0,1239,122,264,111,217,11,47,66,82,59,114,173,56,24,22,49,108,321,.462,.512,.234,.805,.535,.483,F,gelabmi01
1046,Daniel Gibson,CLE,2,42,2006,Texas,2006-07,20,CLE,60,16,0,988,98,231,46,107,52,124,28,39,28,64,92,69,23,8,44,94,276,.424,.430,.419,.718,.556,.537,G,gibsoda01
1047,Andreas Glyniadakis,DET,2,58,2003,,2006-07,25,SEA,13,4,0,81,8,17,8,17,0,0,1,2,2,6,8,1,0,0,9,19,17,.471,.471,,.500,.475,.471,C,glynian01
1048,Ryan Hollins,CHA,2,50,2006,UCLA,2006-07,22,CHA,27,0,0,185,20,36,20,36,0,0,24,40,11,20,31,1,4,7,16,40,64,.556,.556,,.600,.597,.556,C,holliry01
1049,Mile Ilić,NJN,2,43,2005,,2006-07,22,NJN,5,0,0,6,0,3,0,3,0,0,0,0,0,1,1,0,0,0,3,1,0,.000,.000,,,.000,.000,C,ilicmi01
1050,Ersan İlyasova,MIL,2,36,2005,,2006-07,19,MIL,66,14,0,973,139,363,85,215,54,148,70,89,58,131,189,49,27,17,51,147,402,.383,.395,.365,.787,.500,.457,F,ilyaser01
1051,Alexander Johnson,IND,2,45,2006,Florida State,2006-07,23,MEM,59,19,0,753,91,169,91,169,0,0,78,118,50,131,181,17,25,35,47,137,260,.538,.538,,.661,.588,.538,F,johnsal01
1052,Bobby Jones,MIN,2,37,2006,Washington,2006-07,23,PHI,44,5,0,336,43,93,42,84,1,9,23,41,22,35,57,16,11,1,18,59,110,.462,.500,.111,.561,.495,.468,F,jonesbo02
1053,Solomon Jones,ATL,2,33,2006,South Florida,2006-07,22,ATL,58,8,0,666,65,128,65,127,0,1,59,75,49,87,136,11,11,42,25,124,189,.508,.512,.000,.787,.587,.508,F,jonesso01
1054,James Lang,NOH,2,48,2003,,2006-07,23,WAS,11,0,0,55,4,9,4,9,0,0,3,5,5,6,11,2,0,3,2,14,11,.444,.444,,.600,.491,.444,C,langja01
1055,Kyle Lowry,MEM,1,24,2006,Villanova,2006-07,20,MEM,10,0,0,175,14,38,11,30,3,8,25,28,12,19,31,32,14,1,12,20,56,.368,.367,.375,.893,.556,.408,G,lowryky01
1056,Damir Markota,SAS,2,59,2006,,2006-07,21,MIL,30,0,0,170,19,52,13,36,6,16,7,11,11,20,31,6,3,1,15,22,51,.365,.361,.375,.636,.449,.423,C,markoda01
1057,Paul Millsap,UTA,2,47,2006,Louisiana Tech,2006-07,21,UTA,82,1,0,1472,209,398,208,395,1,3,140,208,183,240,423,62,67,74,94,236,559,.525,.527,.333,.673,.571,.526,F,millspa01
1058,Adam Morrison,CHA,1,3,2006,Gonzaga,2006-07,22,CHA,78,23,0,2326,355,944,268,686,87,258,120,169,54,176,230,163,28,6,130,179,917,.376,.391,.337,.710,.450,.422,F,morriad01
1059,David Noel,MIL,2,39,2006,North Carolina,2006-07,22,MIL,68,0,0,792,65,177,48,124,17,53,37,43,42,81,123,65,25,9,40,77,184,.367,.387,.321,.860,.470,.415,F,noelda01
1060,Steve Novak,HOU,2,32,2006,Marquette,2006-07,23,HOU,35,1,0,191,18,50,5,11,13,39,2,2,4,22,26,6,5,0,4,21,51,.360,.455,.333,1.000,.501,.490,F,novakst01
1061,Patrick O'Bryant,GSW,1,9,2006,Bradley,2006-07,20,GSW,16,0,0,119,10,32,10,32,0,0,11,17,7,14,21,9,6,8,8,26,31,.313,.313,,.647,.393,.313,C,obryapa01
1062,Leon Powe,DEN,2,49,2006,California,2006-07,23,BOS,63,2,0,720,79,177,79,175,0,2,106,144,97,118,215,10,14,22,47,104,264,.446,.451,.000,.736,.549,.446,F,powele01
1063,JJ Redick,ORL,1,11,2006,Duke,2006-07,22,ORL,42,0,0,622,80,195,42,97,38,98,54,60,10,42,52,36,12,0,21,52,252,.410,.433,.388,.900,.569,.508,G,redicjj01
1064,Sergio Rodríguez,PHO,1,27,2006,,2006-07,20,POR,67,1,0,862,101,239,77,154,24,85,21,26,20,71,91,218,35,2,77,72,247,.423,.500,.282,.808,.493,.473,G,rodrise01
1065,Rajon Rondo,PHO,1,21,2006,Kentucky,2006-07,20,BOS,78,25,0,1831,188,450,182,421,6,29,119,184,74,218,292,297,128,8,137,181,501,.418,.432,.207,.647,.472,.424,G,rondora01
1066,Brandon Roy,MIN,1,6,2006,Washington,2006-07,22,POR,57,55,0,2015,349,765,294,619,55,146,202,241,58,192,250,230,67,10,116,139,955,.456,.475,.377,.838,.548,.492,G,roybr01
1067,Thabo Sefolosha,PHI,1,13,2006,,2006-07,22,CHI,71,4,0,868,109,256,94,214,15,42,23,45,35,118,153,60,33,11,60,100,256,.426,.439,.357,.511,.464,.455,G-F,sefolth01
1068,Mouhamed Sene,OKC,1,10,2006,,2006-07,20,SEA,28,3,0,169,18,49,18,49,0,0,17,29,16,29,45,0,3,12,11,33,53,.367,.367,,.586,.429,.367,C-F,senesa01
1069,Cedric Simmons,NOH,1,15,2006,NC State,2006-07,21,NOK,43,4,0,534,55,132,55,132,0,0,16,33,44,63,107,12,8,23,22,75,126,.417,.417,,.485,.430,.417,F,simmoce01
1070,Uroš Slokar,TOR,2,58,2005,,2006-07,23,TOR,20,0,0,72,14,26,13,24,1,2,9,13,7,7,14,1,1,2,9,11,38,.538,.542,.500,.692,.599,.558,F,slokaur01
1071,Craig Smith,MIN,2,36,2006,Boston College,2006-07,23,MIN,82,5,0,1537,246,463,246,457,0,6,116,186,149,267,416,49,51,18,74,223,608,.531,.538,.000,.624,.558,.531,F,smithcr01
1072,Vassilis Spanoulis,DAL,2,50,2004,,2006-07,24,HOU,31,0,0,272,23,72,18,43,5,29,34,42,5,17,22,28,7,1,29,33,85,.319,.419,.172,.810,.470,.354,G,spanova01
1073,Tyrus Thomas,POR,1,4,2006,Louisiana State,2006-07,20,CHI,72,4,0,966,134,282,134,280,0,2,106,175,89,180,269,40,46,76,94,162,374,.475,.479,.000,.606,.521,.475,F,thomaty01
1074,P.J. Tucker,TOR,2,35,2006,Texas,2006-07,21,TOR,17,0,0,83,11,22,11,22,0,0,8,14,11,12,23,3,2,0,6,12,30,.500,.500,,.571,.533,.500,F,tuckepj01
1075,Marcus Vinicius,NOH,2,43,2006,,2006-07,22,NOK,13,0,0,103,7,15,4,8,3,7,5,7,2,9,11,5,2,1,6,10,22,.467,.500,.429,.714,.608,.567,F,vincima01
1076,James White,POR,2,31,2006,Cincinnati,2006-07,24,SAS,6,2,0,137,18,41,16,34,2,7,12,15,3,17,20,5,3,1,5,7,50,.439,.471,.286,.800,.525,.463,G-F,whiteja02
1077,Marcus Williams,NJN,1,22,2006,Connecticut,2006-07,21,NJN,79,2,0,1315,208,526,162,363,46,163,72,85,29,134,163,260,29,2,142,96,534,.395,.446,.282,.847,.474,.439,G,willima03
1078,Shelden Williams,ATL,1,5,2006,Duke,2006-07,23,ATL,81,31,0,1514,166,365,164,361,2,4,110,144,131,304,435,44,52,39,96,199,444,.455,.454,.500,.764,.518,.458,F,willish02
1079,Shawne Williams,IND,1,17,2006,Memphis,2006-07,20,IND,46,3,0,556,75,160,56,108,19,52,11,20,33,50,83,22,6,8,24,69,180,.469,.519,.365,.550,.533,.528,F,willish03
1080,Alex Acker,DET,2,60,2005,Pepperdine,2005-06,23,DET,5,0,0,35,4,16,3,11,1,5,0,0,1,4,5,4,1,0,4,4,9,.250,.273,.200,,.281,.281,G,ackeral01
1081,Martynas Andriuškevičius,ORL,2,44,2005,,2005-06,19,CLE,6,0,0,9,0,1,0,1,0,0,0,0,1,3,4,0,2,0,0,1,0,.000,.000,,,.000,.000,C,andrima01
1082,Brandon Bass,NOH,2,33,2005,Louisiana State,2005-06,20,NOK,29,1,0,268,28,70,28,70,0,0,12,19,18,50,68,3,3,7,11,18,68,.400,.400,,.632,.434,.400,F,bassbr01
1083,Andray Blatche,WAS,2,49,2005,,2005-06,19,WAS,29,0,0,175,26,67,23,54,3,13,10,12,12,26,38,10,5,7,12,36,65,.388,.426,.231,.833,.450,.410,F,blatcan01
1084,Andrew Bogut,MIL,1,1,2005,Utah,2005-06,21,MIL,82,77,0,2348,323,606,323,603,0,3,122,194,189,384,573,192,49,68,125,259,768,.533,.536,.000,.629,.555,.533,C,bogutan01
1085,Andrew Bynum,LAL,1,10,2005,,2005-06,18,LAL,46,0,0,338,33,82,33,82,0,0,8,27,34,46,80,9,4,22,17,56,74,.402,.402,,.296,.394,.402,C,bynuman01
1086,Travis Diener,ORL,2,38,2005,Marquette,2005-06,23,ORL,23,0,0,246,29,69,4,12,25,57,5,6,4,17,21,16,7,0,10,22,88,.420,.333,.439,.833,.614,.601,G,dienetr01
1087,Ike Diogu,GSW,1,9,2005,Arizona State,2005-06,22,GSW,69,14,0,1031,175,334,175,334,0,0,136,168,95,134,229,29,15,30,78,164,486,.524,.524,,.810,.596,.524,F,dioguik01
1088,Monta Ellis,GSW,2,40,2005,,2005-06,20,GSW,49,3,0,886,132,318,104,236,28,82,42,59,22,83,105,78,32,11,58,69,334,.415,.441,.341,.712,.486,.459,G,ellismo01
1089,Daniel Ewing,LAC,2,32,2005,Duke,2005-06,22,LAC,66,5,0,971,97,255,75,177,22,78,36,46,23,62,85,84,37,6,57,86,252,.380,.424,.282,.783,.458,.424,G,ewingda01
1090,Raymond Felton,CHA,1,5,2005,North Carolina,2005-06,21,CHA,80,54,0,2406,345,883,248,612,97,271,161,222,77,188,265,446,102,8,182,181,948,.391,.405,.358,.725,.483,.446,G,feltora01
1091,Channing Frye,NYK,1,8,2005,Arizona,2005-06,22,NYK,65,14,0,1572,305,640,302,631,3,9,189,229,138,236,374,53,30,47,97,200,802,.477,.479,.333,.825,.541,.479,C-F,fryech01
1092,Francisco García,SAC,1,23,2005,Louisville,2005-06,24,SAC,67,11,0,1301,130,325,91,188,39,137,78,101,39,146,185,94,41,47,75,135,377,.400,.484,.285,.772,.510,.460,F-G,garcifr01
1093,Ryan Gomes,BOS,2,50,2005,Providence,2005-06,23,BOS,61,33,0,1376,173,355,170,346,3,9,112,149,102,196,298,58,35,5,55,83,461,.487,.491,.333,.752,.548,.492,F,gomesry01
1094,Joey Graham,TOR,1,16,2005,Oklahoma State,2005-06,23,TOR,80,24,0,1581,198,414,169,327,29,87,108,133,57,187,244,60,37,13,92,228,533,.478,.517,.333,.812,.564,.513,F,grahajo01
1095,Danny Granger,IND,1,17,2005,New Mexico,2005-06,22,IND,78,17,0,1765,221,478,191,385,30,93,115,148,131,253,384,90,58,62,80,211,587,.462,.496,.323,.777,.540,.494,F,grangda01
1096,Gerald Green,BOS,1,18,2005,,2005-06,20,BOS,32,3,0,374,66,138,60,118,6,20,29,37,10,31,41,18,13,4,22,41,167,.478,.508,.300,.784,.541,.500,G-F,greenge01
1097,Orien Greene,BOS,2,53,2005,Louisiana,2005-06,23,BOS,80,5,0,1235,100,253,91,213,9,40,45,68,37,108,145,129,77,10,109,181,254,.395,.427,.225,.662,.449,.413,G,greenor01
1098,Luther Head,HOU,1,24,2005,Illinois,2005-06,23,HOU,80,27,0,2310,254,630,141,317,113,313,86,123,33,233,266,215,89,9,119,169,707,.403,.445,.361,.699,.517,.493,G,headlu01
1099,Julius Hodge,DEN,1,20,2005,NC State,2005-06,22,DEN,14,0,0,33,5,13,5,13,0,0,3,8,5,2,7,6,2,0,8,7,13,.385,.385,,.375,.393,.385,G,hodgeju01
1100,Randy Holcomb,SAS,2,57,2002,San Diego State,2005-06,26,CHI,4,0,0,11,1,1,1,1,0,0,0,0,1,0,1,0,0,0,0,2,2,1.000,1.000,,,1.000,1.000,F,holcora01
1101,Jarrett Jack,DEN,1,22,2005,Georgia Tech,2005-06,22,POR,79,4,0,1599,189,428,169,352,20,76,128,160,18,142,160,219,41,2,102,138,526,.442,.480,.263,.800,.528,.465,G,jackja01
1102,Amir Johnson,DET,2,56,2005,,2005-06,18,DET,3,0,0,39,7,10,5,7,2,3,4,4,3,1,4,3,0,2,4,7,20,.700,.714,.667,1.000,.850,.800,F-C,johnsam01
1103,Linas Kleiza,POR,1,27,2005,Missouri,2005-06,21,DEN,61,2,0,519,77,173,75,160,2,13,57,81,38,78,116,15,10,13,16,87,213,.445,.469,.154,.704,.510,.451,F,kleizli01
1104,Yaroslav Korolev,LAC,1,12,2005,,2005-06,18,LAC,24,0,0,127,9,30,7,23,2,7,7,10,5,8,13,9,3,0,6,11,27,.300,.304,.286,.700,.392,.333,F,korolya01
1105,David Lee,NYK,1,30,2005,Florida,2005-06,22,NYK,67,14,0,1129,137,230,137,230,0,0,71,123,109,194,303,43,30,20,51,124,345,.596,.596,,.577,.607,.596,F-C,leeda02
1106,Jason Maxiell,DET,1,26,2005,Cincinnati,2005-06,22,DET,26,0,0,159,23,54,23,54,0,0,14,42,12,16,28,3,4,5,11,14,60,.426,.426,,.333,.414,.426,F-C,maxieja01
1107,Sean May,CHA,1,13,2005,North Carolina,2005-06,21,CHA,23,1,0,398,70,171,70,166,0,5,49,64,42,67,109,22,17,12,33,58,189,.409,.422,.000,.766,.474,.409,F-C,mayse01
1108,Rashad McCants,MIN,1,14,2005,North Carolina,2005-06,21,MIN,79,12,0,1362,241,535,174,355,67,180,78,106,29,114,143,63,44,22,86,176,627,.450,.490,.372,.736,.539,.513,G,mccanra01
1109,C.J. Miles,UTA,2,34,2005,,2005-06,18,UTA,23,0,0,203,28,76,23,56,5,20,18,24,18,20,38,16,7,2,9,20,79,.368,.411,.250,.750,.456,.401,G-F,milescj01
1110,Sergei Monia,POR,1,23,2004,,2005-06,22,PORSAC,26,15,0,343,29,87,20,53,9,34,10,14,11,41,52,19,7,5,12,41,77,.333,.377,.265,.714,.413,.385,F,moniase01
1111,Chris Paul,NOH,1,4,2005,Wake Forest,2005-06,20,NOK,78,78,0,2808,407,947,357,770,50,177,394,465,61,339,400,611,175,6,183,218,1258,.430,.464,.282,.847,.546,.456,G,paulch01
1112,Johan Petro,OKC,1,25,2005,,2005-06,20,SEA,68,41,0,1282,153,300,153,300,0,0,47,75,109,187,296,15,25,51,60,213,353,.510,.510,,.627,.530,.510,C,petrojo01
1113,Lawrence Roberts,OKC,2,55,2005,Mississippi State,2005-06,23,MEM,33,0,0,181,20,44,20,42,0,2,11,23,26,23,49,5,8,2,5,30,51,.455,.476,.000,.478,.471,.455,F,roberla01
1114,Nate Robinson,PHO,1,21,2005,Washington,2005-06,21,NYK,72,26,0,1544,230,565,172,419,58,146,152,202,56,111,167,147,59,1,114,201,670,.407,.411,.397,.752,.512,.458,G,robinna01
1115,Wayne Simien,MIA,1,29,2005,Kansas,2005-06,22,MIA,43,2,0,414,58,120,58,120,0,0,30,34,38,50,88,7,13,1,24,70,146,.483,.483,,.882,.541,.483,F,simiewa01
1116,Salim Stoudamire,ATL,2,31,2005,Arizona,2005-06,23,ATL,61,1,0,1236,204,492,122,276,82,216,99,110,12,104,116,75,27,3,82,118,589,.415,.442,.380,.900,.545,.498,G,stoudsa01
1117,Chris Taft,GSW,2,42,2005,Pittsburgh,2005-06,20,GSW,17,0,0,144,23,38,23,38,0,0,1,6,19,17,36,2,2,7,2,25,47,.605,.605,,.167,.578,.605,F,taftch01
1118,Dijon Thompson,NYK,2,54,2005,UCLA,2005-06,22,PHO,10,0,0,43,11,25,7,14,4,11,2,2,4,7,11,1,3,1,2,6,28,.440,.500,.364,1.000,.541,.520,G-F,thompdi01
1119,Ronny Turiaf,LAL,2,37,2005,Gonzaga,2005-06,23,LAL,23,1,0,161,15,30,15,30,0,0,15,27,11,26,37,8,3,10,7,30,45,.500,.500,,.556,.537,.500,F,turiaro01
1120,Charlie Villanueva,TOR,1,7,2005,Connecticut,2005-06,21,TOR,81,36,0,2361,435,940,365,726,70,214,113,160,181,340,521,88,60,63,99,247,1053,.463,.503,.327,.706,.521,.500,F,villach01
1121,Von Wafer,LAL,2,39,2005,Florida State,2005-06,20,LAL,16,0,0,73,6,38,4,21,2,17,6,8,5,3,8,4,3,0,1,12,20,.158,.190,.118,.750,.241,.184,G,wafervo01
1122,Hakim Warrick,MEM,1,19,2005,Syracuse,2005-06,23,MEM,68,2,0,724,101,228,101,228,0,0,76,115,43,101,144,30,14,21,56,113,278,.443,.443,,.661,.499,.443,F,warriha01
1123,Martell Webster,POR,1,6,2005,,2005-06,19,POR,61,18,0,1070,139,348,74,166,65,182,61,71,29,101,130,34,21,14,43,90,404,.399,.446,.357,.859,.533,.493,G-F,webstma02
1124,Robert Whaley,UTA,2,51,2005,Walsh,2005-06,23,UTA,23,0,0,212,23,57,23,57,0,0,3,6,16,27,43,17,7,8,14,41,49,.404,.404,,.500,.411,.404,C,whalero01
1125,Deron Williams,UTA,1,3,2005,Illinois,2005-06,21,UTA,80,47,0,2307,339,805,248,586,91,219,95,135,35,159,194,359,60,17,145,233,864,.421,.423,.416,.704,.500,.478,G,willide01
1126,Lou Williams,PHI,2,45,2005,,2005-06,19,PHI,30,0,0,145,23,52,21,43,2,9,8,13,3,16,19,10,5,0,13,13,56,.442,.488,.222,.615,.485,.462,G,willilo02
1127,Marvin Williams,ATL,1,2,2005,North Carolina,2005-06,19,ATL,79,7,0,1952,235,531,222,478,13,53,189,253,122,261,383,63,48,24,83,227,672,.443,.464,.245,.747,.523,.455,F,willima02
1128,Antoine Wright,NJN,1,15,2005,Texas A&M,2005-06,21,NJN,39,0,0,370,29,81,28,66,1,15,11,22,8,22,30,12,4,3,21,42,70,.358,.424,.067,.500,.386,.364,G-F,wrighan01
1129,Bracey Wright,MIN,2,47,2005,Indiana,2005-06,21,MIN,7,0,0,135,21,51,15,34,6,17,14,16,3,15,18,5,1,0,8,8,62,.412,.441,.353,.875,.534,.471,G,wrighbr02
1130,Derrick Zimmerman,GSW,2,40,2003,Mississippi State,2005-06,24,NJN,2,0,0,32,2,3,2,3,0,0,0,0,1,3,4,7,0,0,4,4,4,.667,.667,,,.667,.667,G,zimmede01
1131,Tony Allen,BOS,1,25,2004,Oklahoma State,2004-05,23,BOS,77,34,0,1262,184,387,172,356,12,31,112,152,85,136,221,64,76,24,77,156,492,.475,.483,.387,.737,.542,.491,G-F,allento01
1132,Rafael Araújo,TOR,1,8,2004,Brigham Young,2004-05,24,TOR,59,41,0,736,76,175,75,172,1,3,43,55,59,126,185,16,21,8,52,157,196,.434,.436,.333,.782,.492,.437,C,araujra01
1133,Trevor Ariza,NYK,2,43,2004,UCLA,2004-05,19,NYK,80,12,0,1382,172,389,169,376,3,13,121,174,89,153,242,85,70,18,73,150,468,.442,.449,.231,.695,.503,.446,F,arizatr01
1134,Andris Biedriņš,GSW,1,11,2004,,2004-05,18,GSW,30,1,0,384,45,78,45,77,0,1,19,40,47,71,118,12,12,24,12,87,109,.577,.584,.000,.475,.570,.577,C,biedran01
1135,Matt Bonner,CHI,2,45,2003,Florida,2004-05,24,TOR,82,0,0,1553,247,463,208,371,39,92,56,71,108,177,285,48,39,19,40,220,589,.533,.561,.424,.789,.596,.576,F,bonnema01
1136,Antonio Burks,ORL,2,36,2004,Memphis,2004-05,24,MEM,24,0,0,219,28,60,25,49,3,11,14,19,1,11,12,28,13,1,12,25,73,.467,.510,.273,.737,.534,.492,G,burksan01
1137,Lionel Chalmers,LAC,2,33,2004,Xavier,2004-05,24,LAC,36,0,0,433,42,125,30,76,12,49,15,24,4,27,31,51,13,0,24,30,111,.336,.395,.245,.625,.409,.384,G,chalmli01
1138,Josh Childress,ATL,1,6,2004,Stanford,2004-05,21,ATL,80,44,0,2376,302,642,289,586,13,56,190,231,195,287,482,151,74,35,106,184,807,.470,.493,.232,.823,.543,.481,G-F,childjo01
1139,Nick Collison,OKC,1,12,2003,Kansas,2004-05,24,SEA,82,4,0,1396,190,354,190,351,0,3,83,118,156,220,376,32,34,50,62,252,463,.537,.541,.000,.703,.570,.537,F,collini01
1140,Carlos Delfino,DET,1,25,2003,,2004-05,22,DET,30,4,0,459,42,117,33,82,9,35,23,40,13,42,55,38,22,6,23,44,116,.359,.402,.257,.575,.431,.397,G,delfica01
1141,Luol Deng,PHO,1,7,2004,Duke,2004-05,19,CHI,61,45,0,1663,280,645,249,528,31,117,120,162,92,230,322,135,48,27,118,98,711,.434,.472,.265,.741,.496,.458,F,denglu01
1142,Chris Duhon,CHI,2,38,2004,Duke,2004-05,22,CHI,82,73,0,2177,172,488,78,223,94,265,49,67,23,190,213,398,82,3,119,205,487,.352,.350,.355,.731,.471,.449,G,duhonch01
1143,Corsley Edwards,SAC,2,58,2002,Central Connecticut State,2004-05,25,NOH,10,0,0,110,10,31,10,31,0,0,7,12,12,13,25,3,3,4,2,19,27,.323,.323,,.583,.372,.323,F,edwarco01
1144,Andre Emmett,OKC,2,35,2004,Texas Tech,2004-05,22,MEM,8,0,0,28,2,6,2,6,0,0,3,5,0,2,2,0,0,0,1,4,7,.333,.333,,.600,.427,.333,F,emmetan01
1145,Luis Flores,HOU,2,55,2004,Manhattan,2004-05,23,DENGSW,16,0,0,77,14,29,9,19,5,10,2,2,1,2,3,11,2,0,11,9,35,.483,.474,.500,1.000,.586,.569,G,florelu01
1146,Matt Freije,MIA,2,53,2004,Vanderbilt,2004-05,23,NOH,23,11,0,441,37,127,23,73,14,54,5,8,16,45,61,20,13,2,17,40,93,.291,.315,.259,.625,.356,.346,F,freijma01
1147,Ben Gordon,CHI,1,3,2004,Connecticut,2004-05,21,CHI,82,3,0,2002,434,1056,300,725,134,331,233,270,55,160,215,164,53,10,186,224,1235,.411,.414,.405,.863,.526,.474,G,gordobe01
1148,David Harrison,IND,1,29,2004,Colorado,2004-05,22,IND,43,14,0,760,106,184,106,184,0,0,52,91,48,87,135,13,16,55,53,134,264,.576,.576,,.571,.589,.576,C,harrida01
1149,Devin Harris,WAS,1,5,2004,Wisconsin,2004-05,21,DAL,76,19,0,1173,157,366,113,235,44,131,78,103,28,74,102,169,77,19,82,139,436,.429,.481,.336,.757,.530,.489,G,harride01
1150,Dwight Howard,ORL,1,1,2004,,2004-05,19,ORL,82,82,0,2670,352,677,352,675,0,2,277,413,287,536,823,75,77,136,165,232,981,.520,.521,.000,.671,.571,.520,C,howardw01
1151,Kris Humphries,UTA,1,14,2004,Minnesota,2004-05,19,UTA,67,4,0,873,116,287,114,281,2,6,44,101,73,124,197,43,25,18,52,96,278,.404,.406,.333,.436,.419,.408,F-C,humphkr01
1152,Andre Iguodala,PHI,1,9,2004,Arizona,2004-05,21,PHI,82,82,0,2686,269,546,222,404,47,142,156,210,89,375,464,246,138,48,139,204,741,.493,.550,.331,.743,.580,.536,F-G,iguodan01
1153,Royal Ivey,ATL,2,37,2004,Texas,2004-05,23,ATL,62,5,0,809,85,198,82,189,3,9,47,67,19,65,84,103,39,7,58,140,220,.429,.434,.333,.701,.484,.437,G,iveyro01
1154,Luke Jackson,CLE,1,10,2004,Oregon,2004-05,23,CLE,10,0,0,43,10,27,6,21,4,6,5,6,2,4,6,3,0,0,2,4,29,.370,.286,.667,.833,.489,.444,F,jackslu02
1155,Al Jefferson,BOS,1,15,2004,,2004-05,20,BOS,71,1,0,1051,195,369,195,366,0,3,85,135,119,193,312,24,22,55,66,195,475,.528,.533,.000,.630,.554,.528,C-F,jeffeal01
1156,Mario Kasun,LAC,2,41,2002,,2004-05,24,ORL,45,0,0,356,47,98,47,97,0,1,24,43,52,76,128,8,8,13,26,86,118,.480,.485,.000,.558,.505,.480,C,kasunma01
1157,Viktor Khryapa,NJN,1,22,2004,,2004-05,22,POR,32,5,0,523,54,124,50,113,4,11,23,42,28,80,108,25,20,18,33,80,135,.435,.442,.364,.548,.474,.452,F,khryavi01
1158,Nenad Krstić,NJN,1,24,2002,,2004-05,21,NJN,75,57,0,1965,281,570,281,568,0,2,185,255,161,240,401,77,32,63,112,280,747,.493,.495,.000,.725,.547,.493,C,krstine01
1159,Shaun Livingston,LAC,1,4,2004,,2004-05,19,LAC,30,15,0,814,89,215,89,213,0,2,44,59,22,67,89,151,32,11,75,82,222,.414,.418,.000,.746,.461,.414,G,livinsh01
1160,Kevin Martin,SAC,1,26,2004,Western Carolina,2004-05,21,SAC,45,0,0,455,45,117,40,92,5,25,36,55,29,29,58,22,16,3,24,35,131,.385,.435,.200,.655,.464,.406,G,martike02
1161,Jameer Nelson,DEN,1,20,2004,Saint Joseph's,2004-05,22,ORL,79,21,0,1612,286,628,242,487,44,141,73,107,52,141,193,237,78,3,117,199,689,.455,.497,.312,.682,.510,.490,G,nelsoja01
1162,Emeka Okafor,CHA,1,2,2004,Connecticut,2004-05,22,CHA,73,73,0,2600,448,1003,448,1002,0,1,209,343,275,520,795,64,62,125,125,214,1105,.447,.447,.000,.609,.479,.447,C-F,okafoem01
1163,Pavel Podkolzin,UTA,1,21,2004,,2004-05,20,DAL,5,0,0,10,0,0,0,0,0,0,1,2,0,2,2,0,0,0,2,4,1,,,,.500,.568,,C,podkopa01
1164,Peter John Ramos,WAS,2,32,2004,,2004-05,19,WAS,6,0,0,20,5,10,5,10,0,0,1,2,1,3,4,0,0,1,3,4,11,.500,.500,,.500,.506,.500,C,ramospe01
1165,Justin Reed,BOS,2,40,2004,Ole Miss,2004-05,23,BOS,23,0,0,121,15,29,15,26,0,3,11,15,8,8,16,10,3,1,5,12,41,.517,.577,.000,.733,.576,.517,F,reedju01
1166,Bernard Robinson,CHA,2,45,2004,Michigan,2004-05,24,CHA,31,1,0,328,36,81,33,73,3,8,18,26,14,34,48,30,11,4,20,42,93,.444,.452,.375,.692,.503,.463,G-F,robinbe01
1167,Ha Seung-Jin,POR,2,46,2004,,2004-05,19,POR,19,0,0,104,10,23,10,23,0,0,6,11,6,12,18,2,1,5,12,21,26,.435,.435,,.545,.467,.435,C,seungha01
1168,Donta Smith,ATL,2,34,2004,Southeastern Illinois College,2004-05,21,ATL,38,0,0,433,44,113,38,91,6,22,33,48,19,33,52,39,23,5,25,50,127,.389,.418,.273,.688,.473,.416,G-F,smithdo04
1169,Josh Smith,ATL,1,17,2004,,2004-05,19,ATL,74,59,0,2050,274,602,270,579,4,23,163,237,147,310,457,127,59,144,135,157,715,.455,.466,.174,.688,.506,.458,F,smithjo03
1170,J.R. Smith,NOH,1,18,2004,,2004-05,19,NOH,76,56,0,1859,295,748,214,467,81,281,111,161,39,113,152,142,55,11,109,135,782,.394,.458,.288,.689,.478,.449,G-F,smithjr01
1171,Kirk Snyder,UTA,1,16,2004,Nevada,2004-05,21,UTA,68,7,0,906,122,328,92,243,30,85,64,96,50,71,121,36,26,19,58,116,338,.372,.379,.353,.667,.456,.418,G,snydeki01
1172,Pape Sow,MIA,2,47,2004,Cal State Fullerton,2004-05,23,TOR,27,4,0,255,23,58,23,58,0,0,16,27,18,39,57,2,12,4,10,46,62,.397,.397,,.593,.444,.397,F,sowpa01
1173,Robert Swift,OKC,1,12,2004,,2004-05,19,SEA,16,0,0,72,5,11,5,11,0,0,5,9,1,4,5,2,1,7,4,16,15,.455,.455,,.556,.501,.455,C,swiftro01
1174,Sebastian Telfair,POR,1,13,2004,,2004-05,19,POR,68,26,0,1330,169,430,152,361,17,69,105,133,10,94,104,224,35,4,125,120,460,.393,.421,.246,.789,.471,.413,G,telfase01
1175,Beno Udrih,SAS,1,28,2004,,2004-05,22,SAS,80,2,0,1149,173,390,115,248,58,142,67,89,16,67,83,150,41,10,77,96,471,.444,.464,.408,.753,.549,.518,G,udrihbe01
1176,Anderson Varejão,ORL,2,30,2004,,2004-05,22,CLE,54,0,0,863,99,193,99,191,0,2,68,127,109,148,257,27,41,38,26,122,266,.513,.518,.000,.535,.534,.513,F-C,varejan01
1177,Jackson Vroman,CHI,2,31,2004,Iowa State,2004-05,23,NOHPHO,46,18,0,705,82,199,82,196,0,3,48,75,64,111,175,40,25,19,64,105,212,.412,.418,.000,.640,.457,.412,F-C,vromaja01
1178,Sasha Vujačić,LAL,1,27,2004,,2004-05,20,LAL,35,3,0,403,33,117,16,54,17,63,18,19,13,49,62,51,12,2,15,41,101,.282,.296,.270,.947,.403,.355,G,vujacsa01
1179,Delonte West,BOS,1,24,2004,Saint Joseph's,2004-05,21,BOS,39,7,0,507,66,155,42,88,24,67,19,27,14,51,65,53,21,8,24,69,175,.426,.477,.358,.704,.524,.503,G,westde01
1180,Dorell Wright,MIA,1,19,2004,,2004-05,19,MIA,3,0,0,27,3,11,3,7,0,4,1,1,0,1,1,3,4,0,3,2,7,.273,.429,.000,1.000,.306,.273,F-G,wrighdo01
1181,Carmelo Anthony,DEN,1,3,2003,Syracuse,2003-04,19,DEN,82,82,0,2995,624,1465,555,1251,69,214,408,525,183,315,498,227,97,41,247,225,1725,.426,.444,.322,.777,.509,.449,F,anthoca01
1182,Marcus Banks,MEM,1,13,2003,UNLV,2003-04,22,BOS,81,2,0,1385,177,442,150,356,27,86,99,131,30,103,133,175,88,13,125,171,480,.400,.421,.314,.756,.480,.431,G,banksma01
1183,Leandro Barbosa,SAS,1,28,2003,,2003-04,21,PHO,70,46,0,1500,210,470,127,260,83,210,47,61,23,100,123,165,93,7,120,184,550,.447,.488,.395,.770,.553,.535,G,barbole01
1184,Matt Barnes,MEM,2,46,2002,UCLA,2003-04,23,LAC,38,9,0,724,63,138,61,125,2,13,43,61,53,98,151,48,27,3,44,76,171,.457,.488,.154,.705,.519,.464,F,barnema02
1185,Jerome Beasley,MIA,2,33,2003,North Dakota,2003-04,23,MIA,2,0,0,5,1,3,1,3,0,0,0,0,0,1,1,0,0,0,0,0,2,.333,.333,,,.333,.333,F,beaslje01
1186,Troy Bell,BOS,1,16,2003,Boston College,2003-04,23,MEM,6,0,0,34,4,18,4,14,0,4,3,3,3,1,4,4,1,0,6,6,11,.222,.286,.000,1.000,.285,.222,G,belltr01
1187,Steve Blake,WAS,2,38,2003,Maryland,2003-04,23,WAS,75,14,0,1392,157,407,82,205,75,202,55,67,18,99,117,209,57,7,128,100,444,.386,.400,.371,.821,.509,.478,G,blakest01
1188,Keith Bogans,MIL,2,43,2003,Kentucky,2003-04,23,ORL,73,36,0,1787,183,454,116,267,67,187,65,103,106,211,317,98,46,10,75,128,498,.403,.434,.358,.631,.499,.477,G-F,boganke01
1189,Curtis Borchardt,ORL,1,18,2002,Stanford,2003-04,23,UTA,16,0,0,258,22,56,22,55,0,1,14,18,13,41,54,15,4,14,18,40,58,.393,.400,.000,.778,.454,.393,C,borchcu01
1190,Chris Bosh,TOR,1,4,2003,Georgia Tech,2003-04,19,TOR,75,63,0,2510,327,712,322,698,5,14,202,288,191,366,557,78,59,106,107,215,861,.459,.461,.357,.701,.513,.463,F-C,boshch01
1191,Torraye Braggs,UTA,2,57,1998,Xavier,2003-04,27,HOUWAS,15,0,0,154,16,33,16,33,0,0,8,12,18,21,39,7,4,2,13,29,40,.485,.485,,.667,.522,.485,F,braggto01
1192,Žarko Čabarkapa,PHO,1,17,2003,,2003-04,22,PHO,49,4,0,570,81,197,75,165,6,32,35,53,26,73,99,40,10,13,54,75,203,.411,.455,.188,.660,.461,.426,F,cabarza01
1193,Brian Cook,LAL,1,24,2003,Illinois,2003-04,23,LAL,35,2,0,442,67,141,67,136,0,5,21,28,31,70,101,20,16,16,17,64,155,.475,.493,.000,.750,.505,.475,F,cookbr01
1194,Omar Cook,ORL,2,32,2001,St. John's (NY),2003-04,22,POR,17,0,0,139,7,27,7,26,0,1,0,0,3,3,6,24,10,0,10,14,14,.259,.269,.000,,.259,.259,G,cookom01
1195,Boris Diaw,ATL,1,21,2003,,2003-04,21,ATL,76,37,0,1919,140,313,134,287,6,26,56,93,111,231,342,182,59,37,126,191,342,.447,.467,.231,.602,.483,.457,F-C,diawbo01
1196,Kaniel Dickens,UTA,2,50,2000,Idaho,2003-04,25,POR,3,0,0,12,3,3,3,3,0,0,1,2,2,0,2,0,0,0,1,3,7,1.000,1.000,,.500,.902,1.000,F,dickeka01
1197,Ndudi Ebi,MIN,1,26,2003,,2003-04,19,MIN,17,0,0,32,6,14,6,14,0,0,1,4,2,1,3,3,0,4,3,6,13,.429,.429,,.250,.412,.429,F,ebind01
1198,Francisco Elson,DEN,2,41,1999,California,2003-04,27,DEN,62,14,0,875,94,199,94,198,0,1,30,45,65,138,203,32,35,39,35,145,218,.472,.475,.000,.667,.498,.472,C,elsonfr01
1199,T.J. Ford,MIL,1,8,2003,Texas,2003-04,20,MIL,55,55,0,1472,153,398,148,377,5,21,80,98,37,140,177,356,60,3,139,123,391,.384,.393,.238,.816,.443,.391,G,fordtj01
1200,Reece Gaines,ORL,1,15,2003,Louisville,2003-04,23,ORL,38,1,0,364,25,86,22,76,3,10,16,25,8,31,39,40,11,2,18,22,69,.291,.289,.300,.640,.356,.308,G,gainere01
1201,Willie Green,OKC,2,41,2003,Detroit Mercy,2003-04,22,PHI,53,0,0,767,143,357,124,296,19,61,59,81,16,49,65,53,26,5,59,83,364,.401,.419,.311,.728,.464,.427,G,greenwi01
1202,Travis Hansen,ATL,2,37,2003,Brigham Young,2003-04,25,ATL,41,4,0,507,46,130,37,100,9,30,22,27,30,40,70,19,10,9,15,67,123,.354,.370,.300,.815,.433,.388,G,hansetr01
1203,Jarvis Hayes,WAS,1,10,2003,Georgia,2003-04,22,WAS,70,42,0,2044,278,695,238,564,40,131,77,98,71,193,264,106,71,11,110,157,673,.400,.422,.305,.786,.456,.429,F,hayesja01
1204,Kirk Hinrich,CHI,1,7,2003,Kansas,2003-04,23,CHI,76,66,0,2706,318,823,174,454,144,369,135,168,42,217,259,517,101,21,204,276,915,.386,.383,.390,.804,.510,.474,G,hinriki01
1205,Josh Howard,DAL,1,29,2003,Wake Forest,2003-04,23,DAL,67,29,0,1589,229,532,209,466,20,66,97,138,149,219,368,97,69,54,67,168,575,.430,.448,.303,.703,.485,.449,F-G,howarjo01
1206,Brandon Hunter,BOS,2,56,2003,Ohio,2003-04,23,BOS,36,12,0,406,53,116,53,113,0,3,19,43,50,68,118,19,13,1,22,40,125,.457,.469,.000,.442,.463,.457,F,huntebr01
1207,LeBron James,CLE,1,1,2003,,2003-04,19,CLE,79,79,0,3122,622,1492,559,1275,63,217,347,460,99,333,432,465,130,58,273,149,1654,.417,.438,.290,.754,.488,.438,F-G,jamesle01
1208,Dahntay Jones,BOS,1,20,2003,Duke,2003-04,23,MEM,20,0,0,154,15,53,14,49,1,4,5,11,7,16,23,12,5,6,12,23,36,.283,.286,.250,.455,.311,.292,G-F,jonesda02
1209,James Jones,IND,2,49,2003,Miami (FL),2003-04,23,IND,6,0,0,26,2,9,1,5,1,4,2,2,0,2,2,0,1,0,0,1,7,.222,.200,.250,1.000,.354,.278,F-G,jonesja02
1210,Chris Kaman,LAC,1,6,2003,Central Michigan,2003-04,21,LAC,82,61,0,1843,200,435,200,433,0,2,99,142,126,335,461,85,23,73,155,211,499,.460,.462,.000,.697,.502,.460,C,kamanch01
1211,Jason Kapono,CLE,2,31,2003,UCLA,2003-04,22,CLE,41,3,0,427,52,129,31,85,21,44,20,24,19,36,55,14,13,2,21,41,145,.403,.365,.477,.833,.519,.484,F,kaponja01
1212,Kyle Korver,NJN,2,51,2003,Creighton,2003-04,22,PHI,74,0,0,882,115,327,34,120,81,207,19,24,30,81,111,40,25,8,41,102,330,.352,.283,.391,.792,.489,.476,G-F,korveky01
1213,Maciej Lampe,NYK,2,30,2003,,2003-04,18,PHO,21,0,0,224,43,88,43,84,0,4,10,13,9,35,44,9,3,3,15,28,96,.489,.512,.000,.769,.512,.489,C,lampema01
1214,Raül López,UTA,1,24,2001,,2003-04,23,UTA,82,11,0,1617,223,517,198,432,25,85,101,117,24,131,155,305,62,2,174,200,572,.431,.458,.294,.863,.503,.456,G,lopezra01
1215,Darko Miličić,DET,1,2,2003,,2003-04,18,DET,34,0,0,159,17,65,17,64,0,1,14,24,11,32,43,7,7,15,13,33,48,.262,.266,.000,.583,.318,.262,F-C,milicda01
1216,Travis Outlaw,POR,1,23,2003,,2003-04,19,POR,8,0,0,19,3,7,3,7,0,0,2,4,2,2,4,1,1,0,1,1,8,.429,.429,,.500,.457,.429,F,outlatr01
1217,Zaza Pachulia,ORL,2,42,2003,,2003-04,19,ORL,59,2,0,664,68,175,68,175,0,0,58,90,69,105,174,13,21,12,34,87,194,.389,.389,,.644,.452,.389,C,pachuza01
1218,Sasha Pavlović,UTA,1,19,2003,,2003-04,20,UTA,79,14,0,1144,149,376,130,306,19,70,65,84,44,115,159,60,41,16,67,187,382,.396,.425,.271,.774,.463,.422,G-F,pavloal01
1219,Kendrick Perkins,MEM,1,27,2003,,2003-04,19,BOS,10,0,0,35,8,15,8,15,0,0,6,9,5,9,14,3,0,2,5,6,22,.533,.533,,.667,.580,.533,C,perkike01
1220,Mickaël Piétrus,GSW,1,11,2003,,2003-04,21,GSW,53,22,0,748,96,231,61,126,35,105,52,75,48,71,119,27,32,12,40,100,279,.416,.484,.333,.693,.528,.491,G-F,pietrmi01
1221,Zoran Planinić,NJN,1,22,2003,,2003-04,21,NJN,49,1,0,473,53,129,44,97,9,32,38,60,14,41,55,68,13,3,36,70,153,.411,.454,.281,.633,.492,.446,G,planizo01
1222,Luke Ridnour,OKC,1,14,2003,Oregon,2003-04,22,SEA,69,6,0,1114,145,350,118,270,27,80,65,79,35,73,108,163,52,7,80,105,382,.414,.437,.338,.823,.496,.453,G,ridnolu01
1223,Darius Songaila,BOS,2,50,2002,Wake Forest,2003-04,25,SAC,73,7,0,976,133,273,133,273,0,0,71,88,91,134,225,48,42,12,43,126,337,.487,.487,,.807,.541,.487,F,songada01
1224,Mike Sweetney,NYK,1,9,2003,Georgetown,2003-04,21,NYK,42,1,0,494,69,140,69,139,0,1,42,58,68,89,157,14,18,12,32,57,180,.493,.496,.000,.724,.544,.493,F,sweetmi01
1225,Slavko Vraneš,NYK,2,39,2003,,2003-04,21,POR,1,0,0,3,0,1,0,1,0,0,0,0,0,0,0,0,0,0,0,1,0,.000,.000,,,.000,.000,C,vranesl01
1226,Dwyane Wade,MIA,1,5,2003,Marquette,2003-04,22,MIA,61,56,0,2126,371,798,355,745,16,53,233,312,85,162,247,275,86,34,196,140,991,.465,.477,.302,.747,.530,.475,G,wadedw01
1227,Luke Walton,LAL,2,32,2003,Arizona,2003-04,23,LAL,72,2,0,730,65,153,52,114,13,39,31,44,39,88,127,113,28,8,44,70,174,.425,.456,.333,.705,.505,.467,F,waltolu01
1228,David West,NOH,1,18,2003,Xavier,2003-04,23,NOH,71,1,0,930,108,228,108,226,0,2,57,80,117,180,297,60,27,28,48,117,273,.474,.478,.000,.713,.519,.474,F-C,westda01
1229,Mo Williams,UTA,2,47,2003,Alabama,2003-04,21,UTA,57,0,0,772,115,303,105,264,10,39,44,56,23,49,72,76,28,2,51,87,284,.380,.398,.256,.786,.433,.396,G,willima01
1230,Robert Archibald,MEM,2,32,2002,Illinois,2002-03,22,MEM,12,0,0,72,6,20,6,20,0,0,7,18,6,11,17,3,0,3,7,9,19,.300,.300,,.389,.340,.300,F,archiro01
1231,Maceo Baston,CHI,2,58,1998,Michigan,2002-03,27,TOR,16,0,0,106,15,25,15,25,0,0,10,12,4,19,23,0,4,11,6,16,40,.600,.600,,.833,.661,.600,F,bastoma01
1232,Lonny Baxter,CHI,2,44,2002,Maryland,2002-03,24,CHI,55,0,0,682,96,206,96,204,0,2,70,103,65,100,165,16,9,22,46,135,262,.466,.471,.000,.680,.521,.466,F,baxtelo01
1233,Carlos Boozer,CLE,2,35,2002,Duke,2002-03,21,CLE,81,54,0,2049,331,618,331,617,0,1,148,192,202,407,609,106,59,50,103,224,810,.536,.536,.000,.771,.577,.536,F-C,boozeca01
1234,Caron Butler,MIA,1,10,2002,Connecticut,2002-03,22,MIA,78,78,0,2858,429,1032,395,925,34,107,309,375,135,262,397,213,137,31,192,230,1201,.416,.427,.318,.824,.502,.432,F,butleca01
1235,Rasual Butler,MIA,2,53,2002,La Salle,2002-03,23,MIA,72,28,0,1514,207,572,157,401,50,171,76,104,29,157,186,93,21,43,77,105,540,.362,.392,.292,.731,.437,.406,F-G,butlera01
1236,Dan Dickau,SAC,1,28,2002,Gonzaga,2002-03,24,ATL,50,0,0,515,70,170,48,109,22,61,21,26,9,34,43,85,14,2,53,66,183,.412,.440,.361,.808,.504,.476,G,dickada01
1237,Juan Dixon,WAS,1,17,2002,Maryland,2002-03,24,WAS,42,3,0,647,104,271,79,187,25,84,37,46,13,59,72,40,26,3,42,54,270,.384,.422,.298,.804,.464,.430,G,dixonju01
1238,Mike Dunleavy,GSW,1,3,2002,Duke,2002-03,22,GSW,82,3,0,1305,168,417,116,267,52,150,78,100,66,148,214,106,53,19,86,120,466,.403,.434,.347,.780,.505,.465,F-G,dunlemi02
1239,Melvin Ely,LAC,1,12,2002,Fresno State,2002-03,24,LAC,52,7,0,802,92,186,92,186,0,0,52,74,64,110,174,15,10,32,50,95,236,.495,.495,,.703,.540,.495,C,elyme01
1240,Dan Gadzuric,MIL,2,34,2002,UCLA,2002-03,24,MIL,49,30,0,760,70,145,70,144,0,1,29,56,66,131,197,9,22,52,27,125,169,.483,.486,.000,.518,.498,.483,C,gadzuda01
1241,Manu Ginóbili,SAS,2,57,1999,,2002-03,25,SAS,69,5,0,1431,174,397,123,249,51,148,126,171,47,114,161,138,96,17,100,170,525,.438,.494,.345,.737,.556,.503,G,ginobma01
1242,Gordan Giriček,DAL,2,40,1999,,2002-03,25,MEMORL,76,62,0,2148,350,803,265,554,85,249,150,183,36,202,238,137,52,8,145,159,935,.436,.478,.341,.820,.529,.489,G-F,giricgo01
1243,Drew Gooden,MEM,1,4,2002,Kansas,2002-03,21,MEMORL,70,47,0,1873,355,777,341,729,14,48,151,212,163,292,455,83,53,35,150,172,875,.457,.468,.292,.712,.503,.466,F,goodedr01
1244,Marcus Haislip,MIL,1,13,2002,Tennessee,2002-03,22,MIL,39,8,0,441,66,153,63,141,3,12,26,38,21,32,53,9,7,18,21,55,161,.431,.447,.250,.684,.474,.441,F,haislma01
1245,Nenê,NYK,1,7,2002,,2002-03,20,DEN,80,53,0,2258,321,619,321,616,0,3,197,341,208,283,491,149,127,65,181,295,839,.519,.521,.000,.578,.545,.519,F-C,hilarne01
1246,Ryan Humphrey,UTA,1,19,2002,Notre Dame,2002-03,23,MEMORL,48,1,0,444,35,120,35,120,0,0,23,39,34,65,99,11,9,18,23,75,93,.292,.292,,.590,.339,.292,F,humphry01
1247,Casey Jacobsen,PHO,1,22,2002,Stanford,2002-03,21,PHO,72,0,0,1147,122,327,70,162,52,165,72,105,29,54,83,73,35,6,55,90,368,.373,.432,.315,.686,.493,.453,G-F,jacobca01
1248,Marko Jarić,LAC,2,30,2000,,2002-03,24,LAC,66,12,0,1379,179,446,126,280,53,166,79,105,35,125,160,193,97,11,103,125,490,.401,.450,.319,.752,.498,.461,G,jaricma01
1249,Chris Jefferies,LAL,1,27,2002,Fresno State,2002-03,22,TOR,51,10,0,666,75,194,57,140,18,54,29,43,16,43,59,22,19,16,45,56,197,.387,.407,.333,.674,.463,.433,G-F,jeffech01
1250,Jared Jeffries,WAS,1,11,2002,Indiana,2002-03,21,WAS,20,1,0,292,30,63,27,57,3,6,16,29,26,32,58,16,8,5,21,28,79,.476,.474,.500,.552,.521,.500,F,jeffrja01
1251,Ken Johnson,MIA,2,49,2001,Ohio State,2002-03,24,MIA,16,0,0,156,15,37,15,37,0,0,2,6,4,28,32,0,1,12,6,20,32,.405,.405,,.333,.404,.405,F-C,johnske03
1252,Fred Jones,IND,1,14,2002,Oregon,2002-03,23,IND,19,1,0,115,9,24,7,17,2,7,3,4,4,5,9,5,6,1,6,13,23,.375,.412,.286,.750,.446,.417,G-F,jonesfr01
1253,Sean Lampley,CHI,2,45,2001,California,2002-03,23,MIA,35,0,0,487,56,129,56,125,0,4,57,82,26,57,83,31,7,3,25,43,169,.434,.448,.000,.695,.512,.434,F,lamplse01
1254,Tito Maddox,HOU,2,38,2002,Fresno State,2002-03,21,HOU,9,0,0,35,3,12,3,9,0,3,5,8,1,6,7,5,3,1,3,4,11,.250,.333,.000,.625,.354,.250,G,maddoti01
1255,Roger Mason,CHI,2,31,2002,Virginia,2002-03,22,CHI,17,0,0,113,11,31,5,13,6,18,2,2,2,10,12,12,4,0,5,20,30,.355,.385,.333,1.000,.471,.452,G,masonro01
1256,Yao Ming,HOU,1,1,2002,,2002-03,22,HOU,82,72,1,2382,401,805,400,803,1,2,301,371,196,479,675,137,31,147,173,230,1104,.498,.498,.500,.811,.570,.499,C,mingya01
1257,Ronald Murray,MIL,2,42,2002,Shaw,2002-03,23,MILSEA,14,0,0,62,11,31,11,26,0,5,5,8,0,4,4,5,4,0,8,0,27,.355,.423,.000,.625,.391,.355,G,murraro01
1258,Boštjan Nachbar,HOU,1,15,2002,,2002-03,22,HOU,14,1,0,77,11,31,9,21,2,10,5,10,3,8,11,3,2,2,6,13,29,.355,.429,.200,.500,.410,.387,F,nachbbo01
1259,Mehmet Okur,DET,2,38,2001,,2002-03,23,DET,72,9,0,1366,180,423,142,311,38,112,96,131,117,218,335,71,25,39,66,167,494,.426,.457,.339,.733,.514,.470,C-F,okurme01
1260,Chris Owens,MIL,2,48,2002,Texas,2002-03,23,MEM,1,0,0,6,2,3,2,3,0,0,0,0,1,0,1,0,0,0,1,0,4,.667,.667,,,.667,.667,F,owensch01
1261,Tayshaun Prince,DET,1,23,2002,Kentucky,2002-03,22,DET,42,5,0,435,53,118,33,71,20,47,11,17,5,40,45,24,10,14,21,25,137,.449,.465,.426,.647,.546,.534,F,princta01
1262,Igor Rakočević,MIN,2,51,2000,,2002-03,24,MIN,42,0,0,244,22,58,17,46,5,12,29,36,4,13,17,33,4,0,23,25,78,.379,.370,.417,.806,.528,.422,G,rakocig01
1263,Efthimios Rentzias,DEN,1,23,1996,,2002-03,27,PHI,35,0,0,144,20,59,16,51,4,8,8,9,10,16,26,7,6,2,4,21,52,.339,.314,.500,.889,.413,.373,C,rentzef01
1264,Kareem Rush,TOR,1,20,2002,Missouri,2002-03,22,LAL,76,0,0,872,96,244,77,176,19,68,16,23,26,68,94,68,10,11,63,71,227,.393,.438,.279,.696,.447,.432,G,rushka01
1265,John Salmons,SAS,1,26,2002,Miami (FL),2002-03,23,PHI,64,1,0,504,48,116,38,85,10,31,26,35,16,43,59,47,17,6,29,53,132,.414,.447,.323,.743,.502,.457,G-F,salmojo01
1266,Jamal Sampson,UTA,2,47,2002,California,2002-03,19,MIL,5,0,0,8,0,2,0,2,0,0,0,0,1,1,2,1,1,0,0,0,0,.000,.000,,,.000,.000,F-C,sampsja01
1267,Tamar Slay,NJN,2,54,2002,Marshall,2002-03,22,NJN,36,0,0,274,39,103,32,78,7,25,7,10,8,23,31,14,14,3,20,31,92,.379,.410,.280,.700,.428,.413,G,slayta01
1268,Amar'e Stoudemire,PHO,1,9,2002,,2002-03,20,PHO,82,71,0,2570,392,830,390,820,2,10,320,484,250,471,721,78,62,87,189,269,1106,.472,.476,.200,.661,.530,.473,F-C,stoudam01
1269,Nikoloz Tskitishvili,DEN,1,5,2002,,2002-03,19,DEN,81,16,0,1320,115,393,78,241,37,152,48,65,64,117,181,91,31,29,84,136,315,.293,.324,.243,.738,.374,.340,F,tskitni01
1270,Dajuan Wagner,CLE,1,6,2002,Memphis,2002-03,19,CLE,47,24,0,1385,223,605,168,431,55,174,128,160,20,62,82,130,38,7,85,107,629,.369,.390,.316,.800,.466,.414,G,wagneda02
1271,Jiří Welsch,PHI,1,16,2002,,2002-03,23,GSW,37,0,0,234,19,75,18,71,1,4,22,29,12,16,28,27,8,2,19,32,61,.253,.254,.250,.759,.348,.260,G,welscji01
1272,Chris Wilcox,LAC,1,8,2002,Maryland,2002-03,20,LAC,46,3,0,479,73,140,73,140,0,0,25,50,32,72,104,21,7,12,26,65,171,.521,.521,,.500,.528,.521,F,wilcoch01
1273,Frank Williams,DEN,1,25,2002,Illinois,2002-03,22,NYK,21,0,0,167,9,33,3,17,6,16,4,6,3,15,18,34,7,2,17,20,28,.273,.176,.375,.667,.393,.364,G,willifr02
1274,Jay Williams,CHI,1,2,2002,Duke,2002-03,21,CHI,75,54,0,1961,273,685,208,483,65,202,103,161,27,168,195,350,86,17,171,179,714,.399,.431,.322,.640,.472,.446,G,willija03
1275,Qyntel Woods,POR,1,21,2002,Northeast Mississippi Community College,2002-03,21,POR,53,0,0,334,59,118,56,109,3,9,7,20,15,38,53,12,15,1,23,36,128,.500,.514,.333,.350,.505,.513,F,woodsqy01
1276,Vincent Yarbrough,DEN,2,33,2002,Tennessee,2002-03,21,DEN,59,39,0,1381,168,428,147,350,21,78,49,62,36,126,162,130,57,33,81,145,406,.393,.420,.269,.790,.446,.417,G-F,yarbrvi01
1277,Gilbert Arenas,GSW,2,31,2001,Arizona,2001-02,20,GSW,47,30,0,1155,174,384,135,271,39,113,124,160,41,91,132,174,69,11,97,115,511,.453,.498,.345,.775,.562,.504,G,arenagi01
1278,Brandon Armstrong,HOU,1,23,2001,Pepperdine,2001-02,21,NJN,35,0,0,196,27,85,22,68,5,17,5,10,10,6,16,8,7,1,8,26,64,.318,.324,.294,.500,.358,.347,G,armstbr01
1279,Shane Battier,MEM,1,6,2001,Duke,2001-02,23,MEM,78,78,0,3097,412,961,309,685,103,276,198,283,180,238,418,216,121,81,155,215,1125,.429,.451,.373,.700,.518,.482,F,battish01
1280,Ruben Boumtje-Boumtje,POR,2,50,2001,Georgetown,2001-02,23,POR,33,1,0,245,13,32,13,32,0,0,13,25,21,34,55,4,3,16,14,38,39,.406,.406,,.520,.453,.406,C,boumtru01
1281,Michael Bradley,TOR,1,17,2001,Villanova,2001-02,22,TOR,26,0,0,118,13,25,13,23,0,2,4,8,7,17,24,3,0,6,6,10,30,.520,.565,.000,.500,.526,.520,F-C,bradlmi01
1282,Jamison Brewer,IND,2,41,2001,Auburn,2001-02,21,IND,13,0,0,43,2,5,2,4,0,1,0,0,2,6,8,9,2,0,3,3,4,.400,.500,.000,,.400,.400,G,breweja01
1283,Primož Brezec,IND,1,27,2000,,2001-02,22,IND,22,4,0,160,14,29,14,29,0,0,15,25,16,12,28,6,0,7,6,28,43,.483,.483,,.600,.538,.483,C,brezepr01
1284,Damone Brown,PHI,2,37,2001,Syracuse,2001-02,22,PHI,17,0,0,67,8,21,8,20,0,1,7,8,2,2,4,2,1,1,9,11,23,.381,.400,.000,.875,.469,.381,F,brownda02
1285,Ernest Brown,MIA,2,52,2000,Indian Hills Community College,2001-02,22,MIA,3,0,0,21,1,6,1,6,0,0,1,4,1,5,6,0,0,1,3,4,3,.167,.167,,.250,.193,.167,C,browner01
1286,Kedrick Brown,BOS,1,11,2001,Okaloosa-Walton College,2001-02,20,BOS,29,5,0,245,23,70,18,43,5,27,12,20,11,39,50,15,18,7,7,18,63,.329,.419,.185,.600,.400,.364,G,brownke01
1287,Kwame Brown,WAS,1,1,2001,,2001-02,19,WAS,57,3,0,817,94,243,94,242,0,1,70,99,63,135,198,43,16,26,43,105,258,.387,.388,.000,.707,.450,.387,F,brownkw01
1288,Tyson Chandler,LAC,1,2,2001,,2001-02,19,CHI,71,31,0,1389,151,304,151,304,0,0,134,222,114,229,343,54,28,93,99,179,436,.497,.497,,.604,.543,.497,C,chandty01
1289,Speedy Claxton,PHI,1,20,2000,Hofstra,2001-02,23,PHI,67,18,0,1528,181,452,177,419,4,33,114,136,46,114,160,198,95,6,95,145,480,.400,.422,.121,.838,.469,.405,G,claxtsp01
1290,Jarron Collins,UTA,2,53,2001,Stanford,2001-02,23,UTA,70,68,0,1440,158,343,158,342,0,1,134,181,138,158,296,58,29,22,56,234,450,.461,.462,.000,.740,.532,.461,F-C,collija03
1291,Jason Collins,HOU,1,18,2001,Stanford,2001-02,23,NJN,77,9,0,1407,117,278,116,276,1,2,115,164,132,169,301,81,29,47,72,173,350,.421,.420,.500,.701,.500,.423,C,collija04
1292,Eddy Curry,CHI,1,4,2001,,2001-02,19,CHI,72,31,0,1150,189,377,189,377,0,0,105,160,111,161,272,25,16,53,69,173,483,.501,.501,,.656,.540,.501,C,curryed01
1293,Samuel Dalembert,PHI,1,26,2001,Seton Hall,2001-02,20,PHI,34,0,0,177,22,50,22,50,0,0,7,18,25,43,68,5,6,13,14,30,51,.440,.440,,.389,.440,.440,C,dalemsa01
1294,DeSagana Diop,CLE,1,8,2001,,2001-02,20,CLE,18,1,0,109,12,29,12,29,0,0,1,5,5,12,17,5,1,10,12,19,25,.414,.414,,.200,.401,.414,C,diopde01
1295,Predrag Drobnjak,WAS,2,49,1997,,2001-02,26,SEA,64,12,0,1174,191,414,191,412,0,2,55,73,75,144,219,51,20,31,51,109,437,.461,.464,.000,.753,.490,.461,C,drobnpr01
1296,Alton Ford,PHO,2,51,2001,Houston,2001-02,20,PHO,53,0,0,452,61,118,61,118,0,0,42,57,32,75,107,7,6,7,32,99,164,.517,.517,,.737,.573,.517,F,fordal02
1297,Joseph Forte,BOS,1,21,2001,North Carolina,2001-02,20,BOS,8,0,0,39,1,12,1,9,0,3,4,4,1,5,6,6,2,0,3,1,6,.083,.111,.000,1.000,.218,.083,G,fortejo01
1298,Antonis Fotsis,MEM,2,48,2001,,2001-02,20,MEM,28,1,0,320,42,104,35,81,7,23,17,20,25,37,62,10,9,11,21,22,108,.404,.432,.304,.850,.479,.438,F,fotsian01
1299,Tremaine Fowlkes,DEN,2,54,1998,Fresno State,2001-02,25,LAC,22,17,0,343,25,64,25,64,0,0,24,31,32,32,64,17,11,1,13,39,74,.391,.391,,.774,.477,.391,F,fowlktr01
1300,Pau Gasol,ATL,1,3,2001,,2001-02,21,MEM,82,79,0,3007,551,1064,550,1059,1,5,338,477,238,492,730,223,41,169,224,195,1441,.518,.519,.200,.709,.566,.518,C-F,gasolpa01
1301,Eddie Griffin,NJN,1,7,2001,Seton Hall,2001-02,19,HOU,73,24,0,1896,244,666,154,393,90,273,64,86,117,299,416,53,17,134,47,117,642,.366,.392,.330,.744,.456,.434,F-C,griffed01
1302,Trenton Hassell,CHI,2,30,2001,Austin Peay,2001-02,22,CHI,78,47,0,2237,267,628,207,463,60,165,87,114,65,190,255,172,55,44,101,184,681,.425,.447,.364,.763,.502,.473,G,hassetr01
1303,Kirk Haston,CHA,1,16,2001,Indiana,2001-02,22,CHH,15,0,0,77,11,39,11,36,0,3,4,8,5,15,20,5,0,1,3,9,26,.282,.306,.000,.500,.306,.282,F,hastoki01
1304,Brendan Haywood,CLE,1,20,2001,North Carolina,2001-02,22,WAS,62,2,0,1266,109,221,109,221,0,0,97,160,143,179,322,29,21,91,50,158,315,.493,.493,,.606,.540,.493,C,haywobr01
1305,Steven Hunter,ORL,1,15,2001,DePaul,2001-02,20,ORL,53,21,0,516,67,147,67,147,0,0,55,94,40,57,97,5,5,43,16,81,189,.456,.456,,.585,.502,.456,C,huntest01
1306,Richard Jefferson,HOU,1,13,2001,Arizona,2001-02,21,NJN,79,9,0,1917,270,591,257,535,13,56,189,265,85,208,293,140,64,48,107,211,742,.457,.480,.232,.713,.524,.468,F,jefferi01
1307,Joe Johnson,BOS,1,10,2001,Arkansas,2001-02,20,BOSPHO,77,60,0,1916,251,584,213,454,38,130,41,53,75,182,257,179,59,20,71,114,581,.430,.469,.292,.774,.478,.462,G-F,johnsjo02
1308,Alvin Jones,PHI,2,57,2001,Georgia Tech,2001-02,23,PHI,23,2,0,126,8,20,8,20,0,0,10,20,13,23,36,3,3,9,11,35,26,.400,.400,,.500,.451,.400,C,jonesal01
1309,Andrei Kirilenko,UTA,1,24,1999,,2001-02,20,UTA,82,40,0,2151,285,633,260,533,25,100,285,371,149,253,402,94,116,159,108,156,880,.450,.488,.250,.768,.553,.470,F,kirilan01
1310,Terence Morris,ATL,2,34,2001,Maryland,2001-02,23,HOU,68,12,0,1110,111,289,96,211,15,78,18,28,77,134,211,64,21,27,45,72,255,.384,.455,.192,.643,.423,.410,F,morrite01
1311,Troy Murphy,GSW,1,14,2001,Notre Dame,2001-02,21,GSW,82,4,0,1448,178,423,175,414,3,9,121,156,99,223,322,70,36,21,84,217,480,.421,.423,.333,.776,.488,.424,F-C,murphtr01
1312,Tony Parker,SAS,1,28,2001,,2001-02,19,SAS,77,72,0,2267,268,639,207,450,61,189,108,160,33,164,197,334,89,7,151,166,705,.419,.460,.323,.675,.497,.467,G,parketo01
1313,Vladimir Radmanović,OKC,1,12,2001,,2001-02,21,SEA,61,16,0,1230,146,354,80,197,66,157,49,72,45,185,230,81,56,24,72,119,407,.412,.406,.420,.681,.528,.506,F,radmavl01
1314,Zach Randolph,POR,1,19,2001,Michigan State,2001-02,20,POR,41,0,0,238,48,107,48,107,0,0,18,27,31,38,69,13,7,4,15,29,114,.449,.449,,.667,.479,.449,F-C,randoza01
1315,Željko Rebrača,OKC,2,54,1994,,2001-02,29,DET,74,4,0,1179,189,374,189,374,0,0,135,175,84,206,290,38,28,73,84,192,513,.505,.505,,.771,.569,.505,C,rebraze01
1316,Jason Richardson,GSW,1,5,2001,Michigan State,2001-02,21,GSW,80,75,0,2629,464,1090,382,844,82,246,141,210,124,216,340,236,106,31,160,195,1151,.426,.453,.333,.671,.487,.463,G,richaja01
1317,Jeryl Sasser,ORL,1,22,2001,SMU,2001-02,22,ORL,7,0,0,36,3,14,3,14,0,0,4,5,3,4,7,2,3,0,2,3,10,.214,.214,,.800,.309,.214,G,sasseje01
1318,Kenny Satterfield,DAL,2,54,2001,Cincinnati,2001-02,20,DEN,36,4,0,560,73,199,66,172,7,27,36,46,17,35,52,108,31,1,53,43,189,.367,.384,.259,.783,.431,.384,G,satteke01
1319,Brian Scalabrine,NJN,2,35,2001,Southern California,2001-02,23,NJN,28,0,0,290,23,67,20,57,3,10,11,15,12,39,51,21,9,2,24,39,60,.343,.351,.300,.733,.408,.366,F,scalabr01
1320,Ansu Sesay,DAL,2,30,1998,Ole Miss,2001-02,25,SEA,9,0,0,142,22,44,22,44,0,0,14,20,7,13,20,8,3,2,2,18,58,.500,.500,,.700,.549,.500,F,sesayan01
1321,Bobby Simmons,OKC,2,42,2001,DePaul,2001-02,21,WAS,30,3,0,343,43,95,39,81,4,14,22,30,25,27,52,17,13,5,14,31,112,.453,.481,.286,.733,.518,.474,G-F,simmobo01
1322,Leon Smith,SAS,1,29,1999,,2001-02,21,ATL,14,0,0,100,10,26,10,26,0,0,11,17,10,21,31,3,5,1,3,12,31,.385,.385,,.647,.463,.385,C,smithle01
1323,Will Solomon,MEM,2,33,2001,Clemson,2001-02,23,MEM,62,4,0,872,113,331,67,169,46,162,49,73,12,56,68,92,35,7,62,76,321,.341,.396,.284,.671,.442,.411,G,solomwi01
1324,Etan Thomas,DAL,1,12,2000,Syracuse,2001-02,23,WAS,47,0,0,618,81,151,81,151,0,0,41,74,55,126,181,6,17,35,26,76,203,.536,.536,,.554,.553,.536,F,thomaet01
1325,Jamaal Tinsley,MEM,1,27,2001,Iowa State,2001-02,23,IND,80,78,0,2442,289,760,247,585,42,175,131,186,78,220,298,647,138,40,270,248,751,.380,.422,.240,.704,.446,.408,G,tinslja01
1326,Jeff Trepagnier,CLE,2,36,2001,Southern California,2001-02,22,CLE,12,0,0,77,7,23,7,22,0,1,4,7,3,9,12,12,8,4,11,8,18,.304,.318,.000,.571,.345,.304,G,trepaje01
1327,Gerald Wallace,SAC,1,25,2001,Alabama,2001-02,19,SAC,54,1,0,430,75,175,75,168,0,7,23,46,49,40,89,27,19,6,22,46,173,.429,.446,.000,.500,.443,.429,F,wallage01
1328,Earl Watson,OKC,2,40,2001,UCLA,2001-02,22,SEA,64,0,0,964,96,212,80,168,16,44,23,36,31,52,83,125,60,5,51,93,231,.453,.476,.364,.639,.507,.491,G,watsoea01
1329,Rodney White,DET,1,9,2001,Charlotte,2001-02,21,DET,16,0,0,129,21,60,19,51,2,9,12,14,2,16,18,12,9,2,14,6,56,.350,.373,.222,.857,.423,.367,F,whitero02
1330,Loren Woods,MIN,2,46,2001,Arizona,2001-02,23,MIN,60,0,0,516,33,96,33,94,0,2,44,60,46,76,122,22,17,34,36,60,110,.344,.351,.000,.733,.449,.344,F-C,woodslo01
1331,Courtney Alexander,ORL,1,13,2000,Fresno State,2000-01,23,DALWAS,65,24,0,1382,239,573,222,527,17,46,123,150,42,101,143,62,45,5,75,139,618,.417,.421,.370,.820,.484,.432,G,alexaco02
1332,Dalibor Bagarić,CHI,1,24,2000,,2000-01,20,CHI,35,0,0,259,17,65,17,64,0,1,13,28,22,34,56,10,9,16,21,44,47,.262,.266,.000,.464,.304,.262,C,bagarda01
1333,Erick Barkley,POR,1,28,2000,St. John's (NY),2000-01,22,POR,8,0,0,38,8,22,5,14,3,8,0,0,0,3,3,6,2,0,5,2,19,.364,.357,.375,,.432,.432,G,barkler01
1334,Mark Blount,OKC,2,55,1997,Pittsburgh,2000-01,25,BOS,64,50,0,1098,101,200,101,200,0,0,46,66,97,134,231,32,39,76,62,183,248,.505,.505,,.697,.541,.505,C,blounma01
1335,Brian Cardinal,DET,2,44,2000,Purdue,2000-01,23,DET,15,0,0,126,10,31,10,26,0,5,11,18,8,15,23,3,7,2,9,27,31,.323,.385,.000,.611,.398,.323,F,cardibr01
1336,Mateen Cleaves,DET,1,14,2000,Michigan State,2000-01,23,DET,78,8,0,1268,160,400,155,383,5,17,97,137,26,106,132,207,49,1,139,153,422,.400,.405,.294,.708,.458,.406,G,cleavma01
1337,Jason Collier,MIL,1,15,2000,Georgia Tech,2000-01,23,HOU,23,0,0,222,27,71,27,70,0,1,17,24,12,25,37,6,2,3,11,27,71,.380,.386,.000,.708,.435,.380,C,collija02
1338,Jamal Crawford,CLE,1,8,2000,Michigan,2000-01,20,CHI,61,8,0,1050,107,304,66,187,41,117,27,34,9,80,89,141,43,14,85,68,282,.352,.353,.350,.794,.442,.419,G,crawfja01
1339,Keyon Dooling,ORL,1,10,2000,Missouri,2000-01,20,LAC,76,1,0,1237,148,362,120,282,28,80,125,179,8,81,89,177,41,11,94,107,449,.409,.426,.350,.698,.509,.448,G,doolike01
1340,Khalid El-Amin,CHI,2,34,2000,Connecticut,2000-01,21,CHI,50,14,0,936,115,311,87,227,28,84,56,72,21,60,81,145,48,2,54,99,314,.370,.383,.333,.778,.458,.415,G,elamikh01
1341,Marcus Fizer,CHI,1,4,2000,Iowa State,2000-01,22,CHI,72,13,0,1580,278,646,268,607,10,39,117,161,76,237,313,76,30,19,124,175,683,.430,.442,.256,.727,.476,.438,F,fizerma01
1342,A.J. Guyton,CHI,2,32,2000,Indiana,2000-01,22,CHI,33,8,0,630,78,192,51,123,27,69,15,18,10,26,36,64,9,5,24,35,198,.406,.415,.391,.833,.495,.477,G,guytoaj01
1343,Jason Hart,MIL,2,49,2000,Syracuse,2000-01,22,MIL,1,0,0,10,1,1,1,1,0,0,0,0,0,0,0,1,0,0,2,0,2,1.000,1.000,,,1.000,1.000,G,hartja01
1344,Donnell Harvey,NYK,1,22,2000,Florida,2000-01,20,DAL,18,0,0,65,8,14,8,14,0,0,6,16,6,14,20,2,3,1,7,15,22,.571,.571,,.375,.523,.571,F,harvedo01
1345,Eddie House,MIA,2,37,2000,Arizona State,2000-01,22,MIA,50,0,0,550,104,247,85,192,19,55,24,35,5,37,42,52,13,0,35,58,251,.421,.443,.345,.686,.478,.460,G,houseed01
1346,Marc Jackson,GSW,2,38,1997,Temple,2000-01,26,GSW,48,35,0,1410,237,508,232,485,5,23,154,192,119,242,361,59,34,27,93,138,633,.467,.478,.217,.802,.534,.471,C,jacksma02
1347,Stephen Jackson,PHO,2,43,1997,Butler County (KS) Community College,2000-01,22,NJN,77,40,0,1660,243,572,191,417,52,155,97,135,41,167,208,140,86,14,130,166,635,.425,.458,.335,.719,.503,.470,F-G,jacksst02
1348,DerMarr Johnson,ATL,1,6,2000,Cincinnati,2000-01,20,ATL,78,21,0,1313,146,390,105,263,41,127,64,87,56,122,178,64,43,30,93,134,397,.374,.399,.323,.736,.463,.427,F,johnsde03
1349,Dan Langhi,DAL,2,31,2000,Vanderbilt,2000-01,23,HOU,33,0,0,241,37,99,37,98,0,1,16,29,13,28,41,4,7,1,8,16,90,.374,.378,.000,.552,.403,.374,F,langhda01
1350,Mark Madsen,LAL,1,29,2000,Stanford,2000-01,25,LAL,70,3,0,641,55,113,54,112,1,1,26,37,74,78,152,24,8,8,27,111,137,.487,.482,1.000,.703,.530,.491,F-C,madsema01
1351,Jamaal Magloire,CHA,1,19,2000,Kentucky,2000-01,22,CHH,74,0,0,1095,122,271,122,269,0,2,95,145,103,192,295,27,18,78,61,139,339,.450,.454,.000,.655,.506,.450,C,magloja01
1352,Kenyon Martin,NJN,1,1,2000,Cincinnati,2000-01,23,NJN,68,68,0,2272,346,777,345,766,1,11,121,192,137,365,502,131,78,113,138,281,814,.445,.450,.091,.630,.472,.446,F,martike01
1353,Desmond Mason,OKC,1,17,2000,Oklahoma State,2000-01,23,SEA,78,14,0,1522,189,439,171,372,18,67,67,91,72,177,249,63,39,20,53,146,463,.431,.460,.269,.736,.483,.451,F,masonde01
1354,Dan McClintock,DEN,2,53,2000,Northern Arizona,2000-01,23,DEN,6,1,0,58,9,18,9,18,0,0,0,5,10,7,17,1,0,2,3,11,18,.500,.500,,.000,.446,.500,C,mcclida01
1355,Chris Mihm,CHI,1,7,2000,Texas,2000-01,21,CLE,59,43,0,1166,173,391,173,390,0,1,100,126,106,174,280,16,20,53,80,156,446,.442,.444,.000,.794,.500,.442,C-F,mihmch01
1356,Darius Miles,LAC,1,3,2000,,2000-01,19,LAC,81,21,0,2133,318,630,317,611,1,19,124,238,127,350,477,99,51,125,147,191,761,.505,.519,.053,.521,.518,.506,F,milesda01
1357,Mike Miller,ORL,1,5,2000,Florida,2000-01,20,ORL,82,62,0,2390,368,845,220,481,148,364,91,128,66,261,327,140,51,19,97,200,975,.436,.457,.407,.711,.541,.523,F-G,millemi01
1358,Jérôme Moïso,BOS,1,11,2000,UCLA,2000-01,22,BOS,24,0,0,135,12,30,12,29,0,1,11,26,12,30,42,3,3,4,18,29,35,.400,.414,.000,.423,.422,.400,F-C,moisoje01
1359,Hanno Möttölä,ATL,2,40,2000,Utah,2000-01,24,ATL,73,3,0,989,123,277,123,274,0,3,73,90,49,125,174,25,11,9,67,163,319,.444,.449,.000,.811,.504,.444,F-C,mottoha01
1360,Lee Nailon,CHA,2,43,1999,TCU,2000-01,25,CHH,42,0,0,469,66,136,66,135,0,1,32,43,29,63,92,24,9,5,27,60,164,.485,.489,.000,.744,.529,.485,F,nailole01
1361,Eduardo Nájera,HOU,2,38,2000,Oklahoma,2000-01,24,DAL,40,4,0,431,58,111,57,108,1,3,14,33,41,54,95,27,13,8,17,48,131,.523,.528,.333,.424,.522,.527,F,najered01
1362,Mamadou N'Diaye,DEN,1,26,2000,Auburn,2000-01,25,TOR,3,0,0,10,1,4,1,4,0,0,2,2,1,1,2,0,0,0,0,3,4,.250,.250,,1.000,.410,.250,C,ndiayma02
1363,Olumide Oyedeji,OKC,2,42,2000,,2000-01,19,SEA,30,1,0,221,18,37,18,37,0,0,9,12,24,43,67,2,7,10,11,40,45,.486,.486,,.750,.532,.486,C,oyedeol01
1364,Morris Peterson,TOR,1,21,2000,Michigan State,2000-01,23,TOR,80,49,0,1809,290,673,227,508,63,165,104,145,112,147,259,105,63,20,78,164,747,.431,.447,.382,.717,.507,.478,F,petermo01
1365,Chris Porter,GSW,2,55,2000,Auburn,2000-01,22,GSW,51,35,0,1147,173,445,173,440,0,5,94,141,89,100,189,61,45,6,59,111,440,.389,.393,.000,.667,.434,.389,F,portech01
1366,Lavor Postell,NYK,2,39,2000,St. John's (NY),2000-01,22,NYK,26,0,0,169,17,54,14,43,3,11,22,27,8,17,25,5,4,2,17,12,59,.315,.326,.273,.815,.448,.343,G,postela01
1367,Joel Przybilla,HOU,1,9,2000,Minnesota,2000-01,21,MIL,33,13,0,270,12,35,12,35,0,0,3,11,29,42,71,2,3,30,13,56,27,.343,.343,,.273,.339,.343,C,przybjo01
1368,Michael Redd,MIL,2,43,2000,Ohio State,2000-01,21,MIL,6,0,0,35,5,19,5,16,0,3,3,6,3,1,4,1,1,0,1,2,13,.263,.313,.000,.500,.300,.263,G,reddmi01
1369,Quentin Richardson,LAC,1,18,2000,DePaul,2000-01,20,LAC,76,28,0,1358,232,525,182,374,50,151,99,158,105,152,257,62,42,7,64,98,613,.442,.487,.331,.627,.516,.490,G-F,richaqu01
1370,Soumaila Samake,NJN,2,36,2000,,2000-01,22,NJN,34,0,0,226,18,48,18,48,0,0,10,24,22,31,53,1,2,14,4,23,46,.375,.375,,.417,.393,.375,C,samakso01
1371,Jabari Smith,SAC,2,45,2000,Louisiana State,2000-01,23,SAC,9,0,0,66,11,22,11,22,0,0,4,6,1,7,8,6,4,0,3,7,26,.500,.500,,.667,.528,.500,C,smithja01
1372,Mike Smith,WAS,2,35,2000,Louisiana–Monroe,2000-01,24,WAS,17,0,0,180,19,59,16,41,3,18,10,16,10,12,22,10,5,3,7,8,51,.322,.390,.167,.625,.386,.347,F,smithmi03
1373,DeShawn Stevenson,UTA,1,23,2000,,2000-01,19,UTA,40,2,0,293,31,91,30,79,1,12,26,38,9,19,28,18,10,2,28,29,89,.341,.380,.083,.684,.413,.346,G,stevede01
1374,Stromile Swift,MEM,1,2,2000,Louisiana State,2000-01,21,VAN,80,6,0,1312,153,339,153,335,0,4,85,141,109,175,284,28,62,82,64,160,391,.451,.457,.000,.603,.487,.451,F,swiftst01
1375,Dragan Tarlać,CHI,2,31,1995,,2000-01,27,CHI,43,12,0,598,39,99,39,99,0,0,25,33,37,85,122,31,7,19,38,95,103,.394,.394,,.758,.454,.394,C,tarladr01
1376,Jake Tsakalidis,PHO,1,25,2000,,2000-01,21,PHO,57,39,0,947,101,215,101,215,0,0,54,91,83,159,242,19,10,55,66,137,256,.470,.470,,.593,.502,.470,C,tsakaja01
1377,Hedo Türkoğlu,SAC,1,16,2000,,2000-01,21,SAC,74,7,0,1245,138,335,110,249,28,86,87,112,49,161,210,69,52,24,55,139,391,.412,.442,.326,.777,.509,.454,F,turkohe01
1378,Jake Voskuhl,CHI,2,33,2000,Connecticut,2000-01,23,CHI,16,2,0,143,11,25,11,25,0,0,8,14,12,22,34,5,5,6,12,38,30,.440,.440,,.571,.481,.440,C,voskuja01
1379,Wang Zhizhi,DAL,2,36,1999,,2000-01,23,DAL,5,0,0,38,8,19,8,17,0,2,8,10,1,6,7,0,0,0,1,8,24,.421,.471,.000,.800,.513,.421,C,zhizhwa01