player_id,rookie_season,pts_per_100
920,2001,13.8
2062,2001,16.9
243,2001,18.9
1425,2001,18.5
228,2001,10.1
1502,2001,11.7
1559,2001,12.4
1733,2001,16.2
673,2001,21.5
275,2001,27.6
947,2001,37.8
297,2001,30.7
1541,2001,17.2
1889,2001,23.5
692,2001,14.7
1950,2001,0.0
358,2001,17.4
1712,2001,30.0
1853,2001,15.0
924,2001,20.7
1533,2001,12.6
193,2001,21.4
292,2001,9.1
324,2001,18.9
952,2001,28.5
1498,2001,18.8
213,2001,20.4
176,2001,21.5
686,2001,29.2
1609,2001,0.0
717,2001,24.8
1506,2001,22.6
422,2001,12.7
1884,2001,18.6
1112,2001,9.3
223,2001,16.0
182,2001,12.1
902,2001,15.1
448,2001,11.7
682,2001,17.3
1517,2001,17.7
1719,2001,25.0
1802,2001,18.7
699,2001,16.9
85,2001,20.3
1510,2001,11.2
2073,2001,11.4
258,2001,24.5
216,2001,11.7
1730,2001,14.4
1477,2001,12.5
1743,2001,17.3
735,2001,17.3
179,2001,15.3
1724,2001,12.1
935,2001,19.9
1898,2001,18.4
384,2001,7.0
1916,2001,15.7
435,2001,17.1
76,2001,24.1
1538,2001,12.5
891,2001,14.1
369,2001,15.5
1497,2001,20.7
685,2001,14.9
713,2001,26.3
164,2001,10.4
1544,2001,17.6
201,2001,6.1
1612,2001,6.7
423,2001,25.8
1914,2001,10.2
2036,2001,19.9
168,2001,17.9
904,2001,15.1
2084,2001,19.1
185,2001,33.2
43,2001,18.5
363,2001,22.1
1088,2001,20.5
359,2001,15.2
221,2001,17.2
361,2001,24.9
1736,2001,18.5
1894,2001,25.9
916,2001,12.1
722,2001,23.9
724,2001,10.9
2042,2001,22.5
1749,2001,26.7
905,2001,14.2
2053,2001,9.1
1800,2001,16.7
757,2001,20.9
2061,2001,19.1
105,2001,10.8
2082,2001,15.3
344,2001,21.5
2091,2001,14.3
198,2001,13.7
1504,2001,23.4
330,2001,24.1
2032,2001,18.4
353,2001,21.8
239,2001,28.5
1032,2001,10.3
128,2001,20.2
764,2001,25.5
2128,2001,14.8
133,2001,23.6
766,2001,37.5
2052,2001,14.9
1051,2001,10.9
244,2001,16.0
209,2001,22.7
2035,2001,15.2
1507,2001,23.1
965,2001,16.6
400,2001,13.1
934,2001,21.1
1760,2001,21.3
365,2001,7.8
2046,2001,15.6
96,2001,13.8
1904,2001,15.8
87,2001,15.3
1901,2001,18.0
1717,2001,28.8
931,2001,19.6
690,2001,13.5
2051,2001,14.9
923,2001,24.5
57,2001,16.7
77,2001,13.2
28,2001,8.2
1434,2001,9.0
190,2001,10.7
1863,2001,22.0
2109,2001,13.1
2067,2001,24.2
224,2001,25.9
1944,2001,21.5
2059,2001,14.6
922,2001,23.0
695,2001,13.2
386,2001,14.3
1882,2001,27.0
1023,2001,14.5
376,2001,9.0
15,2001,20.8
727,2001,14.5
677,2001,15.3
2057,2001,22.6
956,2001,15.3
1065,2001,16.2
911,2001,7.0
1564,2001,21.6
1915,2001,9.6
1732,2001,17.7
280,2001,18.6
697,2001,15.8
2123,2001,6.3
202,2001,27.0
56,2001,28.9
718,2001,20.9
248,2001,13.4
45,2001,18.3
1562,2001,15.4
779,2001,22.2
299,2001,29.8
255,2001,20.8
3,2001,13.6
21,2001,17.4
1761,2001,14.5
323,2001,14.3
731,2001,13.0
165,2001,23.1
2069,2001,15.9
2045,2001,15.7
765,2001,13.8
270,2001,14.2
458,2001,15.3
93,2001,15.5
1134,2001,13.7
1085,2001,0.0
1956,2001,14.9
375,2001,21.6
462,2001,11.8
2074,2001,20.2
1521,2001,16.2
1751,2001,18.7
2054,2001,13.9
2063,2001,10.9
147,2001,26.5
2048,2001,15.7
2037,2001,13.9
469,2001,26.5
1554,2001,4.4
1975,2001,11.4
1899,2001,14.9
381,2001,9.7
994,2001,7.5
1114,2001,17.0
679,2001,17.4
2044,2001,16.6
2078,2001,10.0
467,2001,21.5
1891,2001,26.4
1715,2001,15.2
1902,2001,11.2
976,2001,19.5
1741,2001,14.4
979,2001,21.0
760,2001,14.8
2040,2001,11.9
966,2001,15.7
711,2001,36.7
754,2001,19.7
29,2001,7.3
693,2001,21.7
2038,2001,5.1
680,2001,19.2
715,2001,3.0
180,2001,12.8
317,2001,17.2
304,2001,20.4
961,2001,21.5
271,2001,22.3
468,2001,15.8
1886,2001,16.7
146,2001,12.5
1908,2001,18.1
436,2001,24.9
252,2001,33.9
1496,2001,24.6
1509,2001,14.0
383,2001,16.0
72,2001,14.4
1903,2001,15.2
2030,2001,18.3
1721,2001,18.8
236,2001,12.6
708,2001,28.8
1563,2001,12.1
788,2001,20.4
2039,2001,18.7
2064,2001,17.5
977,2001,35.5
1600,2001,14.2
703,2001,20.4
111,2001,20.5
1885,2001,24.5
441,2001,23.0
1930,2001,0.0
1919,2001,12.5
1716,2001,22.1
913,2001,16.8
1683,2001,15.9
84,2001,24.6
2068,2001,18.0
1444,2001,20.8
1924,2001,18.1
283,2001,21.1
953,2001,22.4
919,2001,15.4
26,2001,8.9
446,2001,16.9
51,2001,27.8
990,2001,18.6
2055,2001,19.0
1531,2001,22.2
948,2001,19.4
2033,2001,22.5
53,2001,10.2
1548,2001,11.5
95,2001,9.0
349,2001,12.9
2058,2001,10.8
998,2001,8.0
1110,2001,17.2
2043,2001,15.9
672,2001,18.3
761,2001,20.0
1723,2001,19.9
1074,2001,13.7
1508,2001,23.7
1897,2001,20.2
688,2001,12.0
1722,2001,22.2
1720,2001,17.9
714,2001,25.9
1138,2001,5.4
1709,2001,17.8
2072,2001,18.6
1913,2001,7.3
63,2001,9.4
1565,2001,13.0
1710,2001,20.8
2034,2001,20.4
2130,2001,15.7
2065,2001,13.9
1630,2001,15.2
1960,2001,14.9
782,2001,25.0
42,2001,17.2
983,2001,17.1
302,2001,16.0
2050,2001,21.3
177,2001,0.0
1737,2001,23.5
98,2001,11.3
89,2001,24.2
1918,2001,18.4
178,2001,14.0
2071,2001,10.7
970,2001,19.1
901,2001,11.0
136,2001,12.6
1727,2001,19.9
121,2001,18.6
2101,2001,21.8
1718,2001,33.8
978,2001,26.0
2143,2001,6.4
442,2001,7.1
461,2001,12.6
2047,2001,23.4
1900,2001,15.9
1711,2001,20.9
1747,2001,13.7
1952,2001,7.6
753,2001,9.2
988,2001,0.0
1740,2001,21.7
739,2001,26.5
1725,2001,13.4
951,2001,29.3
397,2001,25.2
1073,2001,18.8
1888,2001,28.5
1594,2001,11.0
296,2001,17.5
1729,2001,23.5
109,2001,13.1
123,2001,18.6
1714,2001,17.0
393,2001,18.7
1934,2001,22.2
915,2001,22.8
166,2001,13.9
1500,2001,25.2
1728,2001,19.1
2092,2001,9.8
1739,2001,24.5
2106,2001,12.1
1763,2001,13.7
208,2001,25.5
1734,2001,16.8
417,2001,14.8
64,2001,12.8
955,2001,17.2
1513,2001,15.4
197,2001,20.7
1909,2001,21.4
281,2001,16.0
937,2001,17.7
2173,2001,15.0
251,2001,17.4
399,2001,14.8
1742,2001,19.1
1000,2001,15.3
406,2001,37.6
949,2001,26.3
762,2001,15.0
431,2001,21.1
1890,2001,24.3
1035,2001,15.4
428,2001,16.2
2098,2001,35.6
2066,2001,10.2
278,2001,13.6
1536,2001,19.2
950,2001,31.5
1883,2001,25.9
1864,2001,7.9
70,2001,14.5
959,2001,22.9
120,2001,22.8
2031,2001,15.4
1505,2001,13.2
2121,2001,0.0
210,2001,22.7
426,2001,7.2
371,2001,10.9
345,2001,17.9
689,2001,17.9
1495,2001,30.1
896,2001,23.7
1906,2001,11.5
1501,2001,23.2
103,2001,19.4
957,2001,19.2
1928,2001,21.6
339,2001,15.7
67,2001,10.6
389,2001,22.9
1499,2001,15.6
960,2001,21.7
763,2001,14.8
380,2001,10.5
1503,2001,34.0
145,2001,21.9
1892,2001,17.8
696,2001,19.7
969,2001,5.9
1607,2001,17.1
895,2001,8.7
238,2001,16.1
1838,2001,16.8
1731,2001,14.0
721,2001,19.5
137,2001,15.2
452,2001,22.5
1713,2001,35.9
219,2001,13.7
958,2001,16.4
124,2001,20.0
1735,2001,14.8
1907,2001,16.1
702,2001,21.2
1887,2001,20.5
1005,2001,19.7
962,2001,13.1
1917,2001,29.3
445,2001,16.9
781,2001,11.2
1895,2001,16.3
440,2001,14.5
1985,2001,23.1
980,2001,24.3
2062,2002,20.9
243,2002,20.9
1425,2002,19.8
1502,2002,12.8
1559,2002,15.1
1733,2002,22.5
673,2002,17.1
275,2002,28.0
947,2002,37.5
297,2002,25.9
2228,2002,18.4
2264,2002,10.4
1541,2002,17.5
1043,2002,16.4
1889,2002,23.1
1905,2002,21.0
692,2002,12.9
358,2002,20.0
1738,2002,21.8
1712,2002,26.3
1853,2002,10.1
1533,2002,13.6
193,2002,13.0
324,2002,18.4
952,2002,26.9
1498,2002,18.1
213,2002,20.0
176,2002,9.9
686,2002,24.1
2238,2002,17.1
1609,2002,15.3
1506,2002,20.3
422,2002,20.9
1884,2002,23.5
1112,2002,11.0
902,2002,11.3
448,2002,10.2
682,2002,21.7
1517,2002,25.7
2250,2002,17.2
1719,2002,27.9
1802,2002,24.0
2220,2002,16.5
2217,2002,13.4
699,2002,20.2
85,2002,15.2
1510,2002,16.5
2073,2002,21.0
258,2002,16.2
2243,2002,10.5
216,2002,13.6
1730,2002,10.6
1477,2002,12.9
1743,2002,17.2
179,2002,16.4
1724,2002,14.1
935,2002,16.6
1898,2002,14.0
384,2002,15.7
1916,2002,17.6
2306,2002,15.3
435,2002,18.4
1538,2002,24.5
891,2002,8.3
1520,2002,19.7
2294,2002,9.1
369,2002,16.3
1497,2002,22.7
685,2002,12.9
2365,2002,14.1
164,2002,9.6
1544,2002,20.9
201,2002,7.7
423,2002,22.6
2036,2002,18.0
168,2002,20.2
185,2002,31.4
43,2002,20.1
363,2002,14.7
1088,2002,21.8
359,2002,10.3
221,2002,15.0
361,2002,21.3
1894,2002,22.9
916,2002,9.4
722,2002,32.4
2042,2002,21.7
1749,2002,27.4
905,2002,16.1
2053,2002,15.0
1800,2002,16.3
757,2002,19.2
2245,2002,16.1
2061,2002,13.0
105,2002,13.0
344,2002,17.1
2091,2002,16.7
198,2002,14.9
1504,2002,19.2
330,2002,15.0
2032,2002,18.1
353,2002,18.6
239,2002,2.2
1032,2002,12.8
764,2002,21.8
133,2002,19.9
2205,2002,11.4
2052,2002,14.9
1051,2002,9.5
2352,2002,14.2
244,2002,5.1
209,2002,21.2
2035,2002,17.6
1507,2002,21.4
965,2002,20.2
934,2002,22.5
1760,2002,17.7
365,2002,8.1
2046,2002,20.2
1904,2002,16.8
54,2002,0.0
87,2002,16.9
1901,2002,21.3
1717,2002,31.0
690,2002,15.2
2051,2002,16.6
681,2002,13.0
923,2002,25.4
57,2002,17.2
77,2002,15.1
1863,2002,18.9
2248,2002,12.6
2109,2002,16.2
2204,2002,18.0
2067,2002,22.1
224,2002,25.3
1944,2002,20.5
2201,2002,21.6
2059,2002,14.9
922,2002,26.4
695,2002,7.8
386,2002,12.0
1882,2002,25.4
1023,2002,12.0
376,2002,9.3
15,2002,18.8
727,2002,17.5
677,2002,13.4
2057,2002,13.6
956,2002,15.9
1065,2002,18.4
2081,2002,7.1
911,2002,6.7
2041,2002,17.1
1915,2002,10.3
1732,2002,14.8
280,2002,6.0
697,2002,12.8
56,2002,28.9
718,2002,21.9
248,2002,10.0
45,2002,17.1
2222,2002,18.7
2240,2002,21.3
779,2002,15.2
299,2002,30.0
255,2002,23.0
3,2002,11.5
21,2002,16.2
1761,2002,14.4
323,2002,12.7
731,2002,11.7
165,2002,16.7
2069,2002,14.7
1942,2002,15.3
2045,2002,20.4
270,2002,14.0
458,2002,15.0
93,2002,15.7
1134,2002,12.2
1829,2002,7.2
1085,2002,18.2
1956,2002,13.6
375,2002,28.2
2074,2002,18.3
1521,2002,15.0
1751,2002,15.2
2054,2002,16.0
2063,2002,17.0
147,2002,27.5
2048,2002,23.4
2224,2002,15.6
2037,2002,22.8
469,2002,28.2
1899,2002,18.2
2249,2002,4.5
1114,2002,12.8
2260,2002,16.3
679,2002,18.4
2044,2002,15.3
2215,2002,13.0
2078,2002,14.7
467,2002,20.0
2202,2002,21.6
1891,2002,25.8
1715,2002,21.8
1902,2002,13.4
976,2002,20.5
2244,2002,11.0
1741,2002,12.6
1983,2002,10.6
979,2002,26.1
1744,2002,16.6
2040,2002,10.8
966,2002,16.7
711,2002,31.5
2219,2002,14.5
754,2002,17.4
2343,2002,25.4
2207,2002,15.7
693,2002,20.7
2038,2002,8.7
680,2002,15.2
180,2002,18.4
317,2002,16.1
304,2002,22.2
961,2002,23.5
271,2002,13.4
468,2002,19.2
1886,2002,18.0
2218,2002,7.6
146,2002,8.0
1908,2002,16.3
436,2002,23.0
252,2002,30.5
2208,2002,12.7
1496,2002,24.7
1509,2002,13.7
383,2002,14.0
72,2002,15.4
2261,2002,17.5
1903,2002,21.8
2030,2002,22.0
1721,2002,22.2
954,2002,21.4
708,2002,28.1
1563,2002,14.0
788,2002,19.5
2039,2002,18.3
2213,2002,15.6
977,2002,33.7
703,2002,21.6
2198,2002,16.3
111,2002,15.0
1885,2002,19.8
441,2002,26.5
1716,2002,21.5
1683,2002,13.0
84,2002,24.9
2068,2002,26.6
1444,2002,18.0
1924,2002,23.1
1910,2002,15.0
283,2002,15.0
2254,2002,10.9
953,2002,21.3
446,2002,22.4
2124,2002,16.9
990,2002,23.3
2055,2002,22.2
1531,2002,19.1
948,2002,16.7
2033,2002,24.9
1548,2002,11.2
95,2002,13.9
349,2002,15.1
2058,2002,12.9
998,2002,10.2
1110,2002,15.9
2043,2002,20.1
672,2002,15.4
761,2002,4.6
1723,2002,20.0
2230,2002,21.2
2370,2002,17.6
1897,2002,22.9
2214,2002,12.4
688,2002,9.1
1722,2002,16.4
1720,2002,14.2
714,2002,26.3
893,2002,35.0
1709,2002,18.2
2072,2002,27.9
1913,2002,4.9
1565,2002,12.9
1710,2002,20.1
2229,2002,18.6
2034,2002,22.6
2130,2002,19.2
1630,2002,18.2
1960,2002,15.1
782,2002,18.4
348,2002,16.4
42,2002,19.0
983,2002,16.0
302,2002,10.3
2050,2002,23.3
1737,2002,18.7
98,2002,14.0
89,2002,27.6
2369,2002,21.9
1918,2002,18.5
2071,2002,12.8
2351,2002,19.1
970,2002,20.5
136,2002,13.7
1727,2002,18.6
121,2002,21.9
2200,2002,24.7
1718,2002,33.2
978,2002,28.1
461,2002,15.4
1542,2002,19.5
2056,2002,13.8
2047,2002,25.9
1900,2002,15.2
1711,2002,22.2
1747,2002,15.5
1952,2002,14.4
753,2002,0.0
988,2002,12.3
1740,2002,24.3
739,2002,27.0
1725,2002,16.2
2237,2002,41.7
951,2002,31.1
397,2002,23.0
1073,2002,23.1
1888,2002,30.1
2210,2002,19.9
1594,2002,12.3
296,2002,14.3
1729,2002,25.2
109,2002,13.0
123,2002,12.6
1714,2002,17.2
393,2002,18.6
1934,2002,17.1
915,2002,24.6
2206,2002,21.5
1500,2002,22.2
2257,2002,8.2
1739,2002,25.2
1601,2002,18.3
1763,2002,11.2
208,2002,28.8
694,2002,12.7
417,2002,16.9
955,2002,14.4
2223,2002,13.7
1513,2002,13.5
1909,2002,20.0
281,2002,14.5
937,2002,17.2
1752,2002,15.9
399,2002,13.0
1742,2002,19.1
1000,2002,13.7
2203,2002,18.7
406,2002,38.5
949,2002,28.1
762,2002,14.8
431,2002,19.1
1890,2002,25.7
1035,2002,16.9
2098,2002,23.1
2049,2002,16.4
278,2002,14.3
1536,2002,19.5
950,2002,26.9
1883,2002,27.9
1864,2002,5.2
70,2002,18.0
959,2002,26.0
2212,2002,18.0
120,2002,21.1
2031,2002,22.9
2347,2002,10.9
1505,2002,15.9
2242,2002,12.0
210,2002,20.8
345,2002,15.8
689,2002,15.9
2357,2002,15.8
1495,2002,33.0
896,2002,20.4
1906,2002,14.8
1501,2002,22.7
1928,2002,20.1
339,2002,12.8
389,2002,19.9
1499,2002,14.4
960,2002,20.5
763,2002,16.8
2225,2002,16.2
1503,2002,34.0
145,2002,24.8
1892,2002,21.7
696,2002,17.2
969,2002,12.1
1762,2002,11.6
2239,2002,15.9
1607,2002,25.2
2211,2002,16.6
238,2002,13.5
1838,2002,15.5
1731,2002,20.0
2199,2002,15.9
2349,2002,20.5
452,2002,23.9
1713,2002,32.8
219,2002,20.0
958,2002,13.7
124,2002,18.2
2209,2002,17.2
1735,2002,17.0
1907,2002,19.3
702,2002,25.4
1887,2002,25.5
1005,2002,21.3
962,2002,14.7
1917,2002,25.6
445,2002,21.9
2226,2002,18.6
1895,2002,13.8
2216,2002,24.0
1442,2002,22.7
1985,2002,19.7
980,2002,27.6
2062,2003,0.0
243,2003,15.4
1425,2003,16.1
2492,2003,13.9
1502,2003,12.4
1559,2003,11.9
1733,2003,21.1
673,2003,13.4
275,2003,30.6
947,2003,33.2
2228,2003,11.1
1541,2003,20.4
1043,2003,7.8
2405,2003,22.1
1889,2003,19.1
1905,2003,22.6
692,2003,14.1
358,2003,17.8
1738,2003,11.0
1712,2003,28.1
1853,2003,11.2
924,2003,14.7
1533,2003,16.6
193,2003,11.5
324,2003,14.3
2541,2003,9.7
952,2003,25.2
1498,2003,14.9
213,2003,20.6
176,2003,5.6
1609,2003,13.8
717,2003,20.5
1506,2003,20.7
422,2003,18.5
1884,2003,24.1
1112,2003,9.6
902,2003,11.7
448,2003,11.0
682,2003,17.7
1517,2003,26.6
2250,2003,16.8
1719,2003,24.7
2411,2003,18.2
1802,2003,21.4
2220,2003,16.9
1585,2003,4.9
2217,2003,14.0
699,2003,16.5
1510,2003,11.8
2073,2003,12.9
258,2003,17.1
2243,2003,12.6
216,2003,13.9
1730,2003,16.9
1477,2003,12.0
1743,2003,11.1
1724,2003,12.1
935,2003,12.0
384,2003,16.0
1916,2003,12.8
2306,2003,21.1
2430,2003,19.7
2406,2003,22.5
2418,2003,16.2
2456,2003,8.0
891,2003,7.9
1520,2003,16.7
369,2003,16.5
1497,2003,27.8
685,2003,15.2
2365,2003,16.9
164,2003,6.9
1544,2003,32.9
201,2003,0.0
2423,2003,15.0
2036,2003,19.1
168,2003,19.4
2442,2003,33.3
185,2003,28.9
43,2003,17.0
2404,2003,18.2
363,2003,15.2
1088,2003,17.6
221,2003,13.4
361,2003,19.0
1736,2003,13.3
1894,2003,27.0
916,2003,9.2
722,2003,25.9
2042,2003,20.0
1749,2003,22.1
2402,2003,22.7
905,2003,13.6
2053,2003,12.3
1800,2003,15.8
757,2003,16.6
2245,2003,12.7
2424,2003,17.8
2429,2003,11.3
2061,2003,17.3
198,2003,9.9
1504,2003,13.8
330,2003,19.4
2032,2003,15.4
353,2003,16.3
1032,2003,10.1
764,2003,17.1
133,2003,23.5
2205,2003,6.3
2052,2003,18.6
2352,2003,10.5
1507,2003,21.7
965,2003,15.4
934,2003,17.7
2046,2003,21.9
1904,2003,15.5
2484,2003,15.1
87,2003,13.4
1901,2003,20.0
1717,2003,32.9
690,2003,5.3
2051,2003,19.8
681,2003,0.0
923,2003,22.0
57,2003,13.5
2400,2003,23.7
1863,2003,22.8
2248,2003,16.2
2204,2003,18.5
2067,2003,21.0
224,2003,26.2
1944,2003,13.5
2201,2003,26.9
2059,2003,14.8
981,2003,17.3
922,2003,21.2
1882,2003,24.1
1023,2003,13.1
15,2003,22.6
727,2003,17.4
677,2003,16.3
956,2003,17.1
1065,2003,18.5
911,2003,6.9
2041,2003,18.5
1915,2003,6.3
2436,2003,21.4
2421,2003,8.7
697,2003,9.1
2410,2003,10.3
56,2003,26.8
718,2003,19.9
248,2003,12.7
2222,2003,18.8
2240,2003,25.7
779,2003,19.2
299,2003,28.0
1921,2003,21.7
255,2003,25.0
3,2003,7.7
1761,2003,15.1
323,2003,11.9
731,2003,12.2
2462,2003,0.0
2045,2003,19.0
270,2003,15.8
458,2003,17.3
93,2003,13.0
2080,2003,15.5
1956,2003,15.0
2452,2003,18.4
1521,2003,14.1
1751,2003,16.0
2054,2003,15.1
2063,2003,13.2
147,2003,27.3
2048,2003,18.2
2224,2003,12.7
2037,2003,21.7
469,2003,28.1
2441,2003,0.0
1899,2003,18.5
2249,2003,14.3
2457,2003,12.4
2407,2003,14.2
2260,2003,15.0
679,2003,17.2
2044,2003,18.0
2215,2003,12.4
467,2003,25.4
2202,2003,23.4
1891,2003,23.1
1715,2003,19.1
2398,2003,18.1
1902,2003,10.5
976,2003,17.0
2244,2003,23.0
1741,2003,17.4
1983,2003,11.2
979,2003,28.9
1744,2003,19.3
2040,2003,16.9
966,2003,15.5
711,2003,29.0
2219,2003,9.7
754,2003,18.9
2412,2003,12.5
2207,2003,18.4
693,2003,18.6
2038,2003,4.6
680,2003,10.6
180,2003,11.8
2422,2003,13.0
304,2003,20.4
468,2003,20.0
1886,2003,18.9
2218,2003,14.5
2413,2003,21.8
1038,2003,10.4
1908,2003,17.9
2454,2003,10.9
436,2003,27.0
2416,2003,13.1
252,2003,29.8
2208,2003,11.3
1496,2003,25.8
1509,2003,13.9
2256,2003,10.7
383,2003,17.5
72,2003,17.2
2261,2003,13.8
1903,2003,17.4
2030,2003,25.1
1721,2003,15.1
954,2003,22.1
708,2003,29.1
1563,2003,15.0
788,2003,18.1
2039,2003,18.7
2213,2003,5.0
977,2003,36.7
703,2003,22.8
2198,2003,17.8
111,2003,18.7
1885,2003,21.9
1716,2003,21.1
84,2003,22.1
2068,2003,21.7
1444,2003,15.6
1924,2003,26.3
283,2003,21.7
2437,2003,18.9
2254,2003,11.2
953,2003,20.5
446,2003,20.7
1766,2003,18.9
2124,2003,17.6
990,2003,21.8
2055,2003,16.6
1938,2003,18.7
1531,2003,20.7
948,2003,18.2
2033,2003,27.9
2409,2003,18.4
1548,2003,14.8
95,2003,6.7
349,2003,13.5
2058,2003,11.2
1110,2003,14.8
2060,2003,18.4
2043,2003,12.8
1723,2003,28.0
1074,2003,12.2
1508,2003,21.8
2246,2003,19.5
2408,2003,15.2
2370,2003,9.0
1897,2003,23.4
2214,2003,13.4
688,2003,8.2
1722,2003,16.9
1720,2003,16.3
714,2003,25.8
893,2003,28.9
1709,2003,16.6
2072,2003,27.4
1565,2003,7.0
2471,2003,19.5
1710,2003,23.1
2399,2003,17.3
2229,2003,19.0
2034,2003,23.4
2366,2003,11.3
1630,2003,20.9
1960,2003,10.1
42,2003,16.3
983,2003,13.9
2050,2003,20.4
1572,2003,14.5
1737,2003,18.2
2403,2003,19.4
89,2003,22.9
2401,2003,12.0
2071,2003,9.6
2351,2003,25.1
970,2003,16.1
136,2003,16.7
2469,2003,16.9
1727,2003,16.9
2200,2003,26.6
1718,2003,34.2
2321,2003,0.0
978,2003,27.3
2143,2003,0.0
461,2003,12.0
1542,2003,20.8
2453,2003,15.9
2056,2003,19.1
2047,2003,20.9
2417,2003,19.1
1711,2003,20.2
1747,2003,19.2
1952,2003,9.8
753,2003,8.3
988,2003,27.3
1740,2003,24.6
739,2003,26.3
1725,2003,19.0
2446,2003,19.0
951,2003,31.4
2501,2003,8.4
397,2003,21.2
1073,2003,27.0
1888,2003,32.7
2210,2003,22.1
1594,2003,16.1
296,2003,15.9
1729,2003,25.9
2425,2003,13.0
109,2003,11.3
123,2003,17.2
1714,2003,16.4
393,2003,17.2
915,2003,18.7
2206,2003,21.2
2427,2003,12.7
1500,2003,17.3
2257,2003,0.0
1739,2003,20.6
2106,2003,10.2
1763,2003,11.7
2415,2003,10.4
208,2003,29.2
955,2003,12.3
1513,2003,15.8
1909,2003,18.1
281,2003,16.1
937,2003,18.8
2253,2003,18.4
1752,2003,12.6
399,2003,11.4
1742,2003,16.8
1000,2003,20.7
2203,2003,16.1
406,2003,36.9
949,2003,26.9
762,2003,16.1
431,2003,16.7
1890,2003,26.2
2098,2003,20.5
2470,2003,17.9
2066,2003,14.2
2049,2003,19.3
278,2003,12.8
1536,2003,21.8
950,2003,28.5
1883,2003,27.0
70,2003,15.8
959,2003,27.2
2212,2003,14.7
120,2003,18.1
2031,2003,22.1
2447,2003,16.7
1505,2003,13.7
2419,2003,16.5
2242,2003,15.3
689,2003,14.4
2357,2003,19.1
1495,2003,31.1
896,2003,18.4
1501,2003,23.2
2432,2003,15.7
1928,2003,19.0
339,2003,15.1
389,2003,22.3
1499,2003,15.0
960,2003,17.8
763,2003,17.8
2225,2003,23.8
1503,2003,41.0
145,2003,15.4
696,2003,17.9
969,2003,10.7
1762,2003,14.6
2239,2003,8.7
1607,2003,21.9
2211,2003,18.2
238,2003,11.7
1731,2003,17.3
2199,2003,19.1
452,2003,14.5
1713,2003,31.3
2428,2003,15.2
958,2003,13.8
124,2003,16.5
2209,2003,19.9
1735,2003,15.2
702,2003,24.2
1887,2003,25.5
1005,2003,15.7
962,2003,13.0
1917,2003,22.5
445,2003,18.7
2397,2003,24.3
2216,2003,26.0
1442,2003,21.9
1985,2003,27.3
980,2003,28.6
243,2004,17.5
1425,2004,17.5
1502,2004,12.6
1559,2004,4.7
1733,2004,23.2
673,2004,18.8
2682,2004,11.5
275,2004,26.8
947,2004,32.2
297,2004,23.1
2228,2004,19.7
1541,2004,15.3
1043,2004,9.4
2405,2004,28.6
1889,2004,21.5
1905,2004,23.9
692,2004,9.9
358,2004,17.0
1738,2004,17.5
1712,2004,25.6
1853,2004,12.7
924,2004,10.5
1533,2004,15.1
324,2004,15.8
952,2004,20.3
1498,2004,19.8
213,2004,14.5
686,2004,16.1
1506,2004,19.8
422,2004,17.3
1884,2004,30.1
1052,2004,21.5
1112,2004,13.5
902,2004,8.8
448,2004,12.2
682,2004,18.6
1517,2004,29.8
2250,2004,16.5
1719,2004,24.7
2564,2004,9.1
2411,2004,14.2
1802,2004,19.6
2220,2004,18.5
2599,2004,15.3
2217,2004,18.7
699,2004,18.1
1510,2004,13.0
2073,2004,23.5
2567,2004,17.4
258,2004,15.4
2243,2004,13.7
1730,2004,19.4
2639,2004,7.7
1477,2004,11.5
1743,2004,18.6
1724,2004,7.3
935,2004,15.5
384,2004,15.4
1916,2004,14.8
2306,2004,24.3
2430,2004,23.1
2546,2004,28.9
2406,2004,16.3
2418,2004,12.8
2456,2004,3.8
891,2004,16.7
369,2004,17.5
1497,2004,25.2
685,2004,10.1
2365,2004,11.7
2547,2004,18.3
1544,2004,23.9
2423,2004,20.4
2549,2004,14.1
2036,2004,18.3
185,2004,25.9
43,2004,13.1
2404,2004,21.5
363,2004,14.6
1088,2004,18.0
221,2004,15.8
361,2004,17.8
1894,2004,29.4
916,2004,12.0
722,2004,25.5
2414,2004,11.8
1749,2004,20.9
2563,2004,11.9
2402,2004,21.2
905,2004,10.7
1800,2004,14.3
757,2004,19.2
2245,2004,9.1
2424,2004,16.4
2429,2004,17.2
2061,2004,17.8
344,2004,24.0
2091,2004,15.6
1504,2004,17.5
2032,2004,22.1
2443,2004,17.5
2545,2004,15.6
353,2004,19.4
239,2004,16.3
1032,2004,10.5
133,2004,22.3
2561,2004,15.3
2205,2004,9.2
2052,2004,19.8
2035,2004,21.0
1507,2004,20.7
965,2004,16.9
934,2004,17.1
1760,2004,16.1
2724,2004,24.1
2046,2004,23.7
2667,2004,18.7
1904,2004,15.7
2484,2004,19.0
87,2004,12.7
1901,2004,19.5
1717,2004,29.0
2051,2004,15.5
923,2004,21.5
57,2004,14.9
77,2004,11.3
2400,2004,22.2
2548,2004,24.5
1863,2004,22.8
2248,2004,14.4
2109,2004,17.6
2067,2004,17.9
224,2004,24.9
1944,2004,17.0
2201,2004,25.6
2059,2004,12.3
922,2004,21.4
1882,2004,26.6
15,2004,15.4
727,2004,15.2
677,2004,19.5
956,2004,20.0
1065,2004,20.2
911,2004,6.9
2041,2004,18.7
2436,2004,25.6
1922,2004,12.7
2421,2004,16.4
697,2004,15.4
2410,2004,14.2
56,2004,21.3
718,2004,19.3
248,2004,11.7
2222,2004,11.4
2240,2004,26.3
779,2004,13.2
299,2004,27.2
1921,2004,20.9
1761,2004,12.4
731,2004,13.4
2045,2004,18.7
2673,2004,9.6
270,2004,10.4
458,2004,16.4
93,2004,2.8
2137,2004,16.0
1956,2004,10.6
2452,2004,13.8
2074,2004,18.3
1521,2004,10.9
1751,2004,15.3
2054,2004,16.2
2063,2004,13.9
147,2004,21.3
2048,2004,21.4
2224,2004,16.5
2037,2004,25.3
469,2004,28.4
2441,2004,11.5
2592,2004,13.2
1899,2004,23.8
2249,2004,10.3
2457,2004,21.3
2407,2004,12.4
2260,2004,15.0
2553,2004,16.7
2044,2004,20.9
2215,2004,11.0
2078,2004,13.8
2574,2004,17.1
467,2004,21.7
2202,2004,25.9
1891,2004,23.1
1715,2004,18.7
1902,2004,13.6
976,2004,18.4
2244,2004,12.5
1741,2004,0.0
979,2004,30.2
2602,2004,16.7
1744,2004,17.2
2040,2004,13.3
966,2004,13.8
711,2004,23.2
754,2004,17.6
2412,2004,17.1
2207,2004,21.0
693,2004,18.9
2038,2004,7.1
2422,2004,14.9
961,2004,22.8
468,2004,15.9
1886,2004,29.0
2668,2004,10.4
2572,2004,18.2
2413,2004,22.7
1908,2004,12.5
436,2004,24.7
2079,2004,25.9
2416,2004,18.8
252,2004,19.9
2208,2004,15.6
2586,2004,14.4
2693,2004,11.8
1496,2004,25.7
1509,2004,12.9
383,2004,19.6
2570,2004,30.1
72,2004,15.3
1903,2004,20.1
2030,2004,25.2
1721,2004,7.8
954,2004,19.6
708,2004,32.3
1563,2004,12.9
788,2004,22.1
2039,2004,16.2
2550,2004,17.5
2632,2004,7.7
977,2004,32.1
703,2004,18.2
2198,2004,18.3
2594,2004,19.4
1885,2004,24.5
441,2004,20.5
1716,2004,28.2
84,2004,23.2
2544,2004,27.3
2571,2004,18.4
1924,2004,22.4
1910,2004,33.3
283,2004,9.3
2669,2004,11.8
2437,2004,17.1
2254,2004,13.1
953,2004,18.9
446,2004,16.7
2557,2004,17.7
2575,2004,12.4
2573,2004,21.3
2124,2004,16.5
990,2004,21.8
2055,2004,13.4
1938,2004,22.7
1531,2004,18.7
2556,2004,17.3
948,2004,14.6
2033,2004,24.0
2409,2004,17.3
1548,2004,17.7
349,2004,9.3
2058,2004,11.0
998,2004,4.5
2060,2004,14.5
2605,2004,22.9
2043,2004,8.3
2440,2004,12.2
2679,2004,13.3
1723,2004,24.1
2466,2004,20.3
1508,2004,22.3
2246,2004,22.7
2408,2004,16.1
2370,2004,10.7
1897,2004,26.3
2214,2004,8.1
688,2004,9.1
1720,2004,16.3
714,2004,24.4
1709,2004,16.3
2072,2004,29.9
1913,2004,7.1
1565,2004,4.2
2552,2004,19.3
2554,2004,19.0
1710,2004,25.4
2399,2004,19.3
2229,2004,17.4
2034,2004,20.8
2366,2004,18.9
1630,2004,17.7
1960,2004,11.6
348,2004,12.0
2590,2004,19.3
983,2004,14.9
2050,2004,17.0
1737,2004,18.9
2569,2004,19.7
2403,2004,18.2
89,2004,20.1
2401,2004,17.0
178,2004,0.0
932,2004,12.2
2241,2004,5.3
970,2004,15.6
136,2004,16.0
1727,2004,5.1
2200,2004,28.6
1514,2004,13.4
1718,2004,29.9
2321,2004,12.7
978,2004,30.4
461,2004,0.0
1542,2004,20.5
2056,2004,19.7
2047,2004,24.3
1900,2004,12.2
2417,2004,17.7
1711,2004,20.2
1747,2004,17.3
1952,2004,24.2
988,2004,8.6
1740,2004,25.4
739,2004,24.6
1725,2004,15.9
2446,2004,23.3
2221,2004,19.0
951,2004,31.5
2558,2004,10.1
2501,2004,9.0
397,2004,18.6
1888,2004,26.0
2210,2004,25.3
2499,2004,19.3
1594,2004,14.5
296,2004,11.0
1729,2004,23.0
2425,2004,6.6
109,2004,15.8
123,2004,11.9
1714,2004,20.1
393,2004,16.3
1934,2004,14.3
915,2004,19.6
2206,2004,27.0
2427,2004,15.7
1500,2004,19.3
2648,2004,16.2
2257,2004,7.8
1739,2004,16.6
1601,2004,10.0
1763,2004,6.0
2415,2004,8.7
208,2004,29.6
955,2004,13.1
2223,2004,15.9
2562,2004,18.0
1513,2004,8.2
1909,2004,18.6
281,2004,18.6
937,2004,16.5
2253,2004,27.6
399,2004,12.0
1742,2004,17.2
1000,2004,16.7
2203,2004,17.2
1049,2004,16.1
406,2004,29.8
949,2004,27.1
762,2004,14.7
1890,2004,23.8
2098,2004,20.1
2582,2004,0.0
2049,2004,20.8
278,2004,14.7
1536,2004,25.2
950,2004,25.9
2581,2004,16.1
1883,2004,21.9
959,2004,21.5
2212,2004,12.3
120,2004,20.1
2031,2004,24.0
2551,2004,13.5
2447,2004,17.0
2419,2004,16.6
689,2004,13.5
2604,2004,12.6
2357,2004,18.2
1495,2004,32.4
1501,2004,24.1
339,2004,10.6
389,2004,20.8
1499,2004,14.6
960,2004,19.0
763,2004,16.5
2225,2004,22.6
1765,2004,14.0
1503,2004,36.2
145,2004,11.9
696,2004,11.2
2580,2004,12.1
2566,2004,19.0
1762,2004,9.1
2239,2004,9.4
2559,2004,14.3
1607,2004,22.5
2211,2004,23.7
238,2004,12.2
1731,2004,17.7
2199,2004,13.7
2617,2004,16.3
452,2004,20.9
1713,2004,31.7
958,2004,17.2
124,2004,17.5
2209,2004,20.6
1735,2004,12.9
702,2004,23.3
1887,2004,23.8
962,2004,15.9
1917,2004,21.3
445,2004,16.9
2584,2004,24.9
2397,2004,28.4
2216,2004,28.7
2560,2004,17.8
2585,2004,14.9
1442,2004,18.3
1985,2004,18.5
2565,2004,17.2
980,2004,25.1
243,2005,6.5
1425,2005,11.9
1502,2005,10.5
1559,2005,11.4
1733,2005,23.7
2744,2005,22.8
673,2005,11.5
1893,2005,7.7
2682,2005,16.4
275,2005,23.0
947,2005,35.7
297,2005,21.4
2405,2005,35.5
2760,2005,16.2
2857,2005,12.5
2765,2005,13.5
2738,2005,13.7
1889,2005,19.8
1905,2005,25.3
2804,2005,18.0
692,2005,9.0
2740,2005,14.5
358,2005,15.5
1738,2005,18.8
1712,2005,25.5
1853,2005,13.2
924,2005,16.9
1533,2005,16.4
292,2005,15.4
324,2005,14.6
952,2005,25.5
2766,2005,17.8
1498,2005,21.7
213,2005,14.1
686,2005,22.2
1506,2005,18.6
2852,2005,14.8
1884,2005,28.9
2732,2005,30.9
1052,2005,17.0
1112,2005,14.5
2757,2005,21.2
2774,2005,13.7
2873,2005,13.5
448,2005,6.7
682,2005,17.0
1517,2005,28.2
2250,2005,23.0
1719,2005,25.6
2564,2005,13.4
2411,2005,19.7
1802,2005,21.1
2688,2005,0.0
2599,2005,20.7
2217,2005,17.1
699,2005,17.9
1510,2005,17.3
2073,2005,19.3
2567,2005,21.6
258,2005,11.9
2243,2005,15.2
1730,2005,12.2
2639,2005,7.7
1477,2005,13.8
1743,2005,17.1
935,2005,14.9
384,2005,13.3
1916,2005,13.5
2306,2005,16.8
2430,2005,26.7
2568,2005,13.1
2546,2005,29.8
2406,2005,22.4
2418,2005,15.6
369,2005,10.9
1497,2005,24.8
2365,2005,19.3
2547,2005,23.0
2768,2005,11.5
2549,2005,18.5
2036,2005,20.3
185,2005,27.4
2404,2005,22.2
363,2005,18.1
1088,2005,19.6
221,2005,12.5
361,2005,16.1
1894,2005,31.1
722,2005,24.0
2451,2005,13.4
724,2005,12.2
2414,2005,12.7
1749,2005,23.7
2788,2005,13.2
2563,2005,18.9
2402,2005,22.1
905,2005,11.5
2863,2005,19.1
1800,2005,18.9
757,2005,24.2
2245,2005,17.2
2424,2005,22.7
2429,2005,17.4
2091,2005,10.8
1504,2005,23.7
2032,2005,24.6
2443,2005,18.8
2545,2005,13.7
353,2005,13.6
239,2005,12.0
1032,2005,8.8
2758,2005,18.8
133,2005,17.9
2561,2005,18.3
2205,2005,6.8
2052,2005,19.3
2753,2005,17.1
2035,2005,20.3
1507,2005,18.4
965,2005,19.8
934,2005,9.3
2046,2005,24.7
1904,2005,17.8
2484,2005,20.6
2734,2005,18.2
87,2005,14.0
1901,2005,20.2
1717,2005,34.1
2051,2005,25.0
2764,2005,14.3
923,2005,22.9
2748,2005,12.1
57,2005,11.3
2400,2005,24.6
2730,2005,18.2
2548,2005,32.2
1863,2005,23.3
2248,2005,18.1
2109,2005,14.0
2204,2005,18.5
2067,2005,22.8
224,2005,18.5
2201,2005,28.9
2059,2005,14.9
922,2005,16.0
1882,2005,28.4
2731,2005,21.7
15,2005,19.1
727,2005,9.3
677,2005,16.8
956,2005,17.4
1065,2005,15.6
2845,2005,8.7
911,2005,9.7
2041,2005,17.3
2436,2005,21.0
1922,2005,13.2
2421,2005,4.7
697,2005,18.1
2410,2005,19.1
56,2005,17.2
2367,2005,24.2
248,2005,9.5
2222,2005,18.5
2240,2005,31.2
299,2005,29.1
1921,2005,22.9
255,2005,27.8
1761,2005,14.2
731,2005,7.9
2775,2005,12.6
2045,2005,26.1
2798,2005,20.5
458,2005,15.6
2825,2005,0.0
1956,2005,12.5
2747,2005,22.4
2074,2005,13.0
2866,2005,90.9
2761,2005,15.5
1521,2005,13.9
1751,2005,15.8
2054,2005,14.5
2063,2005,10.8
147,2005,27.9
2048,2005,20.6
2224,2005,24.6
2037,2005,23.7
2441,2005,12.3
2749,2005,21.0
2592,2005,14.9
1899,2005,15.6
2839,2005,11.7
2249,2005,9.1
2457,2005,22.5
2407,2005,13.0
2876,2005,7.6
2260,2005,11.7
2553,2005,17.7
2044,2005,21.9
2215,2005,10.7
2078,2005,19.0
2574,2005,22.8
467,2005,20.2
2202,2005,28.8
1891,2005,20.9
1715,2005,19.3
1902,2005,14.3
976,2005,19.2
1741,2005,8.7
1983,2005,9.8
979,2005,37.3
1744,2005,16.3
2040,2005,11.8
966,2005,15.3
711,2005,25.8
754,2005,16.9
2412,2005,17.4
2207,2005,21.2
693,2005,18.5
2038,2005,13.7
2823,2005,11.0
2422,2005,11.9
1519,2005,11.3
468,2005,15.8
1886,2005,20.6
2735,2005,17.2
2668,2005,17.8
2572,2005,19.8
2746,2005,17.7
2413,2005,24.1
1908,2005,16.4
2454,2005,16.2
2770,2005,17.7
436,2005,19.0
2079,2005,11.6
2416,2005,21.2
2208,2005,10.2
2586,2005,20.1
2693,2005,16.0
1496,2005,23.6
1509,2005,14.1
383,2005,15.5
2570,2005,13.9
72,2005,13.8
1903,2005,21.1
2030,2005,24.3
954,2005,14.8
708,2005,30.6
2755,2005,14.5
1563,2005,8.8
788,2005,12.9
2039,2005,17.0
2550,2005,22.1
2632,2005,8.7
2745,2005,19.9
977,2005,35.0
2743,2005,16.9
703,2005,16.5
2198,2005,16.4
2594,2005,17.3
1885,2005,21.9
441,2005,20.6
1919,2005,15.6
1716,2005,28.4
84,2005,21.8
1444,2005,22.5
2544,2005,33.9
2571,2005,19.5
1924,2005,25.6
283,2005,13.2
2669,2005,0.0
2763,2005,14.0
2437,2005,8.6
2254,2005,12.7
953,2005,18.1
446,2005,14.4
2784,2005,23.3
2739,2005,31.9
2557,2005,17.1
2575,2005,13.2
2736,2005,21.7
2573,2005,15.8
2124,2005,19.0
990,2005,18.8
2055,2005,14.8
1938,2005,28.3
1531,2005,24.2
2556,2005,16.1
948,2005,17.3
2033,2005,19.7
2409,2005,16.5
2435,2005,16.1
1548,2005,18.2
2891,2005,9.7
2058,2005,7.7
998,2005,6.9
2060,2005,15.6
2605,2005,19.4
2043,2005,10.5
2440,2005,11.7
2588,2005,19.3
2679,2005,24.6
2782,2005,11.4
1723,2005,22.4
2486,2005,0.0
2230,2005,17.2
1508,2005,18.7
2246,2005,24.2
2408,2005,18.0
1897,2005,30.7
2214,2005,13.8
688,2005,6.2
1720,2005,14.2
714,2005,21.5
1709,2005,16.0
2072,2005,31.2
1913,2005,4.5
1565,2005,8.8
2552,2005,22.5
2554,2005,23.9
1710,2005,25.5
2399,2005,20.6
2229,2005,24.5
2034,2005,23.6
2366,2005,15.4
1630,2005,17.8
1960,2005,15.7
2590,2005,18.5
983,2005,13.5
2050,2005,20.6
1737,2005,19.4
2569,2005,26.7
2420,2005,20.1
2403,2005,20.1
2555,2005,17.5
89,2005,19.1
2401,2005,11.6
1918,2005,16.3
2241,2005,15.5
970,2005,22.5
136,2005,16.8
2776,2005,12.4
1727,2005,16.2
2200,2005,29.6
1718,2005,30.1
2321,2005,18.5
2750,2005,5.6
978,2005,26.4
2762,2005,25.0
1542,2005,20.8
2056,2005,20.8
2047,2005,20.2
2624,2005,12.9
2417,2005,13.0
1711,2005,20.2
2737,2005,13.3
1747,2005,21.0
1952,2005,22.8
988,2005,14.5
1740,2005,28.7
739,2005,23.0
1725,2005,12.2
2446,2005,18.0
2221,2005,16.3
951,2005,32.3
2558,2005,11.0
2501,2005,11.2
397,2005,24.6
1888,2005,26.0
2210,2005,28.7
2499,2005,16.7
1594,2005,11.8
1729,2005,24.5
109,2005,16.6
2741,2005,10.9
1714,2005,16.1
393,2005,7.7
1934,2005,17.5
915,2005,16.8
2206,2005,21.6
1500,2005,18.3
2648,2005,17.4
2767,2005,13.4
1739,2005,21.5
1763,2005,9.9
2415,2005,17.1
208,2005,27.1
955,2005,8.9
2223,2005,16.2
2562,2005,18.8
2756,2005,12.6
1513,2005,12.0
1909,2005,15.2
281,2005,11.2
1752,2005,16.0
2742,2005,17.8
1000,2005,11.2
2203,2005,16.7
406,2005,34.7
949,2005,25.3
2733,2005,13.9
762,2005,12.0
1890,2005,24.3
2098,2005,19.9
2470,2005,17.3
2049,2005,19.2
278,2005,14.6
1536,2005,28.4
950,2005,27.8
2581,2005,15.0
1883,2005,27.9
959,2005,22.3
2212,2005,15.9
120,2005,21.4
2031,2005,24.8
2447,2005,17.5
2419,2005,21.4
689,2005,9.5
2604,2005,10.5
2357,2005,16.5
1495,2005,32.5
1501,2005,22.4
339,2005,12.7
389,2005,13.8
2754,2005,19.3
1499,2005,10.3
2800,2005,20.0
960,2005,24.9
763,2005,14.7
2225,2005,25.7
1765,2005,15.4
1503,2005,33.2
696,2005,18.5
2566,2005,20.4
1762,2005,20.4
2239,2005,13.9
2772,2005,17.4
1607,2005,20.9
2211,2005,22.7
1731,2005,20.5
2199,2005,14.8
2617,2005,16.9
2751,2005,12.9
452,2005,8.5
1713,2005,34.4
958,2005,18.3
124,2005,13.1
2209,2005,20.9
702,2005,23.8
1887,2005,25.5
962,2005,14.1
1917,2005,23.1
445,2005,19.5
2584,2005,20.3
2397,2005,31.1
2657,2005,16.7
2216,2005,28.7
2560,2005,24.9
2585,2005,17.2
1442,2005,19.3
1985,2005,16.3
2565,2005,22.5
980,2005,26.7
243,2006,3.0
101223,2006,6.6
1425,2006,14.7
1502,2006,9.7
1559,2006,10.2
1733,2006,26.7
2744,2006,22.9
101187,2006,18.3
673,2006,12.3
101165,2006,11.7
2637,2006,0.0
947,2006,38.6
297,2006,20.0
1541,2006,4.5
2405,2006,25.2
101161,2006,24.4
2760,2006,14.5
101154,2006,18.8
2857,2006,15.3
2738,2006,16.5
1889,2006,19.4
101261,2006,17.5
1905,2006,21.8
2804,2006,23.8
101106,2006,16.9
101115,2006,11.2
2740,2006,13.0
358,2006,7.0
1712,2006,25.9
1853,2006,13.4
924,2006,4.7
101219,2006,23.2
1533,2006,18.3
101194,2006,20.7
952,2006,23.2
101120,2006,9.8
2766,2006,10.5
1498,2006,17.2
213,2006,12.1
686,2006,19.8
101178,2006,17.4
1506,2006,18.5
2852,2006,17.8
1884,2006,24.7
2732,2006,27.6
1112,2006,11.3
2757,2006,24.6
2774,2006,15.9
2873,2006,14.1
448,2006,11.3
1517,2006,24.6
2250,2006,20.4
101238,2006,16.8
1719,2006,21.5
2564,2006,18.5
2411,2006,16.5
101152,2006,23.8
1802,2006,20.6
101138,2006,13.5
2217,2006,15.7
699,2006,17.7
1510,2006,18.7
2073,2006,16.6
2567,2006,21.5
258,2006,12.3
2243,2006,11.1
1730,2006,10.5
1477,2006,12.1
935,2006,0.0
101139,2006,20.3
384,2006,10.4
1916,2006,9.3
2306,2006,19.9
2430,2006,27.2
2568,2006,17.8
2546,2006,36.2
2406,2006,24.7
101112,2006,26.2
1520,2006,19.7
2294,2006,19.6
101111,2006,23.0
1497,2006,27.9
2365,2006,15.0
2547,2006,29.9
2768,2006,15.2
2549,2006,19.0
2036,2006,20.2
101108,2006,23.3
101147,2006,16.5
185,2006,26.6
2404,2006,20.8
101236,2006,14.6
1088,2006,20.9
361,2006,15.1
1894,2006,30.3
722,2006,17.5
1749,2006,20.2
2788,2006,15.7
2563,2006,15.4
905,2006,7.5
2863,2006,17.8
1800,2006,13.5
757,2006,20.1
2424,2006,13.0
2429,2006,22.2
101137,2006,13.3
1504,2006,16.6
101122,2006,17.2
2032,2006,23.2
2443,2006,21.8
2545,2006,18.3
353,2006,10.5
239,2006,15.3
2758,2006,19.1
101135,2006,15.7
133,2006,15.8
2561,2006,26.3
2205,2006,6.8
2052,2006,18.2
2753,2006,17.6
101184,2006,0.0
2035,2006,19.1
1507,2006,17.8
965,2006,21.3
101114,2006,19.9
2583,2006,7.3
2046,2006,18.8
1904,2006,15.1
2484,2006,18.9
101209,2006,9.4
2734,2006,22.7
101159,2006,29.8
87,2006,9.8
1717,2006,37.3
101182,2006,15.2
2764,2006,14.0
923,2006,18.4
2748,2006,21.7
57,2006,7.5
2400,2006,20.7
101204,2006,8.1
2730,2006,23.0
2548,2006,36.2
2853,2006,14.0
1863,2006,24.4
2248,2006,19.7
101188,2006,13.9
2109,2006,17.0
2204,2006,12.7
2067,2006,27.3
224,2006,19.9
2201,2006,27.6
2059,2006,11.9
1882,2006,32.2
2731,2006,20.2
15,2006,12.7
727,2006,8.9
677,2006,13.2
956,2006,13.1
911,2006,9.5
101212,2006,10.2
2041,2006,15.3
101177,2006,10.8
2436,2006,20.8
1922,2006,11.4
101128,2006,14.8
2410,2006,18.4
56,2006,14.0
2809,2006,17.5
101123,2006,22.0
2222,2006,22.1
2240,2006,35.1
1921,2006,22.0
255,2006,27.2
1761,2006,13.9
731,2006,9.8
2775,2006,11.0
101124,2006,20.0
2045,2006,23.9
458,2006,12.7
101113,2006,23.8
2137,2006,10.4
1956,2006,7.0
2747,2006,22.3
2866,2006,20.3
2761,2006,9.4
1521,2006,11.4
2054,2006,19.2
2063,2006,16.4
147,2006,23.0
2048,2006,16.0
2224,2006,18.1
2037,2006,22.8
2441,2006,12.3
2749,2006,26.8
2592,2006,19.3
1899,2006,13.0
101189,2006,14.0
2839,2006,8.9
2457,2006,20.6
2407,2006,12.8
101127,2006,17.3
2260,2006,13.0
2553,2006,18.8
2215,2006,7.1
2078,2006,13.8
2574,2006,15.5
467,2006,18.6
101131,2006,17.3
2202,2006,30.5
1891,2006,26.3
1715,2006,19.9
1902,2006,12.4
976,2006,16.0
1983,2006,8.6
979,2006,30.1
1744,2006,17.4
711,2006,24.4
754,2006,11.6
2412,2006,14.3
2207,2006,25.9
693,2006,21.7
2038,2006,13.6
101121,2006,17.4
101130,2006,14.2
2823,2006,11.8
101249,2006,14.1
2422,2006,15.2
1519,2006,6.4
468,2006,13.1
1886,2006,25.0
101181,2006,12.0
2735,2006,17.1
2668,2006,16.7
2572,2006,25.7
2694,2006,13.5
2746,2006,18.4
2413,2006,25.8
101125,2006,18.1
1908,2006,19.2
2770,2006,16.6
436,2006,19.8
2416,2006,21.2
2586,2006,16.7
2693,2006,16.2
1496,2006,22.5
1509,2006,15.6
2570,2006,13.6
1903,2006,16.7
2030,2006,23.6
101207,2006,9.9
708,2006,29.9
2755,2006,20.4
1563,2006,9.3
2039,2006,22.0
2550,2006,22.3
2745,2006,22.1
977,2006,44.5
2743,2006,15.8
703,2006,16.1
2198,2006,14.2
2594,2006,18.4
1885,2006,19.0
441,2006,17.5
1919,2006,18.9
1716,2006,22.8
101160,2006,14.1
2544,2006,38.7
2571,2006,22.6
1924,2006,19.8
101132,2006,20.0
283,2006,12.9
2669,2006,15.4
2437,2006,15.1
2254,2006,9.9
953,2006,14.9
101150,2006,19.9
2739,2006,15.5
2557,2006,17.6
101195,2006,12.0
2575,2006,13.3
2736,2006,21.7
101129,2006,16.3
2573,2006,7.3
2124,2006,18.6
990,2006,14.6
1938,2006,27.9
1531,2006,21.5
2556,2006,19.8
948,2006,19.1
2033,2006,27.0
2435,2006,19.3
1548,2006,21.1
2058,2006,5.8
2060,2006,14.9
2605,2006,19.2
101110,2006,19.6
101149,2006,0.0
101107,2006,17.3
2043,2006,15.8
2440,2006,13.8
2588,2006,17.6
2679,2006,22.9
1723,2006,23.9
101190,2006,20.0
2230,2006,18.7
1508,2006,18.0
2246,2006,26.9
2408,2006,21.2
2684,2006,18.7
1897,2006,23.1
2214,2006,9.4
1720,2006,13.3
714,2006,20.0
1709,2006,14.2
2072,2006,33.3
1913,2006,5.2
2552,2006,22.4
2554,2006,20.5
1710,2006,27.7
2399,2006,18.0
2229,2006,28.4
2034,2006,24.2
2366,2006,12.7
1630,2006,13.5
1960,2006,17.0
2590,2006,23.3
101145,2006,18.4
983,2006,15.8
2050,2006,22.6
101126,2006,22.3
1737,2006,18.7
2420,2006,23.1
2403,2006,0.0
2555,2006,17.5
89,2006,19.1
2401,2006,17.5
101230,2006,11.3
101158,2006,10.4
970,2006,21.5
136,2006,15.1
2776,2006,12.7
2469,2006,19.5
1727,2006,15.8
2200,2006,28.3
1718,2006,35.0
2750,2006,8.8
978,2006,25.7
2056,2006,23.2
2047,2006,16.3
2624,2006,10.8
2417,2006,16.8
1711,2006,16.0
2737,2006,10.3
1747,2006,16.7
1952,2006,19.4
2450,2006,9.5
988,2006,0.0
101119,2006,24.1
1740,2006,27.9
739,2006,23.9
1725,2006,12.7
2446,2006,19.3
101185,2006,15.3
951,2006,33.5
101109,2006,19.8
2558,2006,13.0
2501,2006,14.0
1888,2006,30.9
2210,2006,25.9
2499,2006,16.0
1594,2006,11.6
1729,2006,24.3
109,2006,14.1
2741,2006,15.5
101156,2006,12.2
2648,2006,15.7
101179,2006,19.7
101142,2006,14.1
2767,2006,13.7
1739,2006,25.0
1763,2006,7.1
101155,2006,17.2
101136,2006,23.8
208,2006,25.8
955,2006,4.5
2223,2006,14.2
101180,2006,17.8
2562,2006,15.4
2756,2006,11.5
1513,2006,11.6
1909,2006,15.5
1752,2006,22.7
101118,2006,23.4
2742,2006,20.8
2752,2006,11.8
1000,2006,10.4
2203,2006,15.7
406,2006,33.7
949,2006,23.3
101213,2006,14.3
2733,2006,11.8
101183,2006,13.5
1890,2006,26.6
2098,2006,14.3
2470,2006,17.3
2049,2006,22.8
278,2006,9.8
101211,2006,16.2
1536,2006,23.9
950,2006,22.9
2581,2006,16.8
1883,2006,22.2
959,2006,26.2
2212,2006,16.3
2031,2006,23.4
2551,2006,17.9
2419,2006,21.8
2242,2006,9.6
689,2006,11.1
1495,2006,28.6
1501,2006,22.0
389,2006,15.6
2754,2006,19.0
1499,2006,15.9
960,2006,24.7
2225,2006,29.5
1503,2006,34.9
101143,2006,17.8
2566,2006,18.0
2239,2006,15.1
2772,2006,13.7
1607,2006,22.9
2211,2006,20.8
1731,2006,23.4
2199,2006,10.2
2617,2006,15.7
2751,2006,14.6
452,2006,16.6
1713,2006,34.2
958,2006,12.5
2209,2006,19.2
101144,2006,14.0
702,2006,21.2
1887,2006,26.7
962,2006,12.7
101134,2006,17.7
101198,2006,16.5
2584,2006,23.6
2397,2006,34.5
101117,2006,10.1
2216,2006,28.6
2560,2006,19.8
2585,2006,19.6
1442,2006,16.4
1985,2006,27.4
2565,2006,16.8
980,2006,28.3
243,2007,8.5
1425,2007,10.7
200747,2007,19.8
1502,2007,10.7
1559,2007,12.0
1733,2007,24.6
2744,2007,25.1
101187,2007,19.1
673,2007,14.4
200792,2007,17.0
200810,2007,20.7
947,2007,30.4
297,2007,21.9
1541,2007,9.5
2405,2007,30.6
101161,2007,19.4
2760,2007,14.5
101154,2007,15.1
2857,2007,12.7
2810,2007,16.9
2738,2007,23.6
1889,2007,18.4
200745,2007,23.2
2601,2007,10.7
1905,2007,14.7
2804,2007,26.6
101106,2007,18.4
101115,2007,18.0
2740,2007,15.9
1712,2007,26.0
1853,2007,7.7
1533,2007,14.0
1515,2007,19.0
101194,2007,22.9
952,2007,18.9
101120,2007,12.8
1498,2007,16.5
686,2007,20.6
1506,2007,15.7
1884,2007,27.4
2732,2007,32.6
1112,2007,9.3
2757,2007,18.4
2774,2007,10.9
448,2007,9.2
1517,2007,22.9
200784,2007,16.6
1719,2007,19.8
2564,2007,15.6
2411,2007,22.8
101152,2007,17.5
1802,2007,15.7
101138,2007,13.3
200750,2007,25.3
2217,2007,14.8
699,2007,20.1
1510,2007,16.2
2073,2007,20.4
2567,2007,22.0
2243,2007,10.7
1730,2007,9.9
1477,2007,11.0
101139,2007,13.5
1916,2007,8.9
2306,2007,22.3
2430,2007,30.8
2568,2007,16.4
2546,2007,36.7
2406,2007,24.2
200841,2007,6.5
200759,2007,12.2
101112,2007,18.7
2294,2007,20.0
101111,2007,23.8
1497,2007,25.4
2547,2007,30.1
2768,2007,14.7
2549,2007,18.4
200840,2007,0.0
101108,2007,24.5
200809,2007,18.4
185,2007,20.2
2404,2007,22.0
101236,2007,13.3
1088,2007,23.9
361,2007,10.9
1894,2007,28.3
722,2007,23.5
200783,2007,20.4
1749,2007,19.7
2788,2007,10.6
2563,2007,17.7
2402,2007,28.6
905,2007,9.5
2863,2007,18.1
200806,2007,15.3
1800,2007,16.8
757,2007,15.7
2424,2007,19.5
2429,2007,15.7
101137,2007,13.2
200789,2007,14.4
1504,2007,13.4
101122,2007,20.9
2443,2007,20.1
2545,2007,17.6
353,2007,17.8
239,2007,20.4
2758,2007,17.8
101135,2007,18.3
200786,2007,11.7
133,2007,10.5
2561,2007,26.0
2205,2007,6.7
2052,2007,18.8
200793,2007,10.4
2753,2007,19.6
2035,2007,15.2
1507,2007,17.3
965,2007,18.5
101114,2007,22.6
2824,2007,18.3
2046,2007,20.8
1904,2007,15.4
2484,2007,20.9
2734,2007,20.4
101159,2007,17.5
87,2007,9.3
1717,2007,35.9
101182,2007,17.3
923,2007,20.4
2748,2007,15.9
57,2007,8.4
2400,2007,20.7
101204,2007,8.6
2730,2007,25.1
2548,2007,37.1
2853,2007,16.5
1863,2007,23.4
2248,2007,17.3
2204,2007,9.6
2067,2007,24.4
224,2007,16.1
2201,2007,28.8
2059,2007,14.5
1882,2007,27.6
2731,2007,21.5
15,2007,18.8
727,2007,9.2
677,2007,22.8
956,2007,14.9
101141,2007,20.8
101212,2007,12.3
2041,2007,16.2
101177,2007,13.4
2436,2007,16.7
1922,2007,13.7
101128,2007,16.5
2410,2007,15.8
56,2007,12.6
101123,2007,24.1
2222,2007,25.3
2240,2007,35.3
1921,2007,20.8
255,2007,24.5
1761,2007,11.5
101124,2007,24.5
200801,2007,17.6
2045,2007,22.3
200756,2007,14.7
101113,2007,24.0
2137,2007,15.7
1956,2007,17.3
200829,2007,17.4
200826,2007,20.3
200755,2007,20.8
2747,2007,26.8
2866,2007,20.7
1521,2007,13.4
2054,2007,11.4
2063,2007,15.4
147,2007,21.9
2048,2007,16.7
2224,2007,20.9
2037,2007,24.2
2441,2007,9.3
2749,2007,22.3
200788,2007,13.3
2592,2007,17.6
2591,2007,10.5
1899,2007,14.9
101189,2007,11.6
200778,2007,19.2
2457,2007,23.1
2407,2007,9.0
2876,2007,6.8
101127,2007,19.2
2260,2007,11.5
2553,2007,18.0
2215,2007,4.8
2078,2007,15.3
2574,2007,21.5
467,2007,18.2
101131,2007,18.9
2202,2007,23.2
1891,2007,25.1
1715,2007,18.5
1902,2007,9.6
976,2007,12.1
200978,2007,18.2
979,2007,28.2
1744,2007,14.3
711,2007,25.4
2207,2007,32.1
693,2007,18.8
2038,2007,6.7
101121,2007,18.9
101130,2007,17.1
101249,2007,20.6
2422,2007,15.7
200770,2007,15.1
200816,2007,15.2
101181,2007,20.8
200767,2007,19.2
2735,2007,18.5
2572,2007,28.4
2694,2007,15.3
2746,2007,23.3
2413,2007,20.8
101125,2007,11.4
1908,2007,14.2
2454,2007,13.7
2770,2007,16.1
200818,2007,19.4
436,2007,19.0
2586,2007,15.6
2693,2007,15.7
101235,2007,20.6
1509,2007,11.2
2570,2007,10.7
1903,2007,11.8
2030,2007,14.3
708,2007,29.7
2755,2007,28.2
1563,2007,11.5
788,2007,15.6
200838,2007,15.7
2039,2007,18.9
2550,2007,23.6
2745,2007,17.6
977,2007,38.8
2743,2007,17.0
703,2007,12.8
2198,2007,15.6
2594,2007,23.9
200768,2007,16.1
200746,2007,21.6
1885,2007,20.3
1716,2007,20.9
101160,2007,14.6
2544,2007,34.8
2571,2007,27.3
200796,2007,18.8
101132,2007,19.3
283,2007,17.9
2669,2007,16.3
953,2007,8.8
200811,2007,9.0
101150,2007,19.4
2739,2007,17.3
2557,2007,18.9
101195,2007,8.2
2575,2007,17.0
2736,2007,25.3
101129,2007,20.1
2696,2007,19.7
1766,2007,16.7
2124,2007,19.1
990,2007,12.3
1938,2007,31.0
1531,2007,20.7
2556,2007,21.6
948,2007,16.0
200790,2007,10.8
200766,2007,20.3
200776,2007,15.5
1548,2007,20.6
2058,2007,6.7
2060,2007,12.2
2605,2007,20.2
101110,2007,17.1
101107,2007,20.2
2440,2007,19.3
2588,2007,21.8
2679,2007,23.6
2782,2007,13.2
1723,2007,23.4
200772,2007,16.0
2230,2007,18.8
1508,2007,12.1
2246,2007,27.1
2408,2007,14.2
1897,2007,25.1
1720,2007,14.9
714,2007,21.3
1709,2007,8.9
2072,2007,35.3
1913,2007,3.2
2552,2007,19.6
101153,2007,13.3
2554,2007,19.7
1710,2007,24.7
2399,2007,20.1
200837,2007,7.1
2229,2007,20.6
2034,2007,23.9
2366,2007,16.7
1630,2007,19.4
101148,2007,0.0
2590,2007,24.2
101145,2007,23.0
2050,2007,21.1
200754,2007,15.6
101126,2007,24.3
1737,2007,19.7
2420,2007,25.7
2403,2007,22.3
2555,2007,17.3
101158,2007,12.1
970,2007,15.6
136,2007,15.4
200782,2007,16.2
2776,2007,13.3
2469,2007,17.8
1727,2007,13.3
200753,2007,12.4
2200,2007,28.6
200781,2007,14.2
200794,2007,19.7
1718,2007,34.4
978,2007,28.3
200822,2007,19.7
2056,2007,17.7
2047,2007,20.2
200763,2007,16.0
2624,2007,12.8
1711,2007,15.1
2737,2007,14.5
1747,2007,18.4
1952,2007,19.3
200765,2007,14.0
201043,2007,4.7
200751,2007,22.8
988,2007,0.0
101119,2007,17.1
1740,2007,29.5
739,2007,20.8
1725,2007,15.3
2446,2007,19.4
101185,2007,13.0
951,2007,33.6
101109,2007,19.8
2501,2007,14.2
200764,2007,16.2
200970,2007,8.1
1888,2007,29.0
2210,2007,23.6
1729,2007,23.4
200823,2007,19.6
109,2007,12.4
200760,2007,19.3
2427,2007,16.6
101232,2007,8.0
2648,2007,13.2
200758,2007,19.3
101179,2007,17.1
101142,2007,17.7
2767,2007,14.7
1739,2007,24.5
200752,2007,20.0
101155,2007,20.1
200797,2007,17.1
101136,2007,22.9
208,2007,25.8
2223,2007,18.2
101180,2007,19.4
2562,2007,20.1
2756,2007,17.1
1513,2007,11.6
1909,2007,10.2
1752,2007,15.4
101118,2007,25.2
2742,2007,15.4
200771,2007,14.8
1742,2007,14.0
2203,2007,14.4
200769,2007,18.8
406,2007,33.1
949,2007,19.7
2733,2007,16.2
101183,2007,16.6
1890,2007,22.9
200761,2007,16.6
200749,2007,15.3
2098,2007,27.3
2470,2007,18.2
200780,2007,14.6
2049,2007,11.0
101211,2007,14.1
1536,2007,23.0
950,2007,22.9
2581,2007,11.8
1883,2007,20.6
959,2007,25.9
200779,2007,12.8
2212,2007,14.6
200848,2007,8.8
2031,2007,20.2
2551,2007,23.7
200814,2007,18.8
2419,2007,21.1
200757,2007,14.5
689,2007,5.4
1495,2007,31.2
1501,2007,21.0
2754,2007,23.4
1499,2007,13.7
2225,2007,30.2
1503,2007,35.5
101143,2007,17.8
2566,2007,21.8
2239,2007,11.9
2772,2007,20.8
1607,2007,18.7
2211,2007,18.9
1731,2007,22.4
200748,2007,19.1
2199,2007,14.3
2617,2007,17.7
101166,2007,24.1
2779,2007,15.8
2751,2007,15.1
1713,2007,34.1
958,2007,0.0
2209,2007,18.3
101144,2007,0.0
1887,2007,26.7
200835,2007,24.0
101134,2007,13.5
200807,2007,8.2
101215,2007,0.0
2584,2007,23.5
200821,2007,11.6
2397,2007,37.8
101117,2007,14.8
2216,2007,35.6
2585,2007,22.8
980,2007,23.0
201166,2008,22.7
201189,2008,21.4
1425,2008,11.7
201151,2008,13.8
1502,2008,10.5
1559,2008,10.7
1733,2008,24.0
201143,2008,16.8
2744,2008,30.6
201154,2008,23.9
201169,2008,22.7
200792,2008,17.3
947,2008,30.1
297,2008,18.9
2405,2008,36.5
101161,2008,14.9
2760,2008,13.0
101154,2008,19.3
2857,2008,12.2
2810,2008,17.0
2738,2008,26.4
1889,2008,24.3
101261,2008,15.3
200745,2008,22.3
1905,2008,17.8
2804,2008,26.8
101106,2008,21.3
101115,2008,22.1
2740,2008,18.3
358,2008,9.6
1712,2008,28.9
1853,2008,13.2
1533,2008,12.8
1515,2008,20.3
952,2008,20.6
101120,2008,14.6
1498,2008,14.6
686,2008,16.4
201167,2008,14.8
1506,2008,18.1
2852,2008,18.0
1884,2008,26.7
2732,2008,29.4
1112,2008,8.3
2757,2008,20.0
2873,2008,16.5
201336,2008,22.2
448,2008,28.6
1517,2008,21.1
200784,2008,16.8
2250,2008,18.0
1719,2008,22.2
2564,2008,15.3
2411,2008,22.4
1802,2008,19.2
201148,2008,19.3
101138,2008,21.6
200750,2008,27.3
2217,2008,20.2
699,2008,20.1
1510,2008,10.3
2073,2008,13.5
2567,2008,19.0
2243,2008,8.8
1730,2008,12.5
1477,2008,10.5
201228,2008,15.3
101139,2008,21.3
1916,2008,5.7
201171,2008,24.8
2306,2008,17.4
2430,2008,30.3
2568,2008,19.7
2546,2008,33.6
2406,2008,26.8
2418,2008,9.3
200759,2008,4.5
101112,2008,21.0
2294,2008,16.2
101111,2008,24.6
1497,2008,28.4
200798,2008,11.9
2365,2008,8.8
2547,2008,32.9
2768,2008,13.0
2549,2008,21.6
2036,2008,14.3
101108,2008,29.2
200809,2008,18.4
201181,2008,8.9
185,2008,12.6
2404,2008,23.0
101236,2008,7.8
1088,2008,15.0
201207,2008,18.3
201147,2008,13.0
1894,2008,31.1
201235,2008,0.0
200783,2008,24.0
1749,2008,18.7
2788,2008,12.3
201199,2008,13.0
201161,2008,18.8
2563,2008,19.1
2863,2008,18.4
1800,2008,17.0
757,2008,15.4
2424,2008,17.5
2429,2008,15.2
200789,2008,18.0
101122,2008,26.4
2443,2008,16.5
200827,2008,17.5
2545,2008,15.0
353,2008,11.3
239,2008,9.9
201208,2008,8.1
2758,2008,15.5
101135,2008,19.1
2561,2008,28.4
2205,2008,9.1
2052,2008,18.8
2753,2008,16.7
201193,2008,15.3
2035,2008,32.1
1507,2008,18.1
965,2008,20.7
101114,2008,25.5
2046,2008,17.3
1904,2008,12.5
2484,2008,17.3
2734,2008,23.8
87,2008,10.1
1717,2008,34.2
201187,2008,7.0
923,2008,14.8
2748,2008,16.2
2400,2008,20.0
101204,2008,8.4
2730,2008,27.6
2548,2008,32.7
2853,2008,19.3
1863,2008,16.3
2248,2008,18.0
2109,2008,13.0
2067,2008,20.0
224,2008,10.0
2201,2008,26.4
2059,2008,13.2
1882,2008,25.8
2731,2008,21.4
15,2008,16.8
727,2008,3.7
956,2008,13.2
101177,2008,12.7
2436,2008,22.4
1922,2008,13.2
101128,2008,23.1
2410,2008,15.4
201172,2008,16.8
101123,2008,21.2
2222,2008,26.1
2240,2008,29.5
201175,2008,17.3
1921,2008,19.2
255,2008,20.0
1761,2008,12.2
200799,2008,13.5
101124,2008,24.0
2045,2008,26.7
200756,2008,12.7
101133,2008,45.7
101113,2008,25.5
2137,2008,16.7
1956,2008,13.6
200826,2008,21.2
200755,2008,24.6
2747,2008,29.6
1521,2008,14.1
2063,2008,12.7
2048,2008,10.0
2224,2008,17.1
2037,2008,26.5
200081,2008,16.0
2749,2008,19.1
200788,2008,13.1
2592,2008,19.4
1899,2008,15.4
2457,2008,22.6
201162,2008,15.6
2407,2008,10.4
101127,2008,19.3
2260,2008,8.3
2553,2008,22.6
2215,2008,6.1
2078,2008,13.4
2574,2008,19.3
467,2008,15.1
101131,2008,19.7
2202,2008,29.2
201160,2008,15.6
1891,2008,25.6
1715,2008,16.0
201159,2008,19.8
1902,2008,12.9
201145,2008,18.2
976,2008,8.9
1741,2008,4.5
200978,2008,15.2
979,2008,23.0
201176,2008,19.1
1744,2008,36.4
711,2008,21.9
201149,2008,16.1
2207,2008,27.7
693,2008,23.2
201202,2008,9.3
2038,2008,11.0
101121,2008,21.3
101130,2008,15.8
2422,2008,20.2
200770,2008,21.8
200816,2008,15.3
101181,2008,19.5
200767,2008,16.5
2735,2008,20.3
2572,2008,28.7
201177,2008,19.4
2694,2008,14.9
2746,2008,24.9
2434,2008,20.7
2413,2008,20.2
201153,2008,18.2
200818,2008,13.4
436,2008,8.1
2079,2008,8.3
2416,2008,18.8
2867,2008,15.2
2586,2008,16.2
101247,2008,10.0
101235,2008,19.0
2570,2008,14.8
1903,2008,5.7
2030,2008,19.4
201142,2008,28.6
708,2008,29.9
2755,2008,32.1
1563,2008,11.7
2039,2008,22.1
2550,2008,18.5
2745,2008,17.4
977,2008,35.8
200785,2008,12.2
2743,2008,22.1
703,2008,14.2
2198,2008,12.7
2594,2008,21.7
200768,2008,18.5
201178,2008,9.7
200746,2008,27.5
1885,2008,18.5
200984,2008,16.7
1716,2008,20.7
2544,2008,38.6
2571,2008,25.7
200796,2008,28.3
101132,2008,21.9
283,2008,14.9
2669,2008,16.3
2254,2008,18.2
953,2008,4.9
200811,2008,14.4
101150,2008,25.2
2449,2008,21.8
2739,2008,18.2
2557,2008,15.9
2575,2008,15.1
2736,2008,25.6
101129,2008,21.0
1766,2008,19.3
2124,2008,16.2
990,2008,17.9
1938,2008,32.3
101162,2008,22.8
201158,2008,18.3
2556,2008,20.8
948,2008,12.3
200790,2008,18.9
200766,2008,18.7
201173,2008,13.5
200776,2008,11.7
201238,2008,10.6
1548,2008,19.6
2058,2008,3.0
2060,2008,14.6
2605,2008,18.9
101110,2008,20.0
101107,2008,22.1
2440,2008,16.2
2588,2008,20.0
2679,2008,18.1
1723,2008,23.1
200772,2008,15.1
2230,2008,19.6
2246,2008,22.3
2408,2008,17.2
1897,2008,26.7
1720,2008,11.4
714,2008,19.9
2072,2008,30.9
1913,2008,7.5
101153,2008,17.6
2554,2008,17.1
1710,2008,21.2
201144,2008,17.9
2399,2008,25.5
200839,2008,20.2
2229,2008,19.6
2034,2008,23.0
2366,2008,10.9
1630,2008,14.7
2590,2008,24.6
101145,2008,25.3
201165,2008,15.7
2050,2008,17.6
200754,2008,22.6
101126,2008,24.7
1737,2008,19.9
2420,2008,18.8
2403,2008,15.3
2555,2008,17.0
201174,2008,20.8
201156,2008,24.8
200762,2008,20.4
101158,2008,4.9
970,2008,13.9
136,2008,9.8
1727,2008,11.7
200753,2008,15.6
2200,2008,26.5
200781,2008,14.4
200794,2008,19.7
1718,2008,28.4
978,2008,24.1
2056,2008,12.1
2047,2008,14.6
200763,2008,19.5
2624,2008,10.6
1711,2008,11.3
1747,2008,19.8
1952,2008,16.4
200765,2008,18.2
201196,2008,15.2
201043,2008,15.6
200751,2008,20.6
101119,2008,28.2
1740,2008,24.3
739,2008,22.6
1725,2008,19.5
2446,2008,14.9
951,2008,25.2
101109,2008,19.6
2501,2008,12.0
200764,2008,12.2
1888,2008,27.7
2210,2008,29.7
2499,2008,15.0
1729,2008,19.9
109,2008,10.1
2741,2008,6.6
200760,2008,19.9
201155,2008,21.7
2427,2008,22.1
2648,2008,10.3
200758,2008,21.9
101179,2008,19.7
101142,2008,17.6
2767,2008,15.0
1739,2008,15.4
200752,2008,27.2
1763,2008,9.3
101155,2008,21.8
200797,2008,13.9
101136,2008,24.9
208,2008,24.6
2223,2008,16.7
2562,2008,16.2
2756,2008,24.7
1513,2008,11.5
1752,2008,22.2
201157,2008,16.3
2742,2008,14.8
200771,2008,15.0
2203,2008,13.3
200769,2008,24.9
406,2008,24.3
949,2008,10.1
101183,2008,14.3
1890,2008,20.5
200761,2008,21.4
200749,2008,16.3
2470,2008,14.4
200780,2008,11.3
201150,2008,17.5
201186,2008,15.2
101211,2008,31.3
1536,2008,24.5
950,2008,21.2
2581,2008,15.3
1883,2008,14.3
959,2008,24.0
200779,2008,26.0
2212,2008,15.2
2031,2008,20.2
2551,2008,26.1
200814,2008,20.1
201192,2008,17.4
2419,2008,21.8
200757,2008,16.2
201152,2008,20.0
689,2008,13.6
201242,2008,21.9
1495,2008,30.5
1501,2008,20.4
2754,2008,18.4
2225,2008,29.8
1503,2008,30.5
101143,2008,16.2
2566,2008,26.4
2239,2008,8.3
2772,2008,16.9
1607,2008,14.1
2211,2008,21.1
1731,2008,20.5
200748,2008,19.0
2199,2008,17.5
2617,2008,16.7
2751,2008,15.0
1713,2008,28.0
2209,2008,17.9
101144,2008,14.4
1887,2008,24.7
200835,2008,20.6
2584,2008,24.3
201163,2008,18.5
200821,2008,13.2
2397,2008,31.0
201146,2008,17.9
2216,2008,28.0
2585,2008,17.6
980,2008,24.2
201166,2009,23.5
201189,2009,13.4
201151,2009,14.9
200747,2009,15.4
1502,2009,13.4
1733,2009,28.2
201143,2009,18.4
2744,2009,32.7
201154,2009,23.2
201169,2009,23.5
101165,2009,18.1
201582,2009,20.4
947,2009,25.4
2405,2009,29.0
101161,2009,13.0
2760,2009,16.1
101154,2009,21.7
2810,2009,5.0
2738,2009,24.7
1889,2009,23.6
200745,2009,25.0
1905,2009,21.2
2804,2009,21.9
101106,2009,19.6
101115,2009,24.9
2740,2009,19.1
1712,2009,29.9
1853,2009,11.4
1533,2009,14.6
201627,2009,21.4
1515,2009,16.6
201576,2009,21.0
101194,2009,20.7
201229,2009,13.0
101120,2009,15.8
1498,2009,16.0
686,2009,17.7
201167,2009,15.5
1506,2009,18.8
1884,2009,21.8
2732,2009,28.6
1112,2009,6.7
2757,2009,17.6
201336,2009,20.5
201628,2009,19.5
1517,2009,17.7
2250,2009,16.7
2564,2009,20.6
1802,2009,19.9
201148,2009,22.8
101138,2009,22.2
200750,2009,33.0
201575,2009,16.7
2217,2009,16.8
699,2009,12.6
1510,2009,9.5
2073,2009,10.8
2567,2009,21.1
2243,2009,13.4
1730,2009,13.1
201572,2009,22.2
1477,2009,7.5
201228,2009,18.5
101139,2009,20.5
1916,2009,13.8
201171,2009,22.9
2430,2009,25.0
2546,2009,33.0
2406,2009,27.8
201858,2009,16.9
200759,2009,16.7
101112,2009,18.8
2294,2009,16.6
101111,2009,30.3
1497,2009,25.4
200798,2009,8.8
2365,2009,15.2
2547,2009,30.6
201604,2009,19.5
2768,2009,14.7
2549,2009,20.7
2036,2009,17.1
101108,2009,31.8
200809,2009,18.7
2404,2009,21.5
101236,2009,5.5
1088,2009,11.8
201147,2009,15.4
1894,2009,28.6
201584,2009,16.9
201235,2009,21.4
200783,2009,26.4
1749,2009,20.9
201571,2009,23.8
2788,2009,16.1
201591,2009,23.8
201161,2009,19.6
2563,2009,15.1
2863,2009,17.0
1800,2009,15.1
2429,2009,14.6
200789,2009,17.2
201568,2009,20.0
101122,2009,34.7
2032,2009,20.3
2443,2009,19.0
2545,2009,16.7
201616,2009,11.8
201589,2009,15.0
101135,2009,22.3
2561,2009,28.7
201599,2009,15.2
201634,2009,14.1
2205,2009,8.7
2052,2009,12.3
200793,2009,8.9
2753,2009,18.5
201193,2009,23.3
965,2009,16.8
101114,2009,26.7
201565,2009,23.0
2824,2009,13.3
2046,2009,13.8
1904,2009,10.8
2484,2009,20.0
2734,2009,30.4
87,2009,8.8
1717,2009,35.1
201187,2009,8.8
201590,2009,14.1
200971,2009,18.7
923,2009,24.9
2748,2009,13.3
2400,2009,24.7
101204,2009,12.2
2730,2009,29.7
2548,2009,40.4
2248,2009,12.6
2109,2009,14.7
2067,2009,24.0
2201,2009,19.2
2059,2009,13.2
1882,2009,22.3
2731,2009,21.6
201569,2009,23.9
956,2009,12.8
2041,2009,13.9
101177,2009,11.1
2436,2009,25.6
1922,2009,10.4
101128,2009,20.8
2410,2009,12.9
201172,2009,13.0
201588,2009,18.3
101123,2009,25.9
2222,2009,23.5
2240,2009,21.8
201175,2009,17.3
201609,2009,16.6
255,2009,19.7
1761,2009,9.1
201141,2009,22.5
101124,2009,24.3
201632,2009,20.2
200801,2009,9.7
2045,2009,23.5
201611,2009,20.1
200756,2009,16.7
101113,2009,28.6
2137,2009,14.6
200826,2009,19.9
201592,2009,26.7
201581,2009,18.2
200755,2009,17.4
2747,2009,27.1
201580,2009,21.9
1521,2009,11.9
2063,2009,7.3
2048,2009,12.0
2037,2009,24.5
200081,2009,14.6
2749,2009,27.2
2592,2009,14.2
1899,2009,16.8
101189,2009,18.2
200778,2009,28.0
201162,2009,16.2
2407,2009,11.1
101127,2009,19.2
2260,2009,10.1
2553,2009,18.3
2215,2009,7.1
2078,2009,11.4
2574,2009,17.9
467,2009,12.9
101131,2009,17.4
2202,2009,24.9
1891,2009,29.8
201574,2009,19.8
201159,2009,13.9
101214,2009,27.3
1902,2009,12.2
201145,2009,22.5
200978,2009,19.8
979,2009,23.6
201176,2009,16.9
1744,2009,28.6
711,2009,12.6
201573,2009,18.2
201149,2009,14.1
201570,2009,19.1
201621,2009,21.4
2207,2009,28.6
693,2009,17.6
201202,2009,7.3
2038,2009,12.4
201595,2009,15.4
101121,2009,19.6
101130,2009,14.2
2422,2009,24.7
200770,2009,17.0
101181,2009,19.1
200767,2009,13.9
2572,2009,28.7
201177,2009,14.1
2694,2009,17.3
2746,2009,23.4
2413,2009,16.2
201153,2009,16.6
436,2009,19.7
2416,2009,13.2
2586,2009,14.4
101235,2009,21.4
2570,2009,15.2
1903,2009,4.7
2030,2009,18.3
201142,2009,32.6
708,2009,26.3
201567,2009,22.4
2755,2009,31.8
1563,2009,12.3
2039,2009,18.9
2550,2009,18.7
977,2009,37.2
201585,2009,20.1
2743,2009,21.6
703,2009,13.0
2198,2009,13.5
2594,2009,19.0
200768,2009,17.8
201602,2009,12.6
201178,2009,16.0
200746,2009,26.6
1885,2009,19.1
1716,2009,21.5
2544,2009,39.9
2571,2009,28.5
200796,2009,23.0
101132,2009,21.8
283,2009,14.2
2669,2009,8.1
953,2009,9.3
200811,2009,15.0
101150,2009,27.8
201601,2009,14.3
2449,2009,21.9
2557,2009,17.4
2575,2009,13.9
2736,2009,21.0
101129,2009,15.5
1766,2009,14.8
2124,2009,13.7
201612,2009,16.7
990,2009,13.9
1938,2009,29.6
201188,2009,20.3
101162,2009,15.3
201158,2009,19.8
2556,2009,13.9
948,2009,17.0
200766,2009,10.5
201173,2009,57.1
200776,2009,14.3
201596,2009,16.3
201238,2009,7.8
1548,2009,19.8
2058,2009,2.5
2060,2009,11.6
2605,2009,21.1
201578,2009,24.8
101110,2009,0.0
101107,2009,21.2
2440,2009,18.5
2588,2009,18.4
2679,2009,13.7
1723,2009,20.9
200772,2009,17.9
2230,2009,16.3
2246,2009,25.5
2408,2009,13.9
1897,2009,25.3
201563,2009,29.2
714,2009,17.9
2072,2009,29.8
1913,2009,8.3
2554,2009,19.6
1710,2009,22.4
201144,2009,18.7
2399,2009,25.7
2229,2009,16.6
2034,2009,15.7
201446,2009,19.1
1630,2009,11.8
2590,2009,27.3
101145,2009,24.9
201165,2009,18.1
2050,2009,20.0
200754,2009,31.3
101126,2009,27.9
201605,2009,4.9
1737,2009,16.8
2420,2009,19.5
2403,2009,22.7
2555,2009,15.9
201156,2009,25.0
201587,2009,15.9
201564,2009,25.4
200762,2009,20.6
201629,2009,12.2
200753,2009,18.8
2200,2009,25.6
200781,2009,16.9
200794,2009,22.8
1718,2009,28.6
978,2009,20.7
200822,2009,18.8
2047,2009,18.9
200763,2009,19.1
2624,2009,11.7
1747,2009,18.8
1952,2009,18.0
200765,2009,18.7
201196,2009,22.5
201043,2009,9.4
200751,2009,23.5
101119,2009,25.0
1740,2009,25.0
739,2009,20.1
1725,2009,19.2
2446,2009,18.9
951,2009,26.1
101109,2009,20.0
2501,2009,12.1
200764,2009,16.7
1888,2009,28.8
2210,2009,28.0
1729,2009,14.8
201633,2009,16.9
2741,2009,12.4
201577,2009,15.0
200760,2009,20.3
201155,2009,22.9
2427,2009,20.6
101146,2009,16.7
200758,2009,21.4
101179,2009,14.4
101142,2009,13.5
201579,2009,23.8
2767,2009,12.2
201164,2009,21.8
200752,2009,26.5
201566,2009,23.5
201583,2009,19.2
1763,2009,11.2
101155,2009,21.4
200797,2009,16.6
2223,2009,13.6
2562,2009,15.1
2756,2009,17.3
1752,2009,12.1
101118,2009,16.7
201606,2009,15.4
201157,2009,11.2
2742,2009,18.2
200771,2009,15.4
2203,2009,11.2
200769,2009,21.4
406,2009,29.2
2733,2009,15.6
101183,2009,22.8
1890,2009,18.4
200761,2009,12.4
200749,2009,17.8
200780,2009,14.0
201603,2009,15.4
2049,2009,16.7
201150,2009,19.5
101211,2009,19.8
1536,2009,25.3
950,2009,11.1
2581,2009,18.8
959,2009,22.7
200779,2009,21.0
201631,2009,33.3
2031,2009,16.4
201180,2009,9.2
2551,2009,24.0
200814,2009,18.0
2419,2009,20.6
200757,2009,13.4
201152,2009,23.1
689,2009,8.0
201242,2009,12.4
1495,2009,30.8
1501,2009,21.6
2754,2009,20.6
1499,2009,15.9
2225,2009,34.2
1503,2009,24.0
101143,2009,13.7
2566,2009,24.3
2239,2009,9.2
2772,2009,18.2
201234,2009,13.8
2211,2009,20.5
1731,2009,17.8
200748,2009,20.0
2199,2009,15.0
2617,2009,16.0
1713,2009,29.4
2209,2009,19.1
101144,2009,25.3
1887,2009,17.8
200835,2009,18.5
201594,2009,17.8
101198,2009,27.8
2226,2009,18.7
2584,2009,19.7
201163,2009,21.0
200821,2009,13.2
2397,2009,30.8
201146,2009,19.5
2216,2009,29.9
2585,2009,17.4
980,2009,25.3
201985,2010,22.8
201166,2010,27.7
201189,2010,17.0
201151,2010,23.7
200747,2010,15.4
1733,2010,29.0
201143,2010,21.5
2744,2010,26.1
201154,2010,20.2
201169,2010,25.1
201582,2010,17.9
947,2010,22.7
202087,2010,23.5
2405,2010,33.1
101161,2010,17.8
2760,2010,15.9
101154,2010,26.0
2738,2010,22.7
1889,2010,24.8
200745,2010,25.0
1905,2010,20.5
2804,2010,21.2
101106,2010,25.5
101115,2010,25.2
2740,2010,10.3
1712,2010,26.2
1853,2010,10.4
1533,2010,16.1
201627,2010,21.0
1515,2010,13.3
201576,2010,23.9
201229,2010,17.9
101120,2010,15.7
202079,2010,6.1
686,2010,14.3
201167,2010,16.2
201948,2010,19.7
1884,2010,22.9
2732,2010,26.0
1112,2010,10.4
2757,2010,20.7
201628,2010,21.1
2250,2010,15.6
2564,2010,16.7
1802,2010,18.4
101138,2010,22.8
201943,2010,24.6
200750,2010,31.2
201575,2010,15.3
2217,2010,15.4
2073,2010,8.7
2567,2010,20.2
2243,2010,8.6
1730,2010,11.1
201572,2010,26.3
201957,2010,12.4
201228,2010,17.6
101139,2010,20.7
201171,2010,27.7
2306,2010,14.9
2430,2010,28.7
2568,2010,18.8
2546,2010,36.9
2406,2010,22.0
201858,2010,17.4
202132,2010,13.0
101112,2010,20.4
2294,2010,14.6
101111,2010,26.5
201978,2010,21.8
1497,2010,28.8
2365,2010,13.1
2547,2010,33.8
201604,2010,19.5
2768,2010,12.0
201805,2010,16.2
2549,2010,27.4
101108,2010,25.5
200809,2010,12.7
201181,2010,8.2
2404,2010,18.2
101236,2010,10.3
1088,2010,13.0
201207,2010,11.7
201147,2010,21.1
1894,2010,31.3
201584,2010,19.2
200783,2010,24.9
201571,2010,18.0
2788,2010,15.3
201591,2010,28.2
201969,2010,16.9
201161,2010,17.0
2563,2010,19.8
2863,2010,14.1
2429,2010,14.0
200789,2010,17.2
201568,2010,22.4
101122,2010,32.1
201980,2010,17.2
201967,2010,17.8
2443,2010,19.7
2545,2010,15.3
201616,2010,9.0
201589,2010,15.4
201954,2010,22.7
2431,2010,20.8
101135,2010,27.3
2561,2010,26.8
201599,2010,14.9
201971,2010,21.5
201942,2010,20.2
201960,2010,12.6
2205,2010,6.7
2052,2010,7.8
2753,2010,18.4
965,2010,14.0
101114,2010,25.6
201974,2010,17.7
201565,2010,28.7
2046,2010,10.5
1904,2010,15.0
2484,2010,19.0
2734,2010,24.8
1717,2010,34.0
201187,2010,6.3
201590,2010,19.6
2748,2010,18.1
2400,2010,22.1
101204,2010,0.0
2730,2010,27.5
2548,2010,37.9
2853,2010,18.6
1863,2010,20.1
201947,2010,17.6
2248,2010,13.1
2067,2010,19.6
2201,2010,18.7
2059,2010,11.3
1882,2010,22.5
2731,2010,18.4
201569,2010,23.7
201953,2010,15.2
956,2010,13.1
101141,2010,22.5
2041,2010,12.3
101177,2010,6.6
2436,2010,23.0
1922,2010,9.2
101128,2010,17.8
202066,2010,19.9
201588,2010,21.9
201945,2010,16.2
2222,2010,23.5
2240,2010,30.8
201175,2010,18.8
201609,2010,22.0
255,2010,18.5
201141,2010,25.7
101124,2010,23.7
201632,2010,12.4
201934,2010,11.8
2045,2010,18.8
201611,2010,21.2
200756,2010,10.5
101133,2010,29.8
2137,2010,13.2
200826,2010,19.6
201592,2010,14.1
201581,2010,20.8
200755,2010,22.2
2747,2010,27.5
201580,2010,20.6
2048,2010,11.4
2224,2010,11.2
2037,2010,30.0
200081,2010,14.3
2749,2010,22.9
201935,2010,21.8
201949,2010,16.7
2592,2010,15.2
1899,2010,12.0
101189,2010,13.4
201191,2010,0.0
2457,2010,20.7
201162,2010,16.8
2407,2010,10.6
101127,2010,20.7
2260,2010,6.3
2553,2010,17.4
2215,2010,6.8
2078,2010,4.3
2574,2010,16.8
467,2010,14.5
101131,2010,17.6
2202,2010,24.6
201160,2010,14.3
1891,2010,25.6
201574,2010,20.2
1715,2010,14.6
101214,2010,15.5
201965,2010,13.4
1902,2010,9.3
201145,2010,20.8
201952,2010,15.6
979,2010,25.1
201966,2010,20.6
711,2010,21.7
201573,2010,25.4
201149,2010,18.3
201975,2010,19.1
201570,2010,6.6
2207,2010,29.8
693,2010,17.0
201202,2010,8.7
2038,2010,9.6
201595,2010,10.6
101121,2010,17.3
101130,2010,14.2
2422,2010,22.9
201972,2010,11.6
201973,2010,17.8
1886,2010,19.7
201938,2010,22.8
200770,2010,20.1
201941,2010,19.7
101181,2010,19.5
200767,2010,12.4
2572,2010,24.6
201177,2010,16.1
2694,2010,14.7
2746,2010,23.4
201950,2010,17.1
201153,2010,14.8
436,2010,14.6
2416,2010,8.1
2586,2010,11.4
101235,2010,25.2
2570,2010,19.0
1903,2010,6.7
2030,2010,16.6
201142,2010,38.3
708,2010,24.5
201567,2010,23.8
2755,2010,28.7
1563,2010,8.5
2039,2010,19.5
2550,2010,16.3
977,2010,35.4
201585,2010,14.7
2743,2010,20.4
703,2010,10.3
2198,2010,12.6
2594,2010,19.5
200768,2010,18.7
201602,2010,12.2
201178,2010,15.8
200746,2010,25.9
1885,2010,17.2
1716,2010,18.3
2544,2010,39.4
2571,2010,25.7
200796,2010,17.5
201991,2010,21.2
283,2010,5.6
200811,2010,15.6
101150,2010,23.8
201601,2010,12.7
2449,2010,25.2
2557,2010,24.6
2575,2010,13.2
2736,2010,23.6
101129,2010,21.0
2124,2010,11.7
201612,2010,15.2
1938,2010,29.0
201188,2010,21.0
101162,2010,13.6
201158,2010,20.7
2556,2010,23.2
948,2010,12.4
2409,2010,27.8
202068,2010,19.5
201977,2010,28.7
200766,2010,15.2
200776,2010,12.1
201596,2010,15.2
201238,2010,10.1
2605,2010,16.0
201578,2010,26.7
101110,2010,20.4
101107,2010,17.6
2440,2010,17.6
2588,2010,20.0
2679,2010,18.3
2230,2010,17.3
2246,2010,23.3
1897,2010,16.5
201563,2010,26.1
714,2010,14.6
2072,2010,21.8
2554,2010,19.8
1710,2010,17.5
201144,2010,18.9
2399,2010,21.6
200839,2010,14.4
2229,2010,20.0
2034,2010,16.9
2366,2010,15.0
1630,2010,13.3
2590,2010,24.0
101145,2010,29.0
2050,2010,16.9
101126,2010,25.4
201605,2010,14.3
1737,2010,24.2
2420,2010,18.5
2403,2010,20.7
2555,2010,14.4
201156,2010,23.0
201587,2010,21.5
201564,2010,23.2
200762,2010,21.0
201802,2010,17.5
201956,2010,20.1
201629,2010,14.5
201785,2010,24.7
200753,2010,17.4
201988,2010,30.6
2200,2010,25.1
200781,2010,31.3
200794,2010,21.2
1718,2010,27.6
978,2010,20.4
200822,2010,15.7
2056,2010,9.7
2047,2010,17.0
2624,2010,8.3
1747,2010,15.4
1952,2010,21.3
200765,2010,19.2
201196,2010,19.0
201043,2010,23.0
200751,2010,21.8
1740,2010,22.0
739,2010,20.7
1725,2010,19.4
2446,2010,18.3
951,2010,23.8
101109,2010,19.2
2501,2010,15.4
202130,2010,22.0
200764,2010,7.4
1888,2010,28.2
2210,2010,20.5
1729,2010,16.2
201577,2010,21.5
200760,2010,19.0
201155,2010,26.0
201958,2010,27.6
2427,2010,16.9
101146,2010,21.2
200758,2010,14.9
101179,2010,15.8
101142,2010,11.1
201579,2010,22.8
2767,2010,14.1
201164,2010,18.3
200752,2010,25.0
201566,2010,23.5
201583,2010,27.2
1763,2010,23.5
101155,2010,18.5
200797,2010,17.7
201970,2010,22.2
2223,2010,16.4
2562,2010,14.3
2756,2010,15.8
1752,2010,6.3
101118,2010,18.9
201157,2010,11.3
2742,2010,16.4
201586,2010,17.7
200771,2010,20.2
2203,2010,12.6
200769,2010,19.9
406,2010,26.7
2733,2010,16.2
101183,2010,14.0
1890,2010,19.1
200749,2010,17.1
200780,2010,14.5
201603,2010,19.0
201150,2010,19.1
201939,2010,22.6
101211,2010,19.1
1536,2010,27.5
2581,2010,14.2
959,2010,24.6
200779,2010,15.2
2212,2010,16.2
202178,2010,23.7
2551,2010,19.7
201959,2010,17.1
201981,2010,15.2
2419,2010,21.5
201944,2010,18.9
200757,2010,10.5
201152,2010,22.1
689,2010,11.9
1495,2010,29.9
1501,2010,24.0
201962,2010,21.9
2754,2010,18.7
1499,2010,13.1
2225,2010,26.6
1503,2010,18.5
101143,2010,5.4
2566,2010,21.3
2239,2010,10.8
2772,2010,20.5
201821,2010,16.7
2211,2010,21.9
201951,2010,20.1
201946,2010,23.3
201936,2010,27.4
200748,2010,21.0
2199,2010,15.0
2617,2010,18.7
1713,2010,27.8
2209,2010,13.6
201961,2010,17.7
202083,2010,19.2
101198,2010,19.9
101215,2010,8.1
2584,2010,21.2
201163,2010,21.5
200821,2010,5.6
201146,2010,19.4
2216,2010,28.0
2585,2010,15.7
980,2010,18.4
201985,2011,20.5
201166,2011,24.7
201189,2011,12.9
201151,2011,14.7
1733,2011,22.6
201143,2011,23.2
2744,2011,27.0
201154,2011,19.2
202329,2011,15.9
201582,2011,20.8
202087,2011,15.1
2405,2011,34.2
101161,2011,18.9
2760,2011,14.5
101154,2011,24.9
2738,2011,19.7
1889,2011,21.0
200745,2011,30.2
1905,2011,19.4
2804,2011,17.6
101106,2011,19.3
101115,2011,21.5
2740,2011,10.4
202360,2011,16.3
1712,2011,27.6
1853,2011,11.6
201627,2011,21.5
1515,2011,14.6
201576,2011,24.9
201229,2011,15.5
101120,2011,3.3
1498,2011,9.2
686,2011,14.4
202356,2011,19.6
201167,2011,18.7
201948,2011,19.3
202340,2011,15.7
1884,2011,23.6
2732,2011,22.7
202386,2011,18.8
1112,2011,6.8
2757,2011,19.7
201933,2011,30.4
2250,2011,0.0
2564,2011,17.5
1802,2011,18.7
201148,2011,18.6
101138,2011,22.7
201943,2011,24.6
200750,2011,23.5
201575,2011,17.3
2217,2011,12.4
2073,2011,12.1
2567,2011,22.0
2243,2011,10.9
1730,2011,0.0
201572,2011,30.6
201957,2011,14.0
201228,2011,19.3
101139,2011,26.3
201171,2011,23.3
2306,2011,13.6
2430,2011,28.7
2568,2011,18.7
2546,2011,35.8
2406,2011,25.9
201858,2011,19.1
101112,2011,19.3
2294,2011,9.6
101111,2011,26.5
201978,2011,22.0
1497,2011,26.2
2365,2011,16.6
2547,2011,26.7
201604,2011,19.0
2768,2011,8.4
202419,2011,11.9
2549,2011,23.8
101108,2011,23.3
200809,2011,14.3
2404,2011,22.5
201963,2011,16.1
101236,2011,14.2
202332,2011,6.3
201147,2011,17.7
1894,2011,29.9
201584,2011,19.6
202342,2011,13.3
200783,2011,22.2
201571,2011,22.4
2788,2011,9.5
201591,2011,20.7
201969,2011,19.2
201161,2011,20.3
2563,2011,24.3
2863,2011,13.6
202345,2011,13.8
2429,2011,12.9
200789,2011,21.2
201568,2011,22.7
101122,2011,29.2
201980,2011,22.5
201967,2011,15.6
2443,2011,11.2
2545,2011,17.7
201616,2011,18.3
201589,2011,22.9
201954,2011,21.8
2431,2011,18.0
101135,2011,22.6
2561,2011,28.9
201599,2011,14.2
201971,2011,19.6
201942,2011,25.2
202326,2011,24.7
201960,2011,9.3
2205,2011,5.6
2052,2011,17.0
2753,2011,16.1
965,2011,12.5
101114,2011,27.3
201974,2011,16.4
202382,2011,18.2
202324,2011,18.2
201565,2011,34.9
202365,2011,24.6
2734,2011,25.0
202354,2011,9.1
1717,2011,34.2
201187,2011,12.0
202346,2011,16.0
201590,2011,17.5
2748,2011,21.1
2400,2011,24.4
2730,2011,31.7
2548,2011,35.5
2853,2011,13.4
1863,2011,24.7
201947,2011,17.7
2248,2011,11.5
202334,2011,16.0
2067,2011,19.2
2059,2011,9.8
202327,2011,11.5
1882,2011,22.5
2731,2011,17.5
202339,2011,15.0
201569,2011,30.1
201953,2011,14.7
956,2011,8.1
101141,2011,19.8
2041,2011,19.3
202323,2011,16.0
101177,2011,7.3
1922,2011,11.4
101128,2011,20.0
202371,2011,0.0
202081,2011,20.5
202066,2011,13.3
201814,2011,19.6
202390,2011,23.5
201588,2011,21.1
201945,2011,20.8
2222,2011,21.9
2240,2011,21.3
201175,2011,21.1
201609,2011,21.3
202330,2011,16.4
255,2011,21.8
202328,2011,18.2
202349,2011,14.8
101124,2011,23.6
202380,2011,8.5
201632,2011,21.8
201934,2011,7.2
202355,2011,0.0
2045,2011,17.8
201611,2011,18.6
200756,2011,9.4
101133,2011,18.2
101113,2011,22.6
2137,2011,5.4
202397,2011,11.2
200826,2011,23.9
201581,2011,24.8
200755,2011,19.8
2747,2011,24.2
201580,2011,18.5
2048,2011,11.6
2037,2011,24.4
200081,2011,12.2
2749,2011,22.4
202341,2011,16.7
201935,2011,23.2
201949,2011,16.8
2592,2011,15.6
1899,2011,14.3
201162,2011,20.3
2407,2011,6.3
101127,2011,22.7
2260,2011,5.1
2215,2011,8.7
2574,2011,6.7
467,2011,12.2
101131,2011,13.5
2202,2011,23.4
201160,2011,15.7
1891,2011,25.9
201574,2011,18.9
1715,2011,9.1
101214,2011,13.4
202399,2011,14.7
1902,2011,10.1
201145,2011,21.2
201952,2011,18.9
202379,2011,19.5
202391,2011,13.6
979,2011,15.8
201966,2011,22.1
711,2011,12.2
201573,2011,22.4
201149,2011,18.4
201975,2011,19.0
2207,2011,27.4
693,2011,5.5
201202,2011,5.5
2038,2011,6.6
201595,2011,13.4
101121,2011,17.6
101130,2011,16.0
101249,2011,10.5
2422,2011,21.2
202322,2011,21.6
201972,2011,10.3
201938,2011,13.8
202348,2011,23.9
200770,2011,19.9
201941,2011,18.2
101181,2011,15.9
2735,2011,15.4
2572,2011,18.4
201177,2011,16.3
2694,2011,17.4
2746,2011,25.5
201950,2011,20.2
201153,2011,12.5
436,2011,12.1
2586,2011,12.9
2570,2011,12.0
2030,2011,16.8
201142,2011,35.9
708,2011,24.7
201567,2011,27.7
2755,2011,35.8
202338,2011,11.9
2039,2011,17.1
2550,2011,17.7
977,2011,38.8
201585,2011,17.3
2743,2011,18.8
703,2011,9.4
2198,2011,16.3
2594,2011,21.4
200768,2011,19.7
201602,2011,21.1
201178,2011,11.9
200746,2011,29.8
1885,2011,23.2
202362,2011,15.6
202361,2011,15.5
202082,2011,13.9
202336,2011,15.3
202351,2011,18.0
2544,2011,35.7
2571,2011,27.7
200796,2011,25.0
201991,2011,12.5
101132,2011,21.2
200811,2011,14.5
101150,2011,29.7
201601,2011,13.5
2449,2011,27.8
202337,2011,12.7
202376,2011,15.2
2557,2011,19.0
2575,2011,9.7
2736,2011,23.2
101129,2011,17.4
2124,2011,6.6
202412,2011,17.4
1938,2011,28.5
201188,2011,19.2
101162,2011,20.6
201158,2011,22.5
2556,2011,13.0
948,2011,9.8
202408,2011,9.5
201977,2011,26.5
201596,2011,14.7
201238,2011,9.9
2605,2011,15.0
201578,2011,23.5
101110,2011,20.4
101107,2011,19.3
2440,2011,18.0
2588,2011,17.1
2679,2011,20.5
200772,2011,25.9
2230,2011,15.0
2246,2011,19.5
2408,2011,9.3
1897,2011,15.0
201563,2011,28.9
2072,2011,16.9
2554,2011,19.0
1710,2011,15.9
201144,2011,19.9
2399,2011,20.0
200839,2011,23.5
2034,2011,14.0
2590,2011,22.9
101145,2011,29.8
2050,2011,8.3
201203,2011,15.8
101126,2011,20.4
1737,2011,21.7
2420,2011,18.6
2403,2011,24.0
2555,2011,11.2
201156,2011,27.4
201587,2011,20.8
201593,2011,19.8
201564,2011,21.6
201600,2011,12.0
201956,2011,17.5
101158,2011,27.3
201785,2011,14.2
202377,2011,16.3
201607,2011,8.3
202335,2011,19.3
201988,2011,22.9
2200,2011,26.3
202331,2011,18.5
200794,2011,26.1
1718,2011,28.4
978,2011,22.7
200817,2011,14.1
200822,2011,2.9
2047,2011,13.5
202347,2011,13.8
2624,2011,8.4
1952,2011,13.3
200765,2011,14.8
201196,2011,25.4
200751,2011,20.1
1740,2011,18.7
2446,2011,14.4
951,2011,24.0
101109,2011,20.8
2501,2011,8.5
202130,2011,22.6
200764,2011,11.9
1888,2011,27.4
2210,2011,18.5
201577,2011,21.4
200760,2011,18.6
201155,2011,26.3
201958,2011,23.4
2427,2011,11.8
2648,2011,8.0
200758,2011,14.7
101179,2011,14.6
101142,2011,11.6
201579,2011,22.7
2767,2011,13.3
201164,2011,19.2
200752,2011,25.6
201566,2011,31.7
201583,2011,24.5
101155,2011,13.3
200797,2011,16.2
201970,2011,18.5
202396,2011,20.7
2223,2011,16.7
2562,2011,10.9
2756,2011,20.4
1752,2011,10.6
2742,2011,18.0
201623,2011,14.2
201586,2011,18.7
2203,2011,13.2
200769,2011,23.1
406,2011,23.7
2733,2011,20.1
1890,2011,23.0
200761,2011,16.9
200749,2011,14.3
202395,2011,13.2
202374,2011,5.2
200780,2011,13.0
201603,2011,19.2
201150,2011,17.6
201939,2011,27.1
101211,2011,10.8
1536,2011,27.2
2581,2011,10.5
959,2011,22.0
200779,2011,24.4
202178,2011,19.0
2551,2011,14.5
201959,2011,17.2
2419,2011,23.1
201944,2011,18.7
200757,2011,9.8
201152,2011,25.0
689,2011,1.4
201168,2011,19.1
1495,2011,24.0
202389,2011,15.2
201962,2011,21.4
2754,2011,22.0
1499,2011,13.6
2225,2011,27.5
1503,2011,18.3
2566,2011,16.8
2772,2011,16.8
202344,2011,16.4
201234,2011,18.9
2211,2011,12.0
201951,2011,21.7
201946,2011,24.9
201936,2011,24.4
200748,2011,25.3
2199,2011,18.7
2617,2011,15.3
1713,2011,25.3
2209,2011,16.0
101144,2011,16.8
201961,2011,16.9
202325,2011,16.6
202083,2011,25.0
101198,2011,22.4
2584,2011,21.2
202378,2011,13.8
201163,2011,22.6
202333,2011,16.2
2397,2011,27.0
201146,2011,16.1
202220,2011,20.7
2216,2011,28.8
2585,2011,14.7
980,2011,16.4
201985,2012,15.4
201189,2012,12.4
1733,2012,25.9
201143,2012,20.9
2744,2012,29.2
202329,2012,14.5
101187,2012,19.0
202692,2012,23.1
202087,2012,18.8
2405,2012,26.9
101161,2012,15.5
2760,2012,17.7
101154,2012,17.9
2765,2012,15.3
2738,2012,18.5
1889,2012,17.9
200745,2012,31.0
2804,2012,15.3
101106,2012,19.4
101115,2012,27.5
202726,2012,22.0
2740,2012,5.5
1712,2012,26.6
1853,2012,11.4
201627,2012,23.3
1515,2012,14.5
201576,2012,24.3
201229,2012,11.8
202356,2012,19.0
201167,2012,22.8
201948,2012,16.6
202340,2012,18.5
1884,2012,15.4
2732,2012,24.2
202386,2012,11.7
1112,2012,4.7
2757,2012,16.4
202687,2012,11.7
201336,2012,15.9
201933,2012,30.5
2250,2012,9.9
2564,2012,12.9
1802,2012,12.0
201148,2012,21.7
101138,2012,20.7
201943,2012,27.1
202688,2012,21.0
201575,2012,18.7
2217,2012,12.7
2073,2012,7.5
2567,2012,14.3
2243,2012,13.3
1730,2012,0.0
201572,2012,34.9
201957,2012,21.3
201228,2012,21.5
101139,2012,22.2
201171,2012,27.5
201291,2012,12.3
2430,2012,26.6
2568,2012,16.1
2546,2012,33.7
2406,2012,21.4
201858,2012,20.7
202718,2012,16.9
101112,2012,20.6
202724,2012,16.7
101111,2012,25.4
201978,2012,21.8
1497,2012,25.7
2365,2012,17.3
2547,2012,26.3
2768,2012,10.3
202419,2012,15.3
2549,2012,23.8
101108,2012,28.9
202698,2012,10.9
2404,2012,16.3
202874,2012,18.4
201963,2012,9.0
101236,2012,8.5
202332,2012,16.4
201147,2012,20.1
1894,2012,27.5
202809,2012,18.6
202709,2012,11.1
202622,2012,17.8
201584,2012,19.4
202342,2012,12.7
200783,2012,16.7
201571,2012,19.5
202810,2012,10.8
201591,2012,18.5
201969,2012,17.1
201161,2012,15.8
2563,2012,17.0
2863,2012,11.0
202345,2012,10.8
2429,2012,0.0
200789,2012,14.6
202350,2012,12.3
201568,2012,23.3
101122,2012,29.0
201980,2012,19.9
201967,2012,15.2
202359,2012,5.3
202721,2012,14.6
2545,2012,14.6
201954,2012,17.1
201208,2012,12.9
101135,2012,27.6
2561,2012,22.6
201599,2012,14.4
202732,2012,15.1
201971,2012,22.6
201942,2012,25.3
202326,2012,29.6
201960,2012,16.0
2205,2012,4.9
2052,2012,8.1
2753,2012,20.5
202862,2012,10.9
965,2012,11.9
101114,2012,30.2
201974,2012,19.0
201182,2012,13.3
202324,2012,21.2
201565,2012,32.3
202682,2012,20.6
202365,2012,12.5
2734,2012,21.0
202354,2012,17.6
1717,2012,33.1
201187,2012,10.2
202346,2012,16.0
202388,2012,14.4
201590,2012,17.9
2748,2012,19.2
2400,2012,26.1
2730,2012,28.6
2548,2012,34.0
202734,2012,17.0
2853,2012,22.2
1863,2012,18.6
201947,2012,11.6
2248,2012,7.5
202334,2012,14.2
2201,2012,18.3
2059,2012,11.0
202775,2012,14.6
202327,2012,13.5
202343,2012,28.1
1882,2012,20.2
2731,2012,18.3
202683,2012,17.6
202339,2012,15.0
201286,2012,18.3
201569,2012,31.1
201953,2012,14.5
956,2012,1.2
101141,2012,23.8
202323,2012,18.6
1922,2012,5.9
101128,2012,14.5
201814,2012,23.0
202390,2012,23.3
201588,2012,19.9
101123,2012,25.6
201945,2012,23.3
2222,2012,19.8
2240,2012,17.6
201175,2012,21.2
201609,2012,22.9
202330,2012,19.8
255,2012,18.4
202328,2012,25.8
202962,2012,10.7
201880,2012,11.0
202349,2012,18.3
202970,2012,15.6
101124,2012,22.5
202380,2012,0.0
201632,2012,16.9
201934,2012,13.0
202355,2012,13.2
2045,2012,18.4
201611,2012,15.1
101133,2012,16.0
101113,2012,7.1
202697,2012,16.8
202738,2012,22.3
202397,2012,15.6
201274,2012,19.7
200826,2012,22.3
201581,2012,18.7
200755,2012,22.4
2747,2012,23.3
202707,2012,19.8
201580,2012,22.6
2048,2012,5.9
2224,2012,13.6
2037,2012,26.5
200081,2012,7.5
2749,2012,20.9
202341,2012,15.3
201935,2012,27.4
201949,2012,18.9
2592,2012,14.1
101189,2012,19.1
202686,2012,12.6
2457,2012,21.8
201162,2012,20.6
2407,2012,11.8
101127,2012,24.2
2215,2012,6.7
2574,2012,10.7
467,2012,11.0
101131,2012,15.2
2202,2012,20.8
201160,2012,22.2
1891,2012,24.4
201574,2012,17.5
202399,2012,15.8
201965,2012,16.2
202880,2012,5.2
1902,2012,9.2
201952,2012,20.0
202379,2012,14.3
202391,2012,27.1
202951,2012,14.8
202719,2012,18.0
979,2012,11.9
202406,2012,20.0
202366,2012,18.3
202536,2012,7.9
711,2012,20.0
201573,2012,26.1
202690,2012,20.1
202710,2012,16.0
201149,2012,17.5
201975,2012,17.4
2207,2012,28.0
201202,2012,8.4
2038,2012,6.5
101130,2012,13.9
101249,2012,27.2
2422,2012,13.9
202322,2012,22.7
201972,2012,7.6
202720,2012,19.6
201973,2012,20.1
201938,2012,16.1
202348,2012,27.0
200770,2012,25.0
202706,2012,22.2
201941,2012,17.9
202716,2012,15.8
101181,2012,16.4
2735,2012,10.5
2668,2012,10.6
202725,2012,14.8
2572,2012,19.3
201177,2012,10.0
202729,2012,13.2
2746,2012,27.9
201950,2012,21.1
202933,2012,9.7
202458,2012,14.8
202712,2012,12.1
436,2012,11.1
202695,2012,16.8
202728,2012,0.0
2586,2012,12.1
101235,2012,17.9
202689,2012,23.1
2570,2012,9.5
202702,2012,22.8
2030,2012,12.3
201142,2012,36.6
708,2012,26.4
201567,2012,33.7
2755,2012,27.4
202338,2012,19.8
2039,2012,14.5
2550,2012,13.4
202691,2012,26.1
977,2012,37.3
201585,2012,16.8
2743,2012,20.6
703,2012,10.0
2198,2012,15.3
2594,2012,19.0
200768,2012,22.5
202681,2012,30.8
201178,2012,22.9
200746,2012,31.1
1885,2012,16.5
202362,2012,12.2
202498,2012,14.1
202361,2012,15.4
1716,2012,5.7
202082,2012,9.0
202336,2012,14.8
202730,2012,14.4
202351,2012,13.3
2544,2012,37.1
2571,2012,26.3
201991,2012,26.9
101132,2012,23.3
200811,2012,14.4
101150,2012,29.2
201601,2012,16.6
2449,2012,25.4
202337,2012,18.9
202376,2012,13.9
2557,2012,18.6
2575,2012,7.9
2736,2012,20.6
202723,2012,12.9
202952,2012,3.2
202412,2012,20.1
1938,2012,27.5
202705,2012,22.4
201188,2012,20.9
101162,2012,24.3
201158,2012,21.2
948,2012,11.1
202694,2012,16.1
201977,2012,26.5
201596,2012,17.6
202693,2012,19.4
2605,2012,13.0
201578,2012,20.5
101110,2012,14.4
101107,2012,20.2
2440,2012,17.5
2588,2012,16.6
2679,2012,12.3
2230,2012,17.0
2246,2012,15.6
1897,2012,14.9
201563,2012,25.0
2072,2012,27.5
2554,2012,16.0
202148,2012,10.9
1710,2012,9.3
201144,2012,18.9
2399,2012,23.6
2229,2012,23.2
2034,2012,16.5
1630,2012,10.6
2590,2012,24.5
101145,2012,27.9
201165,2012,10.7
202814,2012,10.4
101126,2012,24.3
1737,2012,12.6
2403,2012,24.3
2555,2012,11.2
201156,2012,25.8
201587,2012,23.5
201593,2012,26.3
202696,2012,18.0
202701,2012,15.4
202708,2012,18.2
201564,2012,24.0
201600,2012,11.4
201956,2012,17.6
202335,2012,16.8
201988,2012,31.0
2200,2012,24.0
202331,2012,21.0
200794,2012,26.1
1718,2012,29.4
2047,2012,13.2
202347,2012,13.9
1952,2012,14.3
200765,2012,16.6
201196,2012,21.7
200751,2012,22.2
1740,2012,14.8
2446,2012,12.3
951,2012,21.8
101109,2012,18.6
2501,2012,7.2
202704,2012,14.1
202130,2012,19.5
200764,2012,17.8
1888,2012,24.4
2210,2012,17.0
201937,2012,15.6
201577,2012,20.2
201155,2012,26.3
201958,2012,20.8
2427,2012,21.2
200758,2012,14.6
101179,2012,12.7
101142,2012,9.5
201579,2012,22.3
2767,2012,10.0
201164,2012,18.7
200752,2012,26.5
201566,2012,33.6
201583,2012,26.1
101155,2012,8.8
200797,2012,12.9
202385,2012,23.5
201970,2012,15.1
202396,2012,18.3
2223,2012,17.5
2562,2012,12.0
201157,2012,18.3
2742,2012,21.3
201623,2012,15.1
201586,2012,17.0
2203,2012,10.8
200769,2012,23.6
2733,2012,14.7
1890,2012,18.0
200761,2012,11.3
200749,2012,11.1
202714,2012,15.3
202374,2012,13.9
200780,2012,12.0
201150,2012,19.8
201939,2012,26.1
1536,2012,19.2
2581,2012,11.5
959,2012,19.8
200779,2012,23.6
202178,2012,18.8
2551,2012,13.3
201959,2012,20.0
2419,2012,20.2
202227,2012,13.1
201944,2012,19.6
200757,2012,11.0
201152,2012,24.1
201168,2012,25.0
1495,2012,28.0
202389,2012,17.2
202699,2012,21.7
201962,2012,18.3
2754,2012,19.3
1499,2012,7.5
2225,2012,29.1
1503,2012,17.1
202727,2012,14.9
2566,2012,16.6
2772,2012,17.5
202344,2012,17.1
201234,2012,17.2
202717,2012,23.1
202684,2012,18.1
2211,2012,10.3
201951,2012,23.5
201946,2012,22.3
202715,2012,10.6
201936,2012,23.9
200748,2012,15.5
2199,2012,17.3
2617,2012,12.7
202731,2012,16.5
1713,2012,20.3
2209,2012,14.9
101144,2012,21.7
201041,2012,12.1
201961,2012,16.1
202325,2012,13.5
202083,2012,21.0
101198,2012,20.6
2584,2012,22.7
201163,2012,17.3
202333,2012,16.9
202918,2012,14.9
201146,2012,18.2
2216,2012,23.0
2585,2012,14.7
201985,2013,17.9
201166,2013,19.3
201189,2013,12.0
1733,2013,21.3
201143,2013,24.2
2744,2013,28.2
202329,2013,14.3
101187,2013,24.3
202692,2013,20.1
203144,2013,18.3
202087,2013,16.8
2405,2013,32.0
101161,2013,18.3
2760,2013,20.1
101154,2013,28.8
203083,2013,19.8
2738,2013,18.6
1889,2013,18.1
200745,2013,22.4
1905,2013,19.8
101106,2013,11.8
202726,2013,0.0
203094,2013,23.8
2740,2013,2.4
1712,2013,21.7
203076,2013,24.8
201627,2013,21.6
201576,2013,20.4
201229,2013,13.2
203102,2013,16.4
203382,2013,14.3
201167,2013,23.6
201948,2013,18.2
203085,2013,14.3
202340,2013,16.6
2732,2013,27.1
203162,2013,13.8
2757,2013,18.5
203108,2013,13.8
202687,2013,9.2
201933,2013,29.0
2564,2013,12.7
203078,2013,22.8
201148,2013,23.4
101138,2013,16.2
201943,2013,24.1
202688,2013,22.0
200750,2013,12.7
201575,2013,25.9
2217,2013,9.6
203148,2013,22.2
201572,2013,33.7
201957,2013,20.1
201228,2013,18.9
101139,2013,27.1
201171,2013,23.1
2430,2013,26.6
2568,2013,20.6
2546,2013,40.9
2406,2013,22.4
201858,2013,19.9
202718,2013,21.0
202724,2013,12.2
101111,2013,21.7
201978,2013,21.6
1497,2013,23.1
2365,2013,17.2
2547,2013,26.2
203142,2013,29.6
201604,2013,13.8
2768,2013,8.1
202419,2013,21.0
203187,2013,14.7
2549,2013,25.5
101108,2013,26.4
200809,2013,6.6
202698,2013,12.7
2404,2013,15.6
203203,2013,15.4
101236,2013,8.4
202332,2013,12.2
201147,2013,24.1
1894,2013,19.5
202809,2013,20.3
202709,2013,15.8
201584,2013,16.2
201571,2013,14.9
201591,2013,17.5
201969,2013,14.3
201161,2013,15.4
2563,2013,12.7
203081,2013,25.4
2863,2013,18.4
202345,2013,0.0
200789,2013,13.9
202350,2013,15.3
201568,2013,24.9
101122,2013,19.3
201980,2013,19.1
201967,2013,17.6
203130,2013,0.0
203121,2013,9.0
202721,2013,14.1
2545,2013,0.0
201589,2013,19.5
201954,2013,20.3
101135,2013,25.1
2561,2013,26.8
201599,2013,18.9
202732,2013,9.7
201971,2013,18.9
201942,2013,25.6
202326,2013,28.2
201960,2013,18.2
203199,2013,14.5
2205,2013,3.6
2052,2013,12.4
965,2013,15.3
101114,2013,27.4
202324,2013,21.2
202682,2013,24.7
202365,2013,16.3
2734,2013,20.6
202354,2013,11.9
203197,2013,12.9
203079,2013,26.1
1717,2013,27.5
201187,2013,7.0
202346,2013,17.3
202388,2013,15.8
202700,2013,22.8
2748,2013,20.9
203117,2013,13.3
203110,2013,10.4
2400,2013,16.9
2730,2013,24.2
2548,2013,31.6
202734,2013,17.8
2853,2013,12.2
201947,2013,15.5
2248,2013,5.9
202334,2013,20.3
2201,2013,17.0
202327,2013,12.3
1882,2013,16.9
2731,2013,19.2
202683,2013,23.5
202339,2013,21.2
201569,2013,29.2
201953,2013,15.1
101141,2013,23.5
203095,2013,22.7
202323,2013,19.5
203097,2013,9.9
203105,2013,8.5
101128,2013,15.7
202066,2013,11.6
202390,2013,21.6
201588,2013,21.7
101123,2013,20.3
201945,2013,25.5
2222,2013,13.6
201175,2013,25.1
201609,2013,22.1
202330,2013,24.7
255,2013,11.2
202328,2013,25.2
202962,2013,18.6
201880,2013,12.9
202349,2013,21.5
202970,2013,13.9
101124,2013,20.1
201632,2013,12.8
203084,2013,18.0
201934,2013,10.5
2045,2013,9.2
203156,2013,44.4
101133,2013,15.9
202697,2013,16.1
202738,2013,25.8
202397,2013,12.1
201274,2013,21.7
200826,2013,24.4
201581,2013,22.7
200755,2013,23.4
2747,2013,28.3
201580,2013,24.3
203109,2013,14.3
2224,2013,9.8
2037,2013,28.8
2749,2013,21.4
202341,2013,18.0
201935,2013,33.3
201949,2013,16.1
2592,2013,13.7
200778,2013,14.5
202686,2013,10.8
2457,2013,20.8
203099,2013,28.6
201162,2013,20.0
2407,2013,6.3
203096,2013,15.8
101127,2013,21.7
202363,2013,7.3
2215,2013,5.5
467,2013,11.7
101131,2013,14.7
2202,2013,19.1
201160,2013,25.3
1891,2013,19.2
201574,2013,19.6
202399,2013,15.0
201965,2013,19.5
201145,2013,23.5
201952,2013,22.5
203106,2013,15.9
202379,2013,16.7
203087,2013,24.6
202391,2013,20.3
202951,2013,21.4
202719,2013,15.2
979,2013,22.8
711,2013,17.1
201573,2013,20.6
202690,2013,25.6
202710,2013,17.6
201149,2013,17.0
201975,2013,18.5
2207,2013,23.8
201202,2013,7.9
200777,2013,14.5
2038,2013,1.4
101130,2013,15.2
203089,2013,22.8
203098,2013,20.6
101249,2013,21.2
2422,2013,14.9
202322,2013,28.3
202720,2013,14.6
201973,2013,21.5
202685,2013,19.5
202348,2013,24.2
202706,2013,25.6
201941,2013,21.2
101181,2013,20.0
203006,2013,29.4
2735,2013,7.0
202725,2013,15.2
2572,2013,18.0
201177,2013,13.8
202729,2013,16.3
2746,2013,25.1
201950,2013,24.4
202933,2013,12.7
202458,2013,0.0
203200,2013,14.9
436,2013,21.6
202695,2013,19.3
2586,2013,11.6
202689,2013,26.3
203088,2013,10.0
2570,2013,8.5
202702,2013,20.8
203145,2013,22.0
2030,2013,16.3
201142,2013,37.2
708,2013,25.8
203158,2013,14.4
201567,2013,26.7
2755,2013,25.3
203122,2013,13.6
202338,2013,21.4
2039,2013,19.5
203114,2013,17.5
203119,2013,14.5
2550,2013,13.6
202691,2013,23.1
977,2013,35.4
201585,2013,17.9
2743,2013,16.5
203126,2013,8.3
703,2013,12.8
2198,2013,7.9
2594,2013,18.2
200768,2013,20.1
203124,2013,18.2
202713,2013,16.3
202681,2013,32.5
200746,2013,29.0
1885,2013,10.5
202362,2013,15.8
202498,2013,12.4
202361,2013,12.0
202336,2013,18.0
202730,2013,14.3
202351,2013,15.4
2544,2013,36.7
2571,2013,20.9
101132,2013,21.2
200811,2013,10.7
101150,2013,25.3
201601,2013,14.5
2449,2013,24.1
202337,2013,16.4
2557,2013,19.2
2575,2013,10.2
202545,2013,14.6
2736,2013,22.3
203146,2013,19.0
202723,2013,13.8
202952,2013,14.0
1938,2013,24.4
202705,2013,22.4
201188,2013,21.7
101162,2013,18.4
201158,2013,19.7
948,2013,8.9
202694,2013,19.2
201977,2013,26.7
201596,2013,16.7
202693,2013,18.4
2605,2013,14.9
203104,2013,13.4
201578,2013,25.8
101110,2013,20.0
101107,2013,16.0
2440,2013,20.5
2588,2013,15.6
2679,2013,0.0
203090,2013,16.2
1897,2013,18.5
203086,2013,15.8
201563,2013,24.4
203077,2013,18.0
101153,2013,14.4
2554,2013,13.7
201144,2013,22.6
2399,2013,20.0
2229,2013,16.0
2034,2013,16.1
203118,2013,24.0
203101,2013,10.8
203141,2013,19.3
2590,2013,21.5
101145,2013,25.4
201986,2013,14.7
101126,2013,27.2
1737,2013,12.8
2403,2013,23.4
2555,2013,13.1
201156,2013,22.8
201587,2013,19.1
201593,2013,26.4
202696,2013,20.4
202701,2013,18.9
202708,2013,14.6
201564,2013,21.6
201600,2013,16.7
201956,2013,17.9
203111,2013,17.0
200782,2013,13.4
203143,2013,11.4
201976,2013,16.0
202335,2013,20.4
201988,2013,21.7
2200,2013,20.3
202331,2013,24.3
200794,2013,24.9
1718,2013,28.5
203103,2013,15.6
2047,2013,8.6
203112,2013,17.8
203113,2013,14.8
202347,2013,15.6
200765,2013,18.7
201196,2013,26.6
200751,2013,20.3
1740,2013,18.6
739,2013,25.6
951,2013,22.0
101109,2013,21.5
2501,2013,9.9
202704,2013,19.0
202130,2013,19.8
1888,2013,23.6
2210,2013,15.2
201937,2013,18.2
203135,2013,9.7
201577,2013,23.1
201155,2013,21.0
201958,2013,15.9
2427,2013,15.8
200758,2013,10.8
101179,2013,10.7
101142,2013,8.7
201579,2013,21.8
2767,2013,12.5
200752,2013,26.7
201566,2013,33.5
201583,2013,28.0
200797,2013,16.0
201970,2013,11.5
202396,2013,14.7
2223,2013,20.1
2562,2013,10.0
203159,2013,16.7
2742,2013,17.3
201586,2013,21.5
2203,2013,13.8
200769,2013,22.4
2733,2013,14.6
101183,2013,17.4
1890,2013,20.1
202714,2013,17.1
200780,2013,0.0
201150,2013,20.9
201939,2013,29.8
1536,2013,15.8
2581,2013,13.9
959,2013,19.3
200779,2013,16.8
201959,2013,18.9
2419,2013,17.3
202227,2013,5.8
203093,2013,18.2
203082,2013,19.5
201944,2013,17.4
200757,2013,13.8
201152,2013,22.2
203080,2013,16.0
201168,2013,20.9
1495,2013,29.8
203317,2013,13.0
202389,2013,14.4
202699,2013,23.5
201962,2013,20.1
2754,2013,18.0
2225,2013,31.1
203100,2013,16.9
203129,2013,15.6
2566,2013,22.6
2772,2013,18.6
202344,2013,14.8
202684,2013,19.1
2211,2013,12.9
201951,2013,23.9
201946,2013,21.7
202715,2013,12.1
203092,2013,15.4
201936,2013,24.7
200748,2013,17.7
203116,2013,19.1
2199,2013,16.7
2617,2013,10.7
203139,2013,17.0
201964,2013,11.8
1713,2013,25.6
2209,2013,11.9
201961,2013,19.1
202325,2013,20.4
202083,2013,22.0
203115,2013,16.7
101198,2013,26.2
101215,2013,2.5
2584,2013,19.9
201163,2013,25.3
202333,2013,16.3
2216,2013,24.1
2585,2013,13.9
201985,2014,20.9
201166,2014,20.0
201189,2014,9.1
203519,2014,19.2
1733,2014,22.2
201143,2014,27.7
2744,2014,32.1
202329,2014,14.3
101187,2014,16.4
202692,2014,25.4
203458,2014,11.3
203144,2014,18.5
201582,2014,17.7
203459,2014,15.8
202087,2014,12.6
2405,2014,27.8
101161,2014,18.7
2760,2014,15.6
101154,2014,25.8
203083,2014,21.0
2738,2014,14.2
1889,2014,14.8
203460,2014,9.2
200745,2014,23.2
1905,2014,13.5
101106,2014,13.6
101115,2014,22.1
203094,2014,18.6
2740,2014,3.2
1712,2014,16.5
203461,2014,16.0
203076,2014,30.3
201627,2014,22.9
201576,2014,18.4
201229,2014,15.1
203462,2014,17.5
202620,2014,4.8
203102,2014,8.8
203382,2014,16.1
201167,2014,26.3
201948,2014,21.6
203085,2014,20.3
202340,2014,24.3
2732,2014,18.2
203463,2014,16.4
2757,2014,15.8
203108,2014,9.1
202687,2014,10.6
201933,2014,33.4
2564,2014,18.0
203078,2014,25.2
201148,2014,24.5
101138,2014,20.5
203561,2014,12.0
201943,2014,22.6
202688,2014,27.7
201575,2014,9.6
203148,2014,20.7
201572,2014,33.9
201957,2014,21.8
201228,2014,17.3
203468,2014,20.6
101139,2014,25.6
201171,2014,16.1
2430,2014,25.2
2546,2014,37.1
2406,2014,20.8
203467,2014,23.2
201858,2014,18.6
203810,2014,19.8
202718,2014,21.7
101112,2014,19.5
101111,2014,25.6
201978,2014,18.1
1497,2014,11.7
2365,2014,17.8
203569,2014,8.4
2547,2014,26.1
203142,2014,28.6
201604,2014,16.9
203187,2014,15.8
2549,2014,25.9
101108,2014,26.6
202698,2014,15.2
203147,2014,0.0
202874,2014,19.0
101236,2014,8.9
203469,2014,17.1
202332,2014,14.0
201147,2014,18.2
202709,2014,18.1
201584,2014,20.2
201571,2014,25.2
203474,2014,25.0
201591,2014,0.0
203081,2014,28.5
202345,2014,5.9
202350,2014,12.2
101122,2014,19.7
201980,2014,18.5
201967,2014,15.3
203130,2014,0.0
203121,2014,14.1
202721,2014,17.0
201589,2014,16.6
201954,2014,21.9
101135,2014,27.0
2561,2014,23.2
201599,2014,14.8
202732,2014,50.0
201971,2014,20.0
201942,2014,31.0
202326,2014,35.3
201960,2014,17.3
203471,2014,14.3
965,2014,14.8
101114,2014,22.8
202324,2014,22.8
201565,2014,25.8
202682,2014,16.9
2734,2014,19.1
203473,2014,12.5
202354,2014,0.0
203197,2014,12.2
203079,2014,27.3
202091,2014,17.1
1717,2014,32.8
202388,2014,14.2
202700,2014,17.1
2748,2014,17.2
203117,2014,14.1
203110,2014,13.8
2400,2014,24.0
202779,2014,15.1
2730,2014,27.0
2548,2014,29.5
202734,2014,16.4
201947,2014,16.7
2248,2014,3.7
202334,2014,19.4
202327,2014,9.3
203548,2014,0.0
202343,2014,16.5
1882,2014,14.7
202683,2014,23.8
202339,2014,26.4
201569,2014,24.4
201953,2014,12.6
203513,2014,4.6
101141,2014,21.5
203095,2014,20.0
202323,2014,22.3
101128,2014,14.0
203539,2014,11.9
202066,2014,10.8
202390,2014,25.0
201588,2014,16.6
101123,2014,27.2
201945,2014,22.8
2222,2014,10.6
203507,2014,14.1
203540,2014,17.1
201175,2014,19.6
203318,2014,14.5
201609,2014,28.6
202330,2014,23.0
203476,2014,17.0
202328,2014,23.2
201141,2014,16.2
202962,2014,18.3
201880,2014,8.2
202349,2014,22.1
202970,2014,13.0
202380,2014,4.1
203084,2014,16.3
201934,2014,6.7
2045,2014,14.5
203156,2014,19.7
200756,2014,12.4
203138,2014,12.7
203546,2014,20.1
101133,2014,11.0
202697,2014,13.3
203477,2014,18.7
202738,2014,29.1
202397,2014,12.8
200826,2014,22.1
201581,2014,21.2
200755,2014,26.3
2747,2014,23.0
201580,2014,21.0
203109,2014,14.0
203479,2014,12.1
2224,2014,4.3
2037,2014,29.9
2749,2014,19.0
202341,2014,16.7
201935,2014,32.7
201949,2014,20.7
2592,2014,22.1
203263,2014,13.0
203480,2014,23.3
202686,2014,12.7
2457,2014,28.3
203099,2014,15.8
201162,2014,14.6
203096,2014,24.2
101127,2014,17.2
202363,2014,14.0
2215,2014,7.1
101131,2014,11.2
201160,2014,18.5
1891,2014,14.2
201574,2014,14.8
202399,2014,19.0
201965,2014,12.3
201145,2014,24.8
201952,2014,25.3
203481,2014,14.0
203106,2014,16.6
202379,2014,17.0
203087,2014,21.5
202391,2014,20.9
202719,2014,18.5
979,2014,19.7
201573,2014,20.3
202690,2014,26.3
202710,2014,17.9
201149,2014,18.9
201975,2014,22.6
2207,2014,25.1
201202,2014,7.4
200777,2014,11.8
203089,2014,21.6
203098,2014,12.2
101249,2014,13.6
2422,2014,11.8
202322,2014,26.6
202720,2014,24.3
201973,2014,18.3
202685,2014,20.7
202348,2014,23.8
200770,2014,21.5
202706,2014,19.0
201941,2014,22.7
203268,2014,12.8
101181,2014,18.8
2735,2014,0.0
202725,2014,14.2
201177,2014,14.6
2694,2014,10.5
2746,2014,23.0
201950,2014,21.5
202933,2014,7.8
203120,2014,18.3
202695,2014,21.8
2586,2014,10.9
203482,2014,21.4
202689,2014,25.4
203088,2014,13.1
2570,2014,8.7
202702,2014,24.2
203145,2014,20.5
203484,2014,14.6
2030,2014,11.3
201142,2014,40.9
708,2014,16.5
201567,2014,34.3
2755,2014,28.4
202338,2014,22.1
203114,2014,20.6
2550,2014,16.5
202691,2014,25.5
977,2014,23.1
201585,2014,19.9
2743,2014,21.4
2594,2014,17.5
200768,2014,25.2
203124,2014,17.9
202713,2014,16.6
202681,2014,30.1
200746,2014,32.1
202362,2014,20.2
202498,2014,7.2
202361,2014,10.8
202336,2014,15.7
202730,2014,13.3
2544,2014,37.1
2571,2014,20.3
203485,2014,13.2
200811,2014,10.4
101150,2014,21.3
201601,2014,11.2
2449,2014,22.7
202337,2014,18.7
2557,2014,13.8
2736,2014,23.6
203146,2014,9.5
202952,2014,11.5
202412,2014,19.8
1938,2014,26.2
202705,2014,23.6
201188,2014,23.1
101162,2014,20.3
201158,2014,22.4
202694,2014,21.7
201977,2014,20.6
201596,2014,16.8
202693,2014,25.3
203104,2014,12.4
201578,2014,24.8
101110,2014,17.7
101107,2014,18.6
203486,2014,20.9
2440,2014,17.5
2588,2014,14.1
203521,2014,13.4
203090,2014,15.3
2408,2014,12.5
1897,2014,17.7
203086,2014,13.0
201563,2014,26.7
203487,2014,23.2
203077,2014,15.7
201144,2014,27.0
2399,2014,18.7
200839,2014,18.4
2229,2014,8.1
2034,2014,17.4
203488,2014,17.1
203118,2014,25.6
203101,2014,16.3
203545,2014,19.6
203141,2014,22.6
2590,2014,19.5
101145,2014,25.9
201203,2014,3.8
201986,2014,17.8
101126,2014,26.1
203489,2014,16.2
1737,2014,11.8
203517,2014,8.5
2403,2014,24.2
201979,2014,15.3
2555,2014,12.4
201156,2014,30.5
201587,2014,17.9
201593,2014,27.4
202696,2014,22.6
202708,2014,13.6
201564,2014,22.9
203136,2014,7.3
201600,2014,13.8
201956,2014,18.2
203111,2014,12.8
201785,2014,10.1
203490,2014,12.2
200782,2014,14.9
203143,2014,10.4
201976,2014,16.4
202335,2014,18.5
201988,2014,26.6
2200,2014,26.5
202331,2014,30.8
200794,2014,26.6
1718,2014,24.8
203544,2014,18.6
203103,2014,14.0
203491,2014,12.9
203515,2014,9.5
203112,2014,10.0
203113,2014,15.3
202347,2014,18.2
200765,2014,17.7
201196,2014,23.3
200751,2014,20.5
1740,2014,14.3
2446,2014,18.2
951,2014,18.8
203492,2014,16.0
101109,2014,16.3
203493,2014,13.9
2501,2014,12.2
202704,2014,22.8
202130,2014,32.4
2210,2014,19.4
203495,2014,27.5
201937,2014,14.1
203133,2014,13.5
203496,2014,23.2
203135,2014,15.3
201577,2014,17.4
201155,2014,25.9
2427,2014,14.5
200758,2014,2.1
101179,2014,10.0
101142,2014,12.2
201579,2014,18.8
2767,2014,0.0
203091,2014,0.0
200752,2014,29.1
203497,2014,12.0
201566,2014,34.2
201583,2014,27.8
101155,2014,8.2
200797,2014,14.1
203527,2014,17.0
2223,2014,16.5
2756,2014,21.7
203816,2014,6.7
201586,2014,22.7
203508,2014,11.5
203552,2014,11.1
203498,2014,24.2
2203,2014,10.4
202197,2014,8.7
203499,2014,13.3
200769,2014,12.3
2733,2014,16.6
101183,2014,10.5
1890,2014,16.5
200761,2014,13.1
202714,2014,18.1
203524,2014,10.8
200780,2014,8.0
201150,2014,20.6
201939,2014,32.1
1536,2014,6.9
2581,2014,12.2
959,2014,15.2
200779,2014,16.0
203500,2014,11.0
201959,2014,24.0
2419,2014,12.4
203093,2014,21.9
203082,2014,20.8
200757,2014,11.9
201152,2014,25.0
203080,2014,19.2
201168,2014,18.7
1495,2014,26.0
203501,2014,22.2
202389,2014,21.0
202699,2014,24.5
201962,2014,15.3
2754,2014,20.2
203502,2014,13.8
203183,2014,33.3
2225,2014,28.3
203503,2014,14.6
203100,2014,25.2
203129,2014,9.1
203315,2014,18.3
2566,2014,16.0
2772,2014,20.3
202344,2014,16.2
203504,2014,20.4
202684,2014,18.9
203584,2014,28.8
201951,2014,23.5
201946,2014,16.2
203092,2014,19.1
201936,2014,26.2
203116,2014,16.4
2199,2014,15.2
2617,2014,13.8
203505,2014,16.7
203139,2014,15.3
201964,2014,12.7
203506,2014,22.2
1713,2014,24.0
203543,2014,17.1
201961,2014,17.4
202325,2014,15.2
202083,2014,24.0
203115,2014,21.1
101198,2014,22.7
2584,2014,15.3
201163,2014,21.2
202333,2014,22.5
2216,2014,26.8
2585,2014,15.7
201985,2015,21.2
201166,2015,25.7
203932,2015,15.3
203940,2015,14.6
201143,2015,25.0
2744,2015,27.7
202329,2015,14.8
101187,2015,15.7
202692,2015,21.8
203945,2015,13.8
203458,2015,13.8
203144,2015,27.7
201582,2015,24.1
203459,2015,12.0
202087,2015,17.6
2405,2015,27.8
101161,2015,17.8
2760,2015,20.6
203958,2015,7.0
203083,2015,23.0
2738,2015,14.1
1889,2015,14.5
203460,2015,8.7
200745,2015,27.9
1905,2015,4.1
101106,2015,13.0
203094,2015,19.9
203952,2015,23.4
203461,2015,16.2
203076,2015,34.8
201627,2015,21.2
201229,2015,16.8
203462,2015,21.2
202620,2015,19.7
203382,2015,20.4
201167,2015,20.7
201948,2015,18.4
203085,2015,17.0
202340,2015,21.6
2732,2015,21.9
203463,2015,18.5
2757,2015,20.5
203108,2015,13.8
202687,2015,12.6
201933,2015,31.2
202711,2015,19.1
2564,2015,18.0
203078,2015,23.1
201148,2015,18.6
101138,2015,22.3
203561,2015,16.3
201943,2015,26.8
202688,2015,25.9
201575,2015,5.1
2217,2015,14.2
203148,2015,18.4
201572,2015,29.8
203998,2015,21.3
203955,2015,23.5
201228,2015,19.8
203912,2015,19.5
203468,2015,21.3
101139,2015,25.4
203946,2015,7.7
201171,2015,21.1
2430,2015,24.5
2546,2015,35.4
2406,2015,14.5
201858,2015,9.2
202718,2015,23.4
101112,2015,14.7
101111,2015,27.9
201978,2015,17.5
2365,2015,14.5
2547,2015,31.2
203142,2015,18.8
201604,2015,9.4
203187,2015,15.2
2549,2015,22.9
101108,2015,27.3
101236,2015,9.9
203921,2015,16.3
203991,2015,16.3
203469,2015,16.1
202332,2015,17.7
201147,2015,20.8
203928,2015,17.0
202709,2015,18.7
201584,2015,16.9
201571,2015,19.9
2563,2015,8.1
203081,2015,29.6
204014,2015,15.3
201568,2015,25.3
101122,2015,16.2
201980,2015,20.6
201967,2015,10.7
203957,2015,11.4
203121,2015,2.2
202721,2015,13.9
201589,2015,18.7
201954,2015,22.7
101135,2015,20.6
204065,2015,11.0
204033,2015,0.0
2561,2015,20.5
201599,2015,16.9
201971,2015,15.2
201942,2015,29.3
202326,2015,34.8
201960,2015,20.3
203471,2015,25.7
101114,2015,21.3
202324,2015,27.3
201565,2015,29.4
202682,2015,20.6
2734,2015,19.3
203906,2015,8.4
203473,2015,12.9
203079,2015,21.0
1717,2015,28.7
202388,2015,17.9
202700,2015,20.9
2748,2015,18.0
203926,2015,16.7
203110,2015,17.6
2400,2015,16.3
204079,2015,10.8
202779,2015,21.8
2730,2015,26.1
203939,2015,18.3
2548,2015,34.9
202734,2015,14.8
2853,2015,11.1
201947,2015,14.0
202334,2015,18.0
202327,2015,10.9
203901,2015,14.8
202407,2015,13.8
202343,2015,15.9
1882,2015,10.0
202683,2015,27.6
202339,2015,24.1
201569,2015,21.1
203961,2015,40.0
203475,2015,17.4
101141,2015,25.6
203095,2015,21.3
202323,2015,17.0
203105,2015,19.1
101128,2015,11.4
203128,2015,8.6
203539,2015,7.1
202066,2015,13.8
203914,2015,12.5
202390,2015,22.7
201588,2015,27.9
101123,2015,29.7
201945,2015,21.4
2222,2015,6.1
203507,2015,20.5
203540,2015,24.9
201175,2015,16.1
203318,2015,12.9
203922,2015,13.5
201609,2015,23.8
202330,2015,29.1
203476,2015,16.2
203511,2015,14.7
202328,2015,26.1
202962,2015,10.8
201880,2015,10.5
202349,2015,19.8
203084,2015,17.1
202355,2015,25.5
2045,2015,16.3
203156,2015,20.5
201611,2015,14.1
203138,2015,17.2
203546,2015,14.7
101133,2015,11.8
202697,2015,16.6
203477,2015,22.6
202738,2015,30.9
202397,2015,19.7
200826,2015,21.1
201581,2015,19.3
200755,2015,26.2
2747,2015,20.6
203960,2015,16.4
203210,2015,18.3
201580,2015,19.5
203913,2015,20.1
203953,2015,20.7
204022,2015,14.2
203109,2015,18.7
203479,2015,9.4
2037,2015,29.4
2749,2015,18.5
203516,2015,15.3
201935,2015,36.6
201949,2015,20.6
2592,2015,18.7
203949,2015,21.4
203923,2015,15.2
2457,2015,28.5
203099,2015,18.6
201162,2015,15.2
203096,2015,24.2
203950,2015,22.0
101127,2015,21.5
101131,2015,11.6
2202,2015,20.7
201160,2015,18.7
1891,2015,15.8
201574,2015,12.3
202399,2015,13.7
201965,2015,17.6
201145,2015,23.9
201952,2015,25.9
203481,2015,19.1
203106,2015,15.2
203924,2015,14.5
202077,2015,12.2
202379,2015,17.3
203087,2015,23.6
202391,2015,21.5
202366,2015,17.9
203968,2015,0.0
201573,2015,17.7
202690,2015,17.4
202710,2015,26.4
201149,2015,12.0
201975,2015,22.7
203925,2015,13.7
204060,2015,12.3
2207,2015,21.2
201202,2015,10.8
200777,2015,13.7
201595,2015,10.4
203530,2015,16.8
203089,2015,19.5
203098,2015,22.2
101249,2015,18.4
2422,2015,8.0
202322,2015,24.3
203948,2015,13.6
202720,2015,17.5
201973,2015,18.4
202685,2015,23.5
203919,2015,18.9
203903,2015,24.3
200770,2015,15.5
202706,2015,15.1
201941,2015,22.3
203268,2015,15.1
101181,2015,15.5
201177,2015,12.9
2746,2015,21.7
201950,2015,23.0
203944,2015,8.0
203120,2015,15.7
203200,2015,18.5
203994,2015,18.9
203909,2015,17.6
203564,2015,0.0
202695,2015,26.2
203482,2015,22.2
202689,2015,26.1
203088,2015,14.4
2570,2015,10.6
202702,2015,22.4
203145,2015,14.7
203484,2015,20.4
2030,2015,9.2
201142,2015,36.5
708,2015,17.3
201567,2015,24.7
2755,2015,29.7
202338,2015,22.0
203114,2015,22.3
2550,2015,11.8
202691,2015,32.5
977,2015,32.1
201585,2015,15.8
203123,2015,11.2
2743,2015,19.3
203937,2015,10.3
2594,2015,18.7
200768,2015,26.0
203124,2015,18.0
202713,2015,13.8
202681,2015,30.2
200746,2015,33.3
202362,2015,16.1
202498,2015,15.3
202361,2015,10.5
204038,2015,18.8
203580,2015,10.5
202336,2015,16.7
202730,2015,14.9
2544,2015,35.7
2571,2015,22.8
201991,2015,16.4
203485,2015,11.4
200811,2015,14.2
101150,2015,30.8
201601,2015,17.2
203512,2015,11.8
2449,2015,22.9
202337,2015,15.5
2557,2015,13.5
2736,2015,21.6
202723,2015,0.0
202952,2015,10.8
1938,2015,22.9
201188,2015,27.0
101162,2015,20.4
201158,2015,20.6
202694,2015,20.2
203935,2015,14.4
201977,2015,25.7
201596,2015,17.7
203900,2015,13.8
202693,2015,24.0
201578,2015,30.8
101110,2015,14.6
101107,2015,14.2
203486,2015,21.1
2440,2015,16.7
2588,2015,14.1
203521,2015,11.9
203090,2015,11.6
203086,2015,19.2
201563,2015,21.2
203487,2015,22.4
203077,2015,19.2
201144,2015,25.6
2399,2015,16.6
2034,2015,7.8
203488,2015,19.7
203118,2015,23.7
203101,2015,12.2
203545,2015,17.4
203141,2015,19.2
203956,2015,19.7
2590,2015,24.3
101145,2015,27.5
101126,2015,20.0
203489,2015,8.8
1737,2015,10.5
2403,2015,21.8
203457,2015,16.0
201979,2015,14.7
2555,2015,12.2
203910,2015,13.3
201156,2015,27.7
201587,2015,14.0
203917,2015,13.9
202703,2015,25.6
201593,2015,23.8
202696,2015,28.4
203943,2015,16.3
202708,2015,16.5
201564,2015,23.5
203136,2015,12.6
201600,2015,14.6
201956,2015,20.5
203490,2015,15.8
200782,2015,14.7
203798,2015,18.3
203143,2015,11.4
201976,2015,16.3
203565,2015,10.5
202335,2015,15.2
201988,2015,21.4
2200,2015,27.2
202331,2015,29.8
200794,2015,25.5
1718,2015,22.5
203544,2015,16.8
203103,2015,14.3
203515,2015,14.5
203112,2015,15.9
203113,2015,11.5
202347,2015,15.4
200765,2015,14.6
201196,2015,17.1
200751,2015,19.5
2446,2015,19.3
203492,2015,17.2
101109,2015,18.5
203493,2015,10.2
2501,2015,11.8
202704,2015,24.9
202130,2015,17.3
2210,2015,17.0
203495,2015,18.3
201937,2015,16.1
203133,2015,13.4
203496,2015,23.9
203135,2015,13.6
201577,2015,17.5
203918,2015,21.2
201155,2015,24.3
101179,2015,11.3
101142,2015,0.0
201579,2015,21.6
200752,2015,29.4
203497,2015,16.6
203893,2015,21.3
201566,2015,39.5
201583,2015,25.4
200797,2015,15.3
203527,2015,13.7
2223,2015,12.3
203930,2015,14.9
2742,2015,21.3
201586,2015,21.6
203508,2015,13.8
203552,2015,0.0
203498,2015,29.1
203894,2015,13.5
203499,2015,13.1
200769,2015,11.8
2733,2015,15.3
101183,2015,9.1
1890,2015,12.8
200761,2015,16.4
203963,2015,26.5
202714,2015,18.0
204021,2015,28.6
203524,2015,15.7
203915,2015,16.2
201150,2015,16.6
201939,2015,34.3
2581,2015,11.3
200779,2015,15.0
203500,2015,15.2
203933,2015,19.5
201959,2015,19.5
204028,2015,16.2
2419,2015,16.1
203093,2015,21.2
203082,2015,19.7
200757,2015,14.5
201152,2015,22.1
203080,2015,18.7
201168,2015,20.9
1495,2015,24.3
204025,2015,11.5
203501,2015,24.4
202389,2015,19.3
202699,2015,25.0
201962,2015,15.2
2754,2015,16.7
2225,2015,25.2
203503,2015,15.6
203100,2015,27.9
203315,2015,16.2
204037,2015,15.1
2772,2015,17.7
202344,2015,18.8
203504,2015,22.0
202684,2015,16.3
203584,2015,21.8
201951,2015,21.0
203898,2015,14.5
201946,2015,13.1
204020,2015,15.7
203092,2015,23.7
201936,2015,25.3
200748,2015,26.7
2199,2015,16.7
2617,2015,13.5
203505,2015,14.5
201964,2015,15.7
203506,2015,25.3
1713,2015,17.6
201961,2015,19.4
202325,2015,16.7
202083,2015,23.3
203115,2015,19.8
101198,2015,16.3
203805,2015,10.9
2584,2015,16.1
201163,2015,21.7
202333,2015,11.8
203897,2015,20.4
2216,2015,25.5
2585,2015,17.6
204054,2015,17.8
201166,2016,21.8
203932,2016,18.9
1626151,2016,8.7
203940,2016,13.4
201143,2016,22.9
2744,2016,25.3
202329,2016,17.5
101187,2016,16.2
1626210,2016,18.6
202692,2016,26.1
203458,2016,18.6
1627293,2016,14.7
201582,2016,19.9
203459,2016,19.2
202087,2016,9.7
2405,2016,19.8
101161,2016,15.6
2760,2016,13.5
203083,2016,24.6
2738,2016,12.5
1889,2016,16.3
203460,2016,10.7
200745,2016,23.7
101106,2016,12.4
202726,2016,20.2
203094,2016,23.2
203952,2016,29.1
203461,2016,15.4
1626148,2016,9.5
203076,2016,33.5
201627,2016,19.9
201229,2016,14.3
203462,2016,21.6
203382,2016,20.4
201167,2016,19.5
203085,2016,19.6
202340,2016,22.0
1626253,2016,12.4
203463,2016,17.2
2757,2016,14.6
202687,2016,12.8
201933,2016,31.3
1626246,2016,29.4
1626171,2016,19.5
202711,2016,20.7
2564,2016,17.1
203078,2016,26.8
201148,2016,19.6
1626183,2016,8.5
101138,2016,17.3
201943,2016,18.3
202688,2016,26.1
201575,2016,13.7
203148,2016,21.2
1627362,2016,9.2
201572,2016,30.5
203998,2016,3.3
203955,2016,10.1
1626214,2016,14.1
201228,2016,10.3
203912,2016,19.9
203468,2016,29.3
101139,2016,24.5
203946,2016,15.4
1626166,2016,19.8
201171,2016,29.4
2546,2016,31.6
2406,2016,16.7
202718,2016,23.4
101112,2016,18.1
101111,2016,22.9
201978,2016,14.0
2365,2016,13.3
2547,2016,28.8
203142,2016,16.0
203187,2016,12.0
2549,2016,19.5
1626191,2016,15.1
101108,2016,29.3
1626174,2016,19.2
101236,2016,7.8
203921,2016,10.2
1626146,2016,12.7
203991,2016,17.7
203469,2016,17.7
202332,2016,20.4
201147,2016,16.6
203928,2016,21.0
202709,2016,16.7
1626262,2016,50.0
201584,2016,16.4
1626245,2016,16.1
1626156,2016,23.1
201571,2016,19.5
2563,2016,16.5
203081,2016,34.2
203996,2016,11.4
204014,2016,13.2
201568,2016,27.8
201980,2016,14.0
201967,2016,12.0
201589,2016,17.1
201954,2016,22.2
1626199,2016,19.5
101135,2016,22.7
2561,2016,19.7
201599,2016,18.7
201971,2016,12.8
201942,2016,33.2
202326,2016,36.6
201960,2016,18.2
1626153,2016,22.4
203471,2016,26.7
101114,2016,21.9
202324,2016,26.5
201565,2016,25.3
202682,2016,25.9
1626164,2016,23.9
2734,2016,18.3
203906,2016,11.5
203473,2016,17.9
203079,2016,17.1
1717,2016,28.7
202388,2016,16.0
202700,2016,20.2
203926,2016,19.8
203110,2016,18.9
2400,2016,12.7
1626251,2016,11.5
2730,2016,21.0
203939,2016,19.6
2548,2016,31.4
202734,2016,17.2
202334,2016,15.5
204002,2016,16.3
203901,2016,17.8
202407,2016,10.3
202343,2016,9.2
1882,2016,14.8
1626144,2016,20.6
202683,2016,29.7
202339,2016,28.5
201569,2016,22.6
203961,2016,7.7
203475,2016,15.5
101141,2016,20.0
203095,2016,23.5
202323,2016,17.9
203105,2016,19.7
1626163,2016,17.4
202066,2016,14.4
203914,2016,18.8
202390,2016,23.1
201588,2016,17.4
101123,2016,19.9
201945,2016,21.5
203507,2016,24.0
203922,2016,16.5
201609,2016,21.5
202330,2016,28.2
203476,2016,18.5
202328,2016,26.2
202962,2016,10.9
202349,2016,14.4
203084,2016,18.0
202355,2016,25.0
203156,2016,16.8
203138,2016,16.8
203546,2016,19.6
101133,2016,17.7
202697,2016,11.9
203477,2016,20.8
202738,2016,32.8
202397,2016,21.0
200826,2016,23.9
201581,2016,22.5
1626266,2016,0.0
200755,2016,28.6
2747,2016,20.5
203960,2016,15.7
203210,2016,19.6
201580,2016,23.1
203953,2016,22.3
203109,2016,21.5
1626143,2016,28.8
2037,2016,25.4
2749,2016,14.5
202341,2016,11.6
203516,2016,24.1
201935,2016,36.9
201949,2016,15.7
2592,2016,19.0
203949,2016,21.1
203923,2016,7.0
203099,2016,14.5
201162,2016,14.7
203096,2016,21.1
204067,2016,19.4
1626185,2016,20.1
203950,2016,18.4
101127,2016,19.7
201160,2016,22.5
1891,2016,16.0
201574,2016,15.4
201965,2016,13.4
201145,2016,21.1
201952,2016,26.5
203481,2016,16.9
203924,2016,17.5
202379,2016,13.2
203087,2016,23.2
202391,2016,21.9
1626170,2016,16.7
201573,2016,18.2
202690,2016,23.7
202710,2016,28.1
201149,2016,9.6
201975,2016,25.0
203925,2016,8.6
204060,2016,13.8
2207,2016,18.3
1626202,2016,19.3
201202,2016,9.4
203530,2016,22.2
203089,2016,20.8
203098,2016,17.2
202322,2016,26.6
203948,2016,11.9
202720,2016,21.3
201973,2016,13.9
202685,2016,25.0
203613,2016,20.2
203919,2016,21.2
203903,2016,23.7
200770,2016,19.1
202706,2016,20.2
201941,2016,21.2
203895,2016,25.8
1626175,2016,17.6
203268,2016,16.2
101181,2016,13.7
203962,2016,12.6
201177,2016,12.7
1626196,2016,15.5
2746,2016,17.9
201950,2016,28.8
203944,2016,19.8
1626147,2016,15.7
202712,2016,18.3
203200,2016,15.1
1626159,2016,11.3
203994,2016,23.6
203909,2016,17.7
1626157,2016,28.3
202695,2016,32.4
203951,2016,10.7
203482,2016,23.2
1626162,2016,16.5
202689,2016,29.1
203088,2016,13.0
2570,2016,8.1
202702,2016,24.4
203145,2016,20.2
203484,2016,19.7
201142,2016,37.9
708,2016,10.9
201567,2016,26.0
2755,2016,22.8
202338,2016,17.4
1626172,2016,19.1
203114,2016,25.0
2550,2016,10.8
202691,2016,31.4
977,2016,30.4
201585,2016,17.0
203123,2016,11.5
2743,2016,19.7
204001,2016,25.4
203937,2016,14.2
2594,2016,14.8
200768,2016,29.3
203124,2016,20.1
202713,2016,11.4
202681,2016,31.6
200746,2016,30.0
203934,2016,10.2
202362,2016,20.6
202498,2016,18.4
204038,2016,15.3
1626204,2016,13.7
202730,2016,13.4
2544,2016,35.9
2571,2016,19.0
203485,2016,15.7
200811,2016,12.8
101150,2016,26.3
201601,2016,9.1
203512,2016,14.1
1626242,2016,16.7
2449,2016,20.4
202337,2016,18.5
2736,2016,19.0
1938,2016,23.8
201188,2016,24.7
1626273,2016,13.7
101162,2016,21.7
201158,2016,19.7
202694,2016,19.7
203935,2016,15.7
201977,2016,25.0
201596,2016,22.7
1626209,2016,16.5
203900,2016,18.2
202693,2016,22.7
201578,2016,29.6
101107,2016,20.2
203486,2016,17.7
2440,2016,17.4
2588,2016,18.6
203521,2016,15.4
203090,2016,16.7
1897,2016,15.0
203086,2016,18.9
201563,2016,33.4
203487,2016,18.7
203077,2016,21.7
201144,2016,24.8
2399,2016,15.6
2034,2016,8.1
203488,2016,16.7
203118,2016,19.5
203101,2016,17.9
203141,2016,27.0
203956,2016,15.6
2590,2016,22.7
101145,2016,19.9
1626149,2016,17.4
1626167,2016,21.8
101126,2016,0.0
1737,2016,19.0
202357,2016,14.0
2403,2016,22.7
203457,2016,18.5
2555,2016,8.7
201156,2016,18.8
201587,2016,21.1
203917,2016,16.3
203999,2016,22.8
202703,2016,23.0
201593,2016,18.1
202696,2016,28.8
203943,2016,12.1
1626181,2016,19.1
202708,2016,19.3
201564,2016,14.6
201600,2016,11.2
201956,2016,20.4
203111,2016,12.1
203490,2016,18.4
200782,2016,12.4
203798,2016,15.6
203143,2016,8.7
1626192,2016,12.0
201976,2016,16.8
202335,2016,13.7
201988,2016,20.4
2200,2016,25.5
202331,2016,32.2
200794,2016,25.5
1718,2016,16.6
203515,2016,12.3
203112,2016,16.6
1626154,2016,14.5
200765,2016,15.9
1626176,2016,30.8
201196,2016,23.1
200751,2016,14.3
1626173,2016,10.8
2446,2016,14.2
203526,2016,16.6
203492,2016,14.6
101109,2016,17.3
203493,2016,14.3
202704,2016,30.4
2210,2016,15.6
1626158,2016,19.4
201937,2016,16.3
203496,2016,21.6
203135,2016,13.2
201577,2016,19.4
203918,2016,23.8
201155,2016,19.9
1626178,2016,13.3
101179,2016,13.1
201579,2016,12.7
200752,2016,24.1
203497,2016,15.1
203893,2016,15.4
201566,2016,33.2
201583,2016,27.0
200797,2016,13.9
203527,2016,15.6
1626257,2016,15.6
1626155,2016,0.0
201619,2016,11.1
2756,2016,16.2
203930,2016,27.2
201586,2016,19.2
203508,2016,11.7
203552,2016,20.5
203498,2016,25.2
203894,2016,16.7
203499,2016,16.0
2733,2016,15.6
203963,2016,12.9
202714,2016,21.7
203524,2016,13.9
201603,2016,10.0
203915,2016,18.2
201150,2016,16.1
1626169,2016,17.2
201939,2016,41.1
2581,2016,12.6
200779,2016,23.1
203500,2016,15.5
204456,2016,14.8
203933,2016,23.0
201959,2016,16.2
204028,2016,13.4
2419,2016,7.7
203093,2016,20.1
203082,2016,20.9
1626179,2016,11.0
200757,2016,13.4
201152,2016,22.8
203648,2016,46.2
203080,2016,16.4
201168,2016,16.8
202353,2016,14.6
1495,2016,17.2
204025,2016,17.3
203501,2016,18.5
202389,2016,18.2
202699,2016,22.2
201962,2016,20.3
2754,2016,17.0
2225,2016,22.0
203503,2016,12.7
203100,2016,21.7
2772,2016,17.5
202344,2016,14.6
203504,2016,25.5
1626168,2016,18.3
202684,2016,14.4
203584,2016,24.3
201951,2016,12.5
203898,2016,15.8
201946,2016,14.9
204020,2016,18.6
203092,2016,24.1
201936,2016,25.2
2199,2016,14.2
1626145,2016,13.2
2617,2016,11.4
203506,2016,23.8
1713,2016,19.4
201961,2016,17.9
202325,2016,15.8
202083,2016,18.6
203115,2016,24.7
1626161,2016,15.6
203186,2016,21.1
204098,2016,16.4
203897,2016,24.4
2216,2016,26.4
2585,2016,16.5
1627773,2017,14.7
201166,2017,17.9
203932,2017,21.8
1626151,2017,2.9
203940,2017,22.7
201143,2017,21.3
2744,2017,28.4
202329,2017,14.8
101187,2017,13.9
1626210,2017,22.9
202692,2017,21.6
203518,2017,18.3
203458,2017,18.6
1627816,2017,19.7
201582,2017,16.9
203459,2017,18.1
202087,2017,5.8
101161,2017,16.1
2760,2017,9.3
203083,2017,23.1
2738,2017,13.6
203460,2017,10.6
101106,2017,7.0
1626150,2017,14.7
203094,2017,14.4
203952,2017,31.5
203461,2017,20.1
1626148,2017,13.4
203076,2017,37.6
201627,2017,18.2
201229,2017,15.3
203462,2017,24.5
202620,2017,7.1
203382,2017,15.3
201167,2017,16.3
203085,2017,21.2
202340,2017,23.9
1626253,2017,11.3
1627791,2017,0.0
203463,2017,20.8
2757,2017,20.2
202687,2017,13.6
201933,2017,31.3
1626246,2017,31.8
201628,2017,22.5
1626171,2017,21.6
202711,2017,25.1
2564,2017,13.5
203078,2017,32.1
201148,2017,21.7
101138,2017,24.7
1627742,2017,15.7
201943,2017,15.5
202688,2017,24.6
201575,2017,9.6
203148,2017,17.0
1627362,2017,15.7
1627744,2017,20.0
201572,2017,32.2
203998,2017,16.3
1627854,2017,16.2
1627741,2017,22.3
201228,2017,13.6
203912,2017,9.4
203468,2017,31.9
101139,2017,22.6
1626166,2017,16.9
1627747,2017,17.4
2546,2017,32.3
202718,2017,15.8
101112,2017,23.6
1626184,2017,22.3
1627767,2017,20.8
1627778,2017,12.4
2365,2017,12.1
1626191,2017,20.9
101108,2017,28.4
1626174,2017,16.4
203991,2017,25.4
203469,2017,18.5
202332,2017,9.7
201147,2017,13.9
202709,2017,18.3
201584,2017,16.9
1626245,2017,15.2
1626156,2017,26.1
201571,2017,19.9
2563,2017,45.0
1627745,2017,10.9
203081,2017,36.7
204014,2017,12.8
1627849,2017,15.6
201568,2017,25.9
201980,2017,14.1
201967,2017,12.8
203957,2017,17.1
1627863,2017,0.0
203967,2017,23.3
201589,2017,19.8
201954,2017,21.9
1626199,2017,16.5
101135,2017,19.0
1628021,2017,14.5
2561,2017,18.4
202722,2017,18.1
201599,2017,19.8
202732,2017,9.6
1627761,2017,13.6
201942,2017,38.3
202326,2017,39.3
201960,2017,17.0
1627749,2017,19.9
1626153,2017,16.9
1627743,2017,27.8
203471,2017,27.7
1627756,2017,14.6
101114,2017,21.6
202324,2017,20.6
1627884,2017,14.5
201565,2017,27.2
202682,2017,18.7
1626164,2017,29.8
2734,2017,20.2
203473,2017,14.7
1627738,2017,12.1
1627754,2017,19.6
203079,2017,26.1
1717,2017,26.5
1627734,2017,14.4
202700,2017,14.7
1627827,2017,11.0
203926,2017,19.4
1627733,2017,12.3
203110,2017,14.7
2730,2017,22.4
203939,2017,19.7
2548,2017,30.2
202734,2017,18.5
202334,2017,12.4
204002,2017,15.4
203901,2017,21.2
202407,2017,6.7
1626144,2017,20.4
202683,2017,32.8
202339,2017,30.2
201569,2017,24.8
101141,2017,23.9
203095,2017,25.6
202323,2017,17.2
1626163,2017,21.9
1627832,2017,17.6
202066,2017,14.5
203914,2017,22.9
202390,2017,10.8
1627780,2017,10.0
201588,2017,27.8
1627777,2017,10.8
1627834,2017,17.1
101123,2017,23.8
201945,2017,19.1
203507,2017,32.5
203922,2017,14.2
201609,2017,29.9
202330,2017,33.0
203476,2017,15.5
202328,2017,26.0
202349,2017,8.2
203084,2017,27.8
202355,2017,26.2
1627740,2017,20.2
203138,2017,13.3
203546,2017,22.1
101133,2017,15.1
202697,2017,14.5
203477,2017,15.3
1627819,2017,2.6
202738,2017,41.7
1627785,2017,15.6
202397,2017,19.1
1627826,2017,21.8
200826,2017,24.6
200755,2017,26.1
2747,2017,14.5
203210,2017,16.9
201580,2017,29.4
203953,2017,29.3
203109,2017,20.9
1626143,2017,25.5
1627774,2017,14.9
1627751,2017,13.1
2037,2017,22.6
1627750,2017,21.9
2749,2017,16.2
203516,2017,14.5
201935,2017,37.9
201949,2017,22.9
2592,2017,17.0
203949,2017,15.5
203923,2017,14.6
201162,2017,15.0
203096,2017,15.5
204067,2017,17.0
1626185,2017,14.6
203950,2017,21.4
101127,2017,8.7
1627784,2017,17.8
201160,2017,19.2
1891,2017,11.4
1627759,2017,18.6
201145,2017,20.4
201952,2017,23.1
203481,2017,16.5
203924,2017,13.8
203087,2017,26.4
202391,2017,26.8
1626170,2017,18.0
201573,2017,22.9
202710,2017,32.1
201149,2017,11.3
201975,2017,21.5
203925,2017,17.3
204060,2017,15.0
2207,2017,19.9
1626202,2017,23.7
201202,2017,10.0
1627762,2017,20.0
203954,2017,38.2
203530,2017,18.7
203089,2017,17.6
203098,2017,25.9
101249,2017,8.3
202322,2017,30.7
203948,2017,22.5
202720,2017,19.6
201973,2017,11.9
202685,2017,23.4
1626780,2017,22.4
203613,2017,17.1
203903,2017,24.0
202348,2017,29.4
200770,2017,16.4
201941,2017,13.0
203895,2017,20.7
1626175,2017,12.8
101181,2017,12.7
203962,2017,20.6
201177,2017,14.5
1626196,2017,16.6
201950,2017,22.7
1627823,2017,17.1
203944,2017,22.0
1626147,2017,21.4
203120,2017,17.4
202712,2017,17.9
203200,2017,18.8
1626159,2017,15.7
203994,2017,23.1
203909,2017,19.5
1626157,2017,34.1
202695,2017,38.6
1627770,2017,20.7
203482,2017,21.4
1626162,2017,15.1
202689,2017,33.3
202702,2017,21.8
203145,2017,19.8
203484,2017,20.6
201142,2017,35.0
201567,2017,29.6
202338,2017,20.2
1626172,2017,14.1
203114,2017,24.6
202691,2017,31.2
201585,2017,16.7
1627739,2017,11.0
2743,2017,18.2
204001,2017,27.1
203937,2017,11.9
2594,2017,18.6
200768,2017,30.1
203124,2017,20.1
202713,2017,11.2
1627787,2017,12.6
202681,2017,35.4
200746,2017,27.4
203934,2017,11.5
202362,2017,16.7
202498,2017,14.1
204038,2017,18.9
1626204,2017,14.9
202336,2017,14.8
202730,2017,9.9
2544,2017,34.6
2571,2017,20.7
101150,2017,33.4
201601,2017,13.4
203512,2017,11.4
2449,2017,18.6
202337,2017,15.2
2736,2017,13.8
1627781,2017,19.5
1627763,2017,19.5
1627098,2017,15.3
1627736,2017,22.9
202412,2017,16.0
1938,2017,18.9
201188,2017,29.4
1626273,2017,12.6
101162,2017,16.8
201158,2017,21.3
1627875,2017,14.0
202694,2017,21.5
203935,2017,16.8
201977,2017,18.7
1626209,2017,16.3
202693,2017,21.8
1627737,2017,20.3
201578,2017,27.0
1627850,2017,11.6
101107,2017,18.4
203486,2017,19.2
2440,2017,14.6
203521,2017,14.5
203090,2017,17.1
1626254,2017,14.6
1897,2017,17.4
203086,2017,15.8
201563,2017,27.9
203487,2017,17.3
1627771,2017,6.3
203077,2017,15.8
201144,2017,31.5
2399,2017,15.7
2034,2017,8.5
203488,2017,17.0
203118,2017,11.4
1627861,2017,4.1
203101,2017,11.6
1627851,2017,20.4
203141,2017,19.8
101145,2017,15.5
1626149,2017,23.5
1626167,2017,22.7
202357,2017,16.8
2403,2017,23.5
203457,2017,20.7
2555,2017,12.6
201156,2017,24.5
201587,2017,22.0
1627852,2017,14.3
1627879,2017,17.1
203917,2017,16.6
203999,2017,28.6
202703,2017,21.7
202696,2017,24.5
203943,2017,12.7
1626181,2017,22.9
202708,2017,16.6
1627855,2017,10.4
201600,2017,8.5
201956,2017,14.4
203490,2017,19.9
200782,2017,11.7
1627783,2017,13.2
1626192,2017,15.0
1627868,2017,0.0
201976,2017,14.8
1627775,2017,12.3
202335,2017,13.8
201988,2017,20.9
2200,2017,24.5
202331,2017,32.7
200794,2017,25.7
1718,2017,14.3
1627835,2017,14.1
203510,2017,20.2
203112,2017,18.9
1626188,2017,20.7
1626154,2017,0.0
200765,2017,14.4
1626176,2017,12.9
201196,2017,18.3
200751,2017,12.9
1626173,2017,15.4
203526,2017,14.3
101109,2017,15.5
203493,2017,14.8
202704,2017,26.3
202130,2017,15.9
2210,2017,13.6
1626158,2017,22.5
201937,2017,16.9
203496,2017,19.5
201577,2017,18.4
203918,2017,24.3
203585,2017,12.7
201155,2017,19.9
1627758,2017,12.6
1626178,2017,17.8
101179,2017,4.8
201579,2017,15.6
200752,2017,27.5
203497,2017,21.7
201566,2017,43.7
201583,2017,22.1
203527,2017,11.1
1626257,2017,12.2
1626155,2017,16.9
2756,2017,14.8
203930,2017,24.5
203902,2017,9.3
201586,2017,24.1
200771,2017,16.9
203552,2017,22.8
203498,2017,25.3
203894,2017,21.2
2733,2017,14.3
1627848,2017,30.3
1627815,2017,15.3
202714,2017,18.3
1627746,2017,23.3
203524,2017,11.4
203915,2017,15.5
201150,2017,20.4
1626169,2017,12.2
201939,2017,35.1
1627757,2017,10.6
200779,2017,11.9
203500,2017,18.3
204456,2017,12.3
203933,2017,21.8
201959,2017,21.1
204028,2017,17.0
1627752,2017,16.5
203093,2017,22.1
203082,2017,21.3
1626179,2017,15.8
200757,2017,13.5
201152,2017,17.8
203080,2017,20.8
1627748,2017,20.6
201168,2017,24.4
204025,2017,14.7
203501,2017,25.5
1627817,2017,18.6
202389,2017,17.7
1627789,2017,17.7
202699,2017,25.5
203107,2017,10.6
201962,2017,14.5
2754,2017,17.4
2225,2017,20.8
203503,2017,14.7
1626203,2017,15.1
2772,2017,16.0
202344,2017,19.0
203504,2017,20.2
1626168,2017,19.3
202684,2017,13.4
203584,2017,23.0
1627786,2017,16.4
201951,2017,19.3
203898,2017,18.6
204020,2017,22.6
1627755,2017,18.5
203092,2017,16.3
201936,2017,25.6
2199,2017,14.6
1626145,2017,13.3
2617,2017,11.7
203506,2017,23.1
1713,2017,16.6
1627735,2017,12.9
201961,2017,21.5
1627782,2017,15.3
202325,2017,11.1
202083,2017,20.3
203115,2017,23.2
1626161,2017,21.4
203186,2017,17.7
1626195,2017,21.7
201163,2017,24.4
1627812,2017,19.3
203897,2017,25.7
2216,2017,29.3
2585,2017,15.8
201166,2018,19.0
203932,2018,25.6
1626151,2018,12.5
1628935,2018,11.9
1627846,2018,13.4
203940,2018,24.4
201143,2018,20.1
2744,2018,25.4
202329,2018,15.2
1626210,2018,14.0
202692,2018,22.8
1628409,2018,17.0
203518,2018,15.2
1627936,2018,11.1
203458,2018,19.6
1627816,2018,12.1
1628035,2018,18.4
203459,2018,21.4
101161,2018,13.6
203083,2018,21.9
2738,2018,11.2
201281,2018,16.9
203460,2018,9.3
101106,2018,7.9
1626150,2018,20.4
1628510,2018,15.2
203952,2018,24.0
1627790,2018,26.3
1626148,2018,30.0
203076,2018,36.1
201229,2018,19.6
1628469,2018,23.2
1628499,2018,8.9
203382,2018,16.1
201167,2018,12.9
203085,2018,21.9
202340,2018,22.5
1628389,2018,17.4
203463,2018,19.0
1628500,2018,0.0
1627732,2018,22.1
202687,2018,15.4
201933,2018,30.8
1626246,2018,32.4
201628,2018,20.3
1626171,2018,28.1
203992,2018,20.9
202711,2018,22.6
203078,2018,30.5
201148,2018,17.9
1627742,2018,22.8
201943,2018,16.9
203464,2018,12.3
1627362,2018,10.0
1627744,2018,19.9
201572,2018,26.0
203998,2018,12.1
1627854,2018,17.9
1627741,2018,26.5
203710,2018,14.2
203468,2018,28.9
101139,2018,24.9
1628403,2018,15.6
1626166,2018,18.2
1627747,2018,21.6
2546,2018,24.4
1626224,2018,17.1
202718,2018,20.2
101112,2018,18.2
1628429,2018,7.2
1627767,2018,20.5
1627778,2018,10.0
1628449,2018,0.0
1626191,2018,22.5
101108,2018,28.5
203991,2018,24.7
203469,2018,17.9
202332,2018,10.9
201147,2018,14.5
202709,2018,14.4
201584,2018,19.4
1626245,2018,15.3
1626156,2018,28.0
201571,2018,21.0
1628391,2018,13.8
1626177,2018,16.8
1627745,2018,13.7
203081,2018,35.7
2863,2018,10.5
1627814,2018,18.6
1628422,2018,18.6
1627772,2018,21.1
1628464,2018,17.4
201568,2018,23.4
201980,2018,16.8
201967,2018,12.6
203957,2018,23.1
1627863,2018,18.1
203967,2018,23.4
203121,2018,15.4
201589,2018,17.7
201954,2018,20.7
1626199,2018,8.1
1628021,2018,16.3
204065,2018,47.6
2561,2018,24.6
202722,2018,20.4
1628432,2018,12.1
1628368,2018,20.4
201599,2018,18.6
202732,2018,6.8
1627761,2018,14.2
201942,2018,32.7
202326,2018,33.3
201960,2018,21.7
1627749,2018,18.5
1626153,2018,18.9
1627743,2018,9.6
203471,2018,30.3
1628372,2018,25.0
1627756,2018,18.0
202324,2018,21.7
1627884,2018,12.3
201565,2018,23.3
1628476,2018,9.8
1628401,2018,18.4
202682,2018,9.5
1626164,2018,33.3
2734,2018,21.3
1628421,2018,6.9
203473,2018,19.3
1627738,2018,18.3
1628415,2018,19.1
203079,2018,23.2
1717,2018,23.6
1627734,2018,23.4
1628378,2018,30.1
1627827,2018,13.5
203926,2018,17.2
1627733,2018,12.1
203110,2018,15.8
1628407,2018,11.6
202779,2018,24.9
2730,2018,26.4
203939,2018,19.7
2548,2018,23.8
202734,2018,18.5
202334,2018,14.1
1628410,2018,40.0
202327,2018,9.7
203901,2018,20.9
2731,2018,14.7
1626144,2018,21.1
202683,2018,26.8
202339,2018,27.6
201569,2018,27.7
203961,2018,8.9
1628571,2018,0.0
101141,2018,20.8
203095,2018,26.1
202323,2018,15.6
1626163,2018,23.0
1628412,2018,21.4
1628373,2018,13.2
1627832,2018,21.2
1627788,2018,12.8
202066,2018,16.9
203914,2018,24.7
1627780,2018,15.1
201588,2018,18.4
1627777,2018,12.5
1627834,2018,14.0
101123,2018,25.8
1628492,2018,14.9
203507,2018,36.0
203922,2018,13.6
201609,2018,26.8
202330,2018,18.2
203476,2018,17.0
202328,2018,24.2
1627824,2018,16.2
203084,2018,27.3
202355,2018,27.0
1627740,2018,22.0
203546,2018,17.8
101133,2018,15.6
1628387,2018,20.0
202697,2018,10.7
203477,2018,19.9
1628439,2018,16.1
1627819,2018,18.0
202738,2018,26.2
1627785,2018,26.0
202397,2018,21.3
1628397,2018,19.0
1627826,2018,18.5
200826,2018,24.5
200755,2018,26.3
2747,2018,14.3
203960,2018,15.1
203210,2018,18.6
201580,2018,23.6
1628444,2018,16.2
203953,2018,25.1
204022,2018,23.1
1626643,2018,13.3
1628451,2018,5.6
203109,2018,17.8
1626143,2018,24.6
1627774,2018,10.0
1627751,2018,18.1
1627883,2018,20.3
2037,2018,24.3
1627750,2018,25.8
1627866,2018,32.7
2749,2018,11.6
1628503,2018,13.7
203516,2018,15.8
201935,2018,41.9
201949,2018,19.9
203949,2018,20.5
1627821,2018,6.3
203923,2018,13.9
203966,2018,19.1
201162,2018,10.5
204067,2018,0.0
1626185,2018,16.8
1628386,2018,19.6
101127,2018,14.7
201160,2018,18.3
1891,2018,9.9
1628393,2018,13.9
1627759,2018,23.2
1628537,2018,12.9
1628369,2018,22.4
201145,2018,22.3
201952,2018,21.0
203481,2018,17.9
203924,2018,20.3
202379,2018,16.7
203087,2018,25.4
202391,2018,28.6
1626170,2018,18.0
201573,2018,15.5
202710,2018,30.2
201149,2018,13.5
201975,2018,20.9
203925,2018,20.4
204060,2018,18.0
2207,2018,15.1
1626202,2018,17.8
1627762,2018,11.0
203954,2018,35.8
203530,2018,20.2
1628381,2018,20.9
203089,2018,16.7
204066,2018,14.6
202322,2018,26.9
1628405,2018,27.8
203948,2018,21.5
202720,2018,14.3
201973,2018,18.5
202685,2018,27.4
1626780,2018,39.5
1628371,2018,13.0
203613,2018,22.8
1628395,2018,15.3
203903,2018,28.1
202348,2018,27.0
1626175,2018,16.3
101181,2018,13.7
1627982,2018,16.8
1628404,2018,16.3
203962,2018,8.0
1628367,2018,24.1
203705,2018,10.2
201177,2018,0.0
1626196,2018,19.2
2746,2018,7.7
201950,2018,24.6
1627823,2018,14.3
203944,2018,28.7
202933,2018,5.0
1626147,2018,21.5
203200,2018,18.5
1628382,2018,14.8
1628383,2018,20.0
1626159,2018,15.5
203994,2018,26.3
1628443,2018,8.4
1626157,2018,29.8
202695,2018,33.8
1627770,2018,19.3
203482,2018,24.2
1626162,2018,20.6
202689,2018,31.2
2570,2018,10.3
202702,2018,19.8
203145,2018,22.6
203484,2018,19.1
201142,2018,36.2
201567,2018,30.5
1626172,2018,14.0
203920,2018,15.2
203114,2018,27.2
202691,2018,27.6
1628424,2018,14.9
201585,2018,17.2
1627739,2018,22.0
204001,2018,34.4
203937,2018,14.7
1627858,2018,10.4
2594,2018,20.3
1628398,2018,24.4
200768,2018,24.4
203124,2018,19.3
202713,2018,19.0
202681,2018,36.9
200746,2018,35.0
202362,2018,20.0
202498,2018,10.8
204038,2018,20.4
203580,2018,11.9
1626204,2018,19.2
1628374,2018,24.7
2544,2018,36.0
1628506,2018,5.3
1628366,2018,13.8
203485,2018,11.6
101150,2018,32.4
201601,2018,14.3
203512,2018,14.0
1626242,2018,0.0
202337,2018,17.3
1628379,2018,18.8
1628436,2018,19.8
2736,2018,6.9
1627781,2018,13.4
1627763,2018,21.5
1627098,2018,16.1
1626259,2018,14.7
1627736,2018,15.8
1628370,2018,23.2
1628493,2018,18.6
1938,2018,21.5
202705,2018,35.4
201188,2018,26.3
101162,2018,16.3
201158,2018,23.6
1627875,2018,12.5
202694,2018,24.8
1627779,2018,21.1
203935,2018,16.5
201596,2018,17.2
1626209,2018,21.2
203900,2018,7.9
1628365,2018,17.8
202693,2018,21.1
1627737,2018,17.0
203104,2018,7.2
201578,2018,28.7
1627850,2018,12.5
101107,2018,17.8
203486,2018,17.6
1627856,2018,6.3
1628475,2018,20.8
203521,2018,11.4
203090,2018,14.8
1628467,2018,15.8
203086,2018,20.8
201563,2018,28.6
203487,2018,14.1
203077,2018,17.7
201144,2018,27.5
1628455,2018,22.2
203488,2018,17.8
203118,2018,23.1
203101,2018,12.4
1628462,2018,17.7
1628495,2018,12.8
1627851,2018,0.0
203141,2018,21.7
1628420,2018,18.2
1626149,2018,30.3
1627988,2018,13.7
1626167,2018,22.1
203489,2018,5.4
1628513,2018,150.0
202357,2018,16.0
2403,2018,21.2
203457,2018,13.4
2555,2018,19.9
201156,2018,19.7
201587,2018,17.9
1627852,2018,0.0
1628502,2018,11.5
203917,2018,16.7
203999,2018,27.8
202703,2018,26.7
202696,2018,26.3
203943,2018,14.7
1626181,2018,17.4
1628384,2018,14.3
1627855,2018,12.1
204179,2018,14.6
201600,2018,5.8
201956,2018,19.0
203490,2018,22.8
200782,2018,10.7
1628408,2018,33.3
1627783,2018,17.1
1626192,2018,14.4
201976,2018,20.3
1627775,2018,11.4
202335,2018,12.5
201988,2018,19.2
2200,2018,21.1
202331,2018,29.0
200794,2018,23.7
1627835,2018,13.1
203112,2018,14.4
202347,2018,11.2
1626188,2018,20.5
1626154,2018,20.7
200765,2018,14.6
201196,2018,16.8
1626173,2018,15.0
203526,2018,17.4
101109,2018,20.8
203493,2018,19.7
203687,2018,21.4
202704,2018,27.1
2210,2018,8.8
1626158,2018,19.4
201937,2018,22.0
203496,2018,18.9
201577,2018,21.7
203918,2018,26.7
203585,2018,15.1
1628681,2018,16.3
1627758,2018,9.0
1626178,2018,23.5
1626220,2018,14.6
200752,2018,26.2
203497,2018,20.4
201566,2018,33.6
201583,2018,17.2
1627853,2018,7.6
1626257,2018,14.6
1626155,2018,16.0
203816,2018,4.5
203930,2018,24.7
1628400,2018,8.3
201586,2018,22.0
203498,2018,24.7
203894,2018,20.7
203499,2018,14.8
1627885,2018,18.2
2733,2018,16.8
202714,2018,17.0
1628414,2018,11.6
1627746,2018,20.8
203524,2018,7.0
203915,2018,21.2
1626169,2018,15.6
201939,2018,37.7
1628425,2018,13.8
203500,2018,20.6
1628388,2018,16.0
204456,2018,13.2
203933,2018,28.1
201959,2018,18.1
204028,2018,15.8
1627752,2018,22.5
1628390,2018,12.2
203082,2018,16.3
1626179,2018,21.4
200757,2018,18.9
201152,2018,18.1
1628418,2018,14.4
1627748,2018,14.3
204025,2018,10.3
203501,2018,25.6
1627817,2018,12.5
202389,2018,16.6
1627789,2018,17.3
202699,2018,27.2
203107,2018,15.6
2754,2018,17.4
1628396,2018,12.3
2225,2018,19.4
203503,2018,12.3
1628470,2018,12.5
204037,2018,15.6
1626203,2018,12.6
2772,2018,16.7
202344,2018,17.5
203504,2018,28.7
1626168,2018,25.2
203590,2018,0.0
202684,2018,13.8
203584,2018,20.4
1627786,2018,20.6
1628463,2018,16.8
1628416,2018,19.8
203898,2018,15.5
204020,2018,20.2
1628399,2018,0.0
1627755,2018,15.9
203092,2018,19.0
201936,2018,31.4
1627820,2018,15.9
2199,2018,12.4
1626145,2018,13.9
2617,2018,5.8
203505,2018,3.2
203506,2018,33.2
1713,2018,15.3
1626205,2018,35.3
1627735,2018,22.9
1627215,2018,21.8
201961,2018,21.0
1627782,2018,22.3
1628411,2018,11.1
202325,2018,12.8
202083,2018,18.6
203115,2018,23.0
1626161,2018,22.7
203186,2018,21.2
1626195,2018,23.6
201163,2018,15.4
204098,2018,7.1
1628504,2018,11.6
202918,2018,0.0
1627812,2018,18.1
1628380,2018,13.9
203897,2018,29.3
2216,2018,28.3
2585,2018,18.1
1627753,2018,8.3
203932,2019,22.8
1628988,2019,21.1
1627846,2019,15.9
201143,2019,22.3
202329,2019,15.7
1626210,2019,30.5
202692,2019,19.6
203518,2019,12.9
1627936,2019,20.1
203458,2019,24.8
1627816,2019,15.9
1628035,2019,15.5
1628993,2019,8.7
203459,2019,17.1
1629019,2019,22.5
1628518,2019,18.2
101161,2019,17.3
203083,2019,25.3
2738,2019,11.4
201281,2019,0.0
101106,2019,13.6
1626150,2019,14.3
203952,2019,24.6
1629014,2019,24.3
1629116,2019,9.1
1627790,2019,20.5
203076,2019,36.3
201229,2019,14.1
1628469,2019,24.0
203382,2019,16.2
203085,2019,14.5
202340,2019,15.6
1629168,2019,21.1
1628389,2019,18.4
203463,2019,20.8
1627732,2019,22.9
1628656,2019,19.1
202687,2019,14.7
201933,2019,34.1
1626246,2019,28.6
1626171,2019,25.7
203992,2019,23.7
202711,2019,27.3
1629045,2019,17.2
202954,2019,19.0
203078,2019,32.4
1629164,2019,18.4
1627742,2019,24.8
202688,2019,17.5
1629102,2019,16.0
201572,2019,19.9
1628971,2019,10.7
203998,2019,17.0
1627854,2019,20.4
1627741,2019,29.6
203710,2019,14.6
203468,2019,29.2
101139,2019,18.2
1628403,2019,11.2
1629244,2019,17.3
1626166,2019,16.5
1627747,2019,24.2
2546,2019,21.9
1626224,2019,19.9
1628990,2019,12.2
202718,2019,18.1
101112,2019,18.4
1626184,2019,16.9
1627767,2019,19.3
1629002,2019,16.0
1628449,2019,25.5
1629185,2019,8.1
101108,2019,23.4
1626174,2019,30.4
203991,2019,24.2
203469,2019,19.0
1629012,2019,25.6
201147,2019,14.2
202709,2019,12.5
201584,2019,14.8
1626245,2019,15.2
1626156,2019,32.8
201571,2019,20.2
1628391,2019,14.5
203474,2019,11.8
1629541,2019,9.2
1627745,2019,15.2
203081,2019,34.5
1627814,2019,19.6
1628422,2019,18.4
1627772,2019,12.9
1628464,2019,19.3
201568,2019,30.9
201980,2019,17.6
201967,2019,10.0
203957,2019,20.2
1627863,2019,17.9
203967,2019,19.7
203121,2019,14.7
201954,2019,19.3
1629133,2019,15.4
1628021,2019,16.5
202722,2019,17.5
1628432,2019,11.2
1628368,2019,25.0
1629001,2019,11.9
201599,2019,17.7
1627761,2019,16.1
201942,2019,29.7
202326,2019,29.7
201960,2019,20.4
1629152,2019,14.6
1629028,2019,25.2
1626153,2019,18.2
1627743,2019,24.4
1629061,2019,8.1
203471,2019,24.4
1628372,2019,22.6
1629126,2019,15.7
202324,2019,23.8
1627884,2019,17.8
201565,2019,30.4
1628401,2019,18.7
1626164,2019,35.6
2734,2019,19.1
1628421,2019,23.7
1628984,2019,15.2
203473,2019,20.0
1627738,2019,13.4
1628415,2019,20.2
203079,2019,22.7
1717,2019,22.2
1627734,2019,27.4
202700,2019,21.4
1628378,2019,33.3
1628978,2019,14.4
1629055,2019,0.0
1627827,2019,14.6
203926,2019,19.9
1627733,2019,13.0
203110,2019,10.9
1629234,2019,17.0
1629130,2019,14.6
1628605,2019,14.0
1628407,2019,20.0
2730,2019,23.6
203939,2019,23.4
2548,2019,27.2
1629058,2019,22.1
202734,2019,19.9
202334,2019,15.6
1628410,2019,14.2
202327,2019,16.9
203901,2019,16.2
1629059,2019,15.1
1629150,2019,19.6
1626144,2019,25.7
202683,2019,26.7
202339,2019,25.1
201569,2019,24.6
203961,2019,7.6
101141,2019,16.9
203095,2019,23.3
202323,2019,14.7
1628402,2019,18.9
1626163,2019,25.5
1628412,2019,20.0
1628373,2019,12.9
1627832,2019,19.1
1627788,2019,18.8
202066,2019,13.9
1629109,2019,11.1
203914,2019,21.7
1627780,2019,28.2
1629018,2019,16.5
201588,2019,16.6
1628994,2019,0.0
1627777,2019,21.0
101123,2019,21.9
203507,2019,38.5
203922,2019,15.7
201609,2019,23.3
202330,2019,20.7
203476,2019,21.9
1628960,2019,23.4
202328,2019,22.2
1627824,2019,17.5
1628977,2019,16.6
203084,2019,23.4
1628385,2019,22.5
202355,2019,25.6
1629312,2019,10.2
1627740,2019,20.9
203546,2019,18.6
101133,2019,13.3
1628387,2019,0.0
202697,2019,14.5
1629067,2019,7.2
1629353,2019,11.6
1628515,2019,11.7
203477,2019,13.9
1628392,2019,11.3
1628439,2019,17.9
202738,2019,24.1
202397,2019,19.4
1628397,2019,19.2
1627826,2019,23.2
200826,2019,25.7
1629122,2019,15.8
200755,2019,26.3
2747,2019,15.6
203960,2019,30.8
203210,2019,21.2
201580,2019,24.6
203953,2019,25.1
1628980,2019,9.3
203109,2019,20.4
1626143,2019,24.0
1627774,2019,19.3
1627751,2019,15.9
1628973,2019,20.3
1627883,2019,17.8
2037,2019,19.3
1627750,2019,26.9
203516,2019,15.1
201935,2019,48.2
201949,2019,17.8
203263,2019,16.5
201162,2019,11.2
1629123,2019,13.1
1626185,2019,16.3
1628991,2019,26.3
1628417,2019,12.6
1629020,2019,14.8
1628386,2019,19.5
201160,2019,15.4
1628393,2019,4.6
1629121,2019,11.3
1627759,2019,23.8
1628537,2019,15.4
1628369,2019,24.1
201145,2019,21.2
201952,2019,19.0
1629203,2019,9.1
203924,2019,19.2
203087,2019,25.8
202391,2019,22.4
1626170,2019,12.7
1629010,2019,15.9
201573,2019,15.3
1628975,2019,14.6
202690,2019,15.7
202710,2019,26.1
201149,2019,20.7
201975,2019,22.9
1629147,2019,12.5
203925,2019,21.2
204060,2019,18.2
203954,2019,37.7
1628381,2019,29.8
203089,2019,18.4
204066,2019,0.0
203098,2019,17.5
202322,2019,27.7
1628405,2019,29.5
1629140,2019,19.9
202720,2019,18.6
1628413,2019,14.7
201973,2019,17.6
202685,2019,32.9
1628371,2019,17.4
203613,2019,16.2
1628395,2019,13.3
203903,2019,29.8
1628070,2019,22.8
203895,2019,21.5
1626296,2019,33.3
101181,2019,8.4
1628404,2019,13.9
1628367,2019,21.5
1629006,2019,15.0
1626196,2019,22.9
201950,2019,27.2
1627823,2019,14.5
1627395,2019,7.8
203944,2019,32.2
1626147,2019,17.0
203200,2019,15.9
1628382,2019,16.8
1628383,2019,10.6
1626159,2019,20.5
203994,2019,27.0
1628443,2019,21.7
203564,2019,16.7
1626157,2019,35.1
202695,2019,37.4
1628966,2019,14.3
203482,2019,20.9
1626162,2019,25.0
202689,2019,35.4
202702,2019,24.8
1629026,2019,11.7
203145,2019,21.5
203484,2019,21.2
201142,2019,34.9
1628989,2019,16.2
1628995,2019,21.1
201567,2019,30.0
1626172,2019,15.7
203920,2019,17.7
203114,2019,27.0
1629017,2019,14.9
202691,2019,29.7
1628424,2019,0.0
201585,2019,14.2
1628961,2019,9.1
1627739,2019,18.0
203937,2019,13.4
2594,2019,20.8
1628398,2019,25.9
200768,2019,19.7
203124,2019,19.4
202681,2019,33.8
200746,2019,31.3
202362,2019,19.7
202498,2019,12.3
1629013,2019,18.6
204038,2019,18.4
1626204,2019,17.1
1628374,2019,28.0
2544,2019,35.7
1629022,2019,17.7
1628366,2019,15.0
203485,2019,12.0
101150,2019,34.1
201601,2019,14.2
1629029,2019,31.2
1628379,2019,20.9
1628436,2019,19.3
2736,2019,19.0
1627781,2019,12.6
1627763,2019,25.0
1626259,2019,24.0
1627736,2019,23.3
1628370,2019,24.3
202705,2019,24.3
201188,2019,21.8
101162,2019,14.9
201158,2019,21.4
1629094,2019,32.9
202694,2019,23.5
203935,2019,15.3
1626209,2019,20.2
1628365,2019,16.7
202693,2019,20.1
1627737,2019,17.4
1628963,2019,27.1
101107,2019,17.0
203486,2019,17.8
203521,2019,16.5
203090,2019,15.3
1628467,2019,15.5
1628982,2019,15.2
203086,2019,19.5
201563,2019,30.3
203487,2019,16.3
203077,2019,17.3
1628969,2019,13.3
201144,2019,30.9
203488,2019,15.7
203118,2019,15.0
1628970,2019,16.7
203101,2019,20.7
1628462,2019,14.2
1628249,2019,21.0
1629011,2019,17.0
1628964,2019,18.4
1628420,2019,20.9
1626149,2019,29.2
1629021,2019,21.1
1626167,2019,22.6
1628513,2019,8.7
202357,2019,18.9
2403,2019,13.1
203457,2019,16.6
201156,2019,11.5
201587,2019,14.3
203917,2019,18.6
203999,2019,31.2
202703,2019,25.1
202696,2019,32.1
203943,2019,15.7
1626181,2019,21.2
1628384,2019,16.2
1627855,2019,0.0
1629016,2019,15.3
201956,2019,20.6
203490,2019,21.6
200782,2019,10.5
1628408,2019,17.1
1627783,2019,25.2
1626192,2019,15.3
201976,2019,13.1
1627775,2019,8.8
202335,2019,12.1
201988,2019,19.8
2200,2019,15.1
202331,2019,35.0
200794,2019,22.5
203112,2019,6.2
202347,2019,15.7
1626188,2019,22.9
1626154,2019,32.1
200765,2019,14.2
203526,2019,19.0
1628959,2019,14.5
1629034,2019,16.6
101109,2019,17.5
203493,2019,18.0
202704,2019,26.7
1626158,2019,22.8
201937,2019,21.4
203496,2019,18.3
1629057,2019,13.5
201577,2019,21.0
1629066,2019,18.7
203918,2019,20.8
203585,2019,15.5
1627758,2019,4.2
1626178,2019,19.8
1626220,2019,12.0
200752,2019,24.7
203497,2019,23.6
201566,2019,29.1
201583,2019,9.5
1627853,2019,13.4
1629151,2019,17.6
1626257,2019,16.8
1626155,2019,17.0
203159,2019,25.6
1628400,2019,14.8
201586,2019,26.5
203552,2019,19.9
203894,2019,25.2
1628983,2019,19.0
1629003,2019,15.1
1627885,2019,15.8
2733,2019,12.7
202714,2019,16.9
1628414,2019,8.7
1627746,2019,16.5
203524,2019,10.0
203915,2019,27.9
1626169,2019,17.5
201939,2019,37.2
1628425,2019,16.4
203500,2019,19.0
1629004,2019,13.9
1628388,2019,19.6
204456,2019,15.3
203933,2019,26.8
1628769,2019,19.0
201959,2019,21.1
1627752,2019,21.6
1628390,2019,12.3
203093,2019,14.3
203082,2019,27.2
1626179,2019,18.8
200757,2019,14.7
201152,2019,20.1
1629033,2019,17.8
1628418,2019,23.5
1629118,2019,20.7
1627748,2019,15.9
204025,2019,12.7
203501,2019,27.2
1627789,2019,16.0
202699,2019,27.2
203107,2019,15.4
1628396,2019,20.7
2225,2019,24.9
203503,2019,15.7
1628470,2019,13.9
1629027,2019,28.1
1626203,2019,11.8
1628979,2019,38.5
2772,2019,17.3
203504,2019,26.6
1626168,2019,23.2
202684,2019,19.4
1628972,2019,15.8
1628505,2019,31.3
203584,2019,19.6
1627786,2019,15.7
1628463,2019,9.9
1629093,2019,0.0
1628416,2019,19.5
204020,2019,19.2
1628399,2019,11.1
1627755,2019,0.0
203092,2019,23.7
201936,2019,24.0
1627820,2019,15.4
2199,2019,9.0
1626145,2019,14.0
2617,2019,14.7
203506,2019,28.8
1713,2019,18.9
1629053,2019,9.1
1627735,2019,14.9
1627215,2019,24.5
201961,2019,20.5
1627782,2019,17.0
1628976,2019,19.9
1628411,2019,13.0
202325,2019,11.0
202083,2019,19.2
203115,2019,19.9
1626161,2019,20.0
1626195,2019,24.1
201163,2019,12.0
1628999,2019,7.4
1627812,2019,18.2
1629139,2019,10.7
1628380,2019,18.1
203897,2019,33.0
1629155,2019,0.0
2585,2019,14.7
1629015,2019,16.9
1627753,2019,66.7
203932,2020,21.4
1628988,2020,18.5
1627846,2020,18.8
1629690,2020,13.4
1629678,2020,12.5
201143,2020,18.8
202329,2020,9.8
202692,2020,26.6
1629346,2020,19.4
1627936,2020,13.9
203458,2020,20.7
1628035,2020,14.5
1628993,2020,13.1
203459,2020,11.9
1629019,2020,25.1
1628518,2020,9.4
1629599,2020,16.8
203083,2020,26.1
2738,2020,10.6
203460,2020,10.6
203952,2020,29.3
1629014,2020,18.6
1627790,2020,20.4
203076,2020,35.5
201229,2020,10.6
1628499,2020,11.6
1628394,2020,16.4
203382,2020,24.1
203085,2020,17.0
202340,2020,16.6
1629168,2020,15.9
1628389,2020,23.1
203463,2020,20.1
1627732,2020,22.1
202687,2020,19.1
201933,2020,26.6
1626246,2020,32.4
1626171,2020,22.6
203992,2020,25.3
202711,2020,29.5
1629626,2020,22.6
202954,2020,16.9
203078,2020,39.3
1629634,2020,24.4
1629164,2020,22.0
1627742,2020,32.0
202688,2020,19.2
1628968,2020,9.2
201572,2020,20.1
1628971,2020,15.5
203998,2020,16.4
1628981,2020,15.6
1627854,2020,21.4
1627741,2020,29.6
203468,2020,28.8
101139,2020,17.5
1628997,2020,17.5
1628403,2020,10.4
1629629,2020,18.0
1629661,2020,18.6
1626166,2020,21.9
1627747,2020,29.7
2546,2020,22.5
1629035,2020,15.8
1626224,2020,18.0
1628990,2020,18.9
202718,2020,11.1
1629718,2020,23.0
1626184,2020,5.7
1627767,2020,21.6
1629002,2020,25.3
1628449,2020,23.5
1629185,2020,16.1
1629598,2020,25.0
101108,2020,26.6
1629735,2020,18.0
1626174,2020,29.4
203991,2020,19.5
1629632,2020,24.0
1628998,2020,12.8
203469,2020,23.6
1629012,2020,30.1
201147,2020,6.8
202709,2020,12.6
201584,2020,14.8
1626245,2020,10.7
1626156,2020,32.8
201571,2020,20.2
1628391,2020,16.4
1629610,2020,15.7
1627745,2020,15.9
203081,2020,37.6
1627814,2020,20.3
1628422,2020,18.1
1629655,2020,17.0
1628464,2020,18.5
201568,2020,30.6
201980,2020,15.1
203957,2020,15.7
1627863,2020,15.9
203967,2020,20.3
1629647,2020,14.3
1629636,2020,19.0
1629133,2020,10.7
1628021,2020,17.9
202722,2020,23.9
1628368,2020,30.9
1629631,2020,17.8
1629001,2020,17.7
201599,2020,17.5
1627761,2020,12.4
201942,2020,31.0
201960,2020,13.8
1629731,2020,12.7
1629028,2020,26.3
1627749,2020,20.2
1626153,2020,15.2
203471,2020,29.1
1628372,2020,16.5
1627756,2020,24.0
1629126,2020,13.2
202324,2020,17.0
1627884,2020,17.5
201565,2020,32.8
1628476,2020,9.9
1628401,2020,21.2
1626164,2020,34.8
1628985,2020,10.7
1629719,2020,27.3
1628984,2020,25.5
1629608,2020,21.9
203473,2020,15.9
1628415,2020,26.0
203079,2020,25.2
1627734,2020,25.7
1628378,2020,33.5
1629743,2020,13.9
1628978,2020,18.0
1627827,2020,15.4
203926,2020,24.2
1627733,2020,17.6
203110,2020,13.2
1629234,2020,17.7
1629130,2020,21.9
1628605,2020,41.4
1628407,2020,15.9
2730,2020,19.1
203939,2020,17.1
1629058,2020,18.0
202734,2020,21.1
202334,2020,8.2
1628410,2020,15.9
203901,2020,17.2
1629059,2020,14.6
1626144,2020,21.7
202683,2020,22.8
202339,2020,24.6
201569,2020,22.9
1628450,2020,14.6
1629672,2020,23.8
101141,2020,18.7
203095,2020,28.3
202323,2020,11.0
1628402,2020,20.8
1626163,2020,22.3
1628412,2020,22.7
1628373,2020,14.5
1627832,2020,23.4
1627788,2020,21.2
1629216,2020,12.6
202066,2020,17.3
1629726,2020,19.9
1629109,2020,12.7
203914,2020,16.0
1627780,2020,12.3
1629018,2020,19.1
201588,2020,19.9
1627777,2020,20.1
203507,2020,43.2
203922,2020,19.3
1629048,2020,16.6
201609,2020,27.2
202330,2020,24.5
203476,2020,19.8
1629684,2020,10.6
1628960,2020,20.9
1628977,2020,16.6
203084,2020,20.0
1628385,2020,22.4
202355,2020,24.6
1627740,2020,5.3
101133,2020,16.5
1629649,2020,16.5
202697,2020,10.9
1629067,2020,12.3
1628392,2020,18.5
1629676,2020,0.0
202738,2020,24.0
202397,2020,19.0
1627826,2020,21.4
200826,2020,23.8
1629122,2020,0.0
200755,2020,26.2
2747,2020,9.8
1629630,2020,26.6
203960,2020,15.3
203210,2020,15.1
201580,2020,18.6
203953,2020,26.4
1628980,2020,14.1
203109,2020,17.0
1626143,2020,24.2
1627774,2020,18.2
1627751,2020,14.7
1628973,2020,21.7
1629665,2020,14.7
1629667,2020,15.2
2037,2020,33.3
1627750,2020,28.1
203516,2020,16.9
201935,2020,43.9
201949,2020,19.9
201162,2020,9.0
1629607,2020,11.1
1628991,2020,28.1
1629020,2020,11.4
1629714,2020,11.7
1628386,2020,19.8
1629633,2020,17.6
1627784,2020,17.0
1629750,2020,16.2
1629637,2020,19.6
1627759,2020,29.0
1629658,2020,17.0
1629669,2020,16.7
1628369,2020,32.6
201145,2020,21.8
201952,2020,20.1
203924,2020,21.8
1629725,2020,29.6
203087,2020,21.5
202951,2020,27.5
1626170,2020,15.5
1629010,2020,14.5
1628975,2020,14.2
202710,2020,28.7
201149,2020,12.1
1629147,2020,2.9
203925,2020,22.0
204060,2020,15.8
203954,2020,36.6
1628381,2020,29.9
203089,2020,17.6
1629723,2020,13.8
1628405,2020,31.1
1629140,2020,12.0
1628413,2020,9.5
202685,2020,26.3
1628371,2020,19.8
1628395,2020,16.6
1629648,2020,10.9
203903,2020,30.3
1629162,2020,17.4
203895,2020,24.9
1629673,2020,18.2
1627982,2020,4.3
1628404,2020,17.1
1628367,2020,23.5
203705,2020,15.4
1629006,2020,15.6
1629729,2020,14.3
1626196,2020,21.3
201950,2020,25.3
1629308,2020,12.2
1627823,2020,15.8
203944,2020,28.8
1626147,2020,11.8
203200,2020,15.5
1628382,2020,16.3
1629713,2020,17.7
1628383,2020,15.5
1629620,2020,12.9
1629625,2020,19.8
1626159,2020,16.1
203994,2020,26.2
1629752,2020,12.3
1629644,2020,13.7
1628443,2020,19.7
1626157,2020,35.6
202695,2020,39.8
1628966,2020,18.0
1629103,2020,18.0
1629640,2020,22.8
203482,2020,19.9
1626162,2020,25.4
202689,2020,31.5
1629134,2020,25.2
1629026,2020,7.6
203145,2020,16.6
203484,2020,17.1
1628987,2020,14.0
1628989,2020,17.9
1628995,2020,16.9
201567,2020,26.5
1629645,2020,20.6
1626172,2020,12.1
203920,2020,11.1
203114,2020,31.5
1629017,2020,14.0
1628961,2020,15.2
1627739,2020,14.0
204001,2020,30.3
1629065,2020,15.6
1629734,2020,6.5
203937,2020,13.4
1629657,2020,16.7
2594,2020,17.8
1628398,2020,23.7
200768,2020,25.2
203124,2020,15.6
202681,2020,38.3
200746,2020,27.5
202498,2020,11.7
1629013,2020,15.8
204038,2020,19.0
1626204,2020,18.4
1628374,2020,23.3
2544,2020,34.6
1629022,2020,18.4
1628366,2020,16.8
101150,2020,28.9
1629663,2020,15.6
201601,2020,8.1
1629652,2020,14.4
1629029,2020,40.6
1629677,2020,15.8
1628379,2020,23.2
1628436,2020,18.2
1627763,2020,26.0
1626259,2020,9.9
1627736,2020,23.6
1628370,2020,23.3
1629005,2020,28.6
201188,2020,13.4
201158,2020,18.9
202694,2020,25.9
203935,2020,19.2
1629621,2020,16.7
1626209,2020,13.5
1628365,2020,20.8
202693,2020,22.3
1629741,2020,16.3
1629716,2020,0.0
1627737,2020,21.4
1628963,2020,26.2
101107,2020,14.4
203486,2020,19.7
1629680,2020,11.2
1629760,2020,5.0
1629744,2020,20.9
203521,2020,10.2
203090,2020,11.6
1629622,2020,33.3
1628467,2020,16.9
1628982,2020,14.5
203086,2020,14.7
1629662,2020,31.1
203487,2020,18.5
1626187,2020,8.2
203077,2020,10.6
1629008,2020,26.8
1628969,2020,15.2
201144,2020,23.6
203488,2020,18.1
203118,2020,15.9
1628970,2020,20.9
1629011,2020,20.0
1629671,2020,15.3
1628964,2020,18.1
1628420,2020,19.3
1626149,2020,30.7
1629021,2020,21.1
1629650,2020,14.5
1628539,2020,18.3
1626167,2020,20.0
1629642,2020,13.9
1628513,2020,14.1
1629675,2020,24.7
202357,2020,19.8
203457,2020,19.2
1629651,2020,16.2
1629638,2020,20.8
201587,2020,7.7
1629740,2020,17.5
1628430,2020,13.0
203999,2020,30.8
202696,2020,29.2
203943,2020,15.9
1626181,2020,26.0
203658,2020,11.7
1628384,2020,16.7
1629016,2020,19.5
1629052,2020,13.0
203490,2020,23.7
200782,2020,9.4
1629023,2020,19.9
1628408,2020,19.3
1627783,2020,30.6
1626192,2020,13.0
201976,2020,14.3
1627775,2020,8.8
202335,2020,17.2
201988,2020,23.8
202331,2020,34.2
200794,2020,23.4
1628778,2020,15.8
1626188,2020,20.4
1629683,2020,6.5
1629628,2020,22.4
200765,2020,16.3
203526,2020,19.5
1629730,2020,17.8
203493,2020,16.4
202704,2020,24.0
1626158,2020,21.2
201937,2020,19.5
203496,2020,18.9
1629057,2020,18.3
201577,2020,16.8
1629066,2020,14.3
203918,2020,17.3
203585,2020,9.7
1629641,2020,10.1
1626178,2020,17.6
1626220,2020,10.5
200752,2020,22.9
203497,2020,21.3
1629060,2020,20.8
201566,2020,34.0
201583,2020,15.2
1627853,2020,13.1
1629151,2020,18.3
1629635,2020,15.7
1628400,2020,11.2
201586,2020,26.8
203552,2020,23.7
203894,2020,19.8
1628983,2020,26.5
1629003,2020,22.5
1629044,2020,39.1
1627885,2020,20.4
1628414,2020,21.3
1627746,2020,15.6
203524,2020,13.8
203915,2020,31.2
1626169,2020,18.3
1629742,2020,0.0
201939,2020,32.6
1628425,2020,15.5
203500,2020,19.4
1629004,2020,19.1
1628388,2020,17.0
204456,2020,16.2
203933,2020,29.2
1629605,2020,33.3
201959,2020,17.9
1629659,2020,19.1
1629745,2020,12.9
1627752,2020,19.5
1629611,2020,12.4
1629056,2020,21.1
1628390,2020,8.6
203082,2020,25.6
1626179,2020,26.0
200757,2020,9.5
201152,2020,19.4
203648,2020,18.6
1629033,2020,15.4
1628418,2020,24.4
1627748,2020,17.7
204025,2020,13.1
203501,2020,25.2
1627789,2020,19.8
202699,2020,27.6
203107,2020,16.3
1628396,2020,20.1
203503,2020,14.1
1628470,2020,14.5
1629027,2020,38.3
1629682,2020,16.1
1626203,2020,12.2
2772,2020,13.5
203504,2020,22.6
1626168,2020,15.1
202684,2020,19.3
1628972,2020,18.5
203584,2020,17.6
1629660,2020,14.6
1629076,2020,20.2
1629639,2020,23.5
204020,2020,17.7
203092,2020,22.2
1627820,2020,11.5
2199,2020,6.9
1626145,2020,17.7
2617,2020,13.5
1629724,2020,11.1
203506,2020,24.6
1713,2020,15.5
1629738,2020,14.0
1628427,2020,17.5
201961,2020,15.7
1628976,2020,18.4
1629117,2020,12.2
1628411,2020,14.9
202083,2020,13.5
203115,2020,22.3
1629739,2020,0.0
1626161,2020,16.9
1626195,2020,24.6
201163,2020,13.1
1627812,2020,19.4
1629139,2020,15.9
1628380,2020,12.7
203897,2020,34.9
1629668,2020,10.9
1629015,2020,11.1
1629627,2020,36.4
1629597,2020,10.7
203932,2021,21.5
1628988,2021,18.6
1630174,2021,15.5
1627846,2021,21.1
1629690,2021,12.0
201143,2021,24.3
202329,2021,11.5
202692,2021,24.5
1630197,2021,15.5
1629346,2021,14.9
1627936,2021,14.6
203458,2021,19.5
1628035,2021,21.7
1628993,2021,23.6
1628578,2021,19.4
1629599,2021,17.2
2760,2021,16.7
203083,2021,27.0
2738,2021,10.1
203460,2021,4.7
203952,2021,26.0
1629014,2021,22.0
203076,2021,32.8
1630162,2021,28.1
1630264,2021,17.1
1630237,2021,14.8
201229,2021,7.9
1628394,2021,0.0
1629717,2021,20.0
203382,2021,15.6
1630204,2021,0.0
203085,2021,16.5
202340,2021,13.5
1626253,2021,10.4
1628389,2021,27.4
203463,2021,20.8
1627732,2021,20.9
202687,2021,11.9
201933,2021,20.7
1626246,2021,27.8
1626171,2021,25.3
203992,2021,26.6
202711,2021,26.6
1629626,2021,18.4
202954,2021,15.3
203078,2021,39.8
1629634,2021,20.4
1629164,2021,17.9
1627742,2021,33.3
1628968,2021,9.4
1630271,2021,15.0
201572,2021,20.8
1628971,2021,19.0
203998,2021,21.0
1628981,2021,10.4
1627854,2021,23.8
1627741,2021,22.8
1629604,2021,15.9
203468,2021,32.6
1628997,2021,15.6
1629629,2021,18.1
1629244,2021,17.0
1629661,2021,19.4
1628419,2021,22.9
1626166,2021,22.6
1627747,2021,29.3
2546,2021,26.5
1629035,2021,21.0
1630199,2021,18.0
1630216,2021,19.7
1626224,2021,19.6
1628990,2021,14.0
1629718,2021,12.1
1626184,2021,15.1
1629002,2021,21.3
1628449,2021,27.1
1629185,2021,17.8
101108,2021,25.3
1629735,2021,15.9
1626174,2021,30.4
1629643,2021,14.7
203991,2021,24.3
1629632,2021,22.8
1628998,2021,11.7
203469,2021,21.3
1630175,2021,22.7
1629012,2021,33.3
202709,2021,17.1
1626245,2021,12.5
1626156,2021,30.7
201571,2021,18.2
1628391,2021,19.9
1629610,2021,11.8
1629751,2021,18.3
1627745,2021,15.7
203081,2021,38.5
1627814,2021,16.1
1628422,2021,16.3
1629655,2021,22.1
1630187,2021,16.4
1628464,2021,18.8
201568,2021,26.8
201980,2021,16.0
203957,2021,9.3
1627863,2021,15.9
203967,2021,23.8
1629647,2021,20.6
1629636,2021,25.5
203121,2021,16.9
1628021,2021,19.0
202722,2021,20.0
1628368,2021,33.8
1629631,2021,23.9
1629001,2021,21.2
201599,2021,16.2
1627761,2021,14.3
201942,2021,30.7
202326,2021,24.3
1629731,2021,15.0
1629028,2021,23.1
1629686,2021,14.6
1627749,2021,23.6
1626153,2021,17.9
1630166,2021,12.3
203471,2021,23.2
1628372,2021,18.0
1627756,2021,18.7
202324,2021,16.9
1627884,2021,14.6
201565,2021,28.0
1628401,2021,25.2
1630217,2021,19.4
1626164,2021,36.8
1629962,2021,21.4
1630170,2021,15.2
1629653,2021,20.4
1629719,2021,18.1
1628984,2021,23.7
203473,2021,26.4
1629712,2021,6.7
1628415,2021,27.2
1627734,2021,26.5
1628378,2021,38.0
1629743,2021,18.8
1628978,2021,17.4
1627827,2021,15.0
203926,2021,25.6
203110,2021,10.3
1629234,2021,19.4
1629130,2021,20.5
1628407,2021,20.3
2730,2021,19.1
203939,2021,17.0
1629685,2021,14.7
202734,2021,16.2
202334,2021,7.6
1628410,2021,21.1
203901,2021,21.3
1629091,2021,22.5
1630190,2021,22.0
202683,2021,22.3
202339,2021,19.4
201569,2021,28.6
1629672,2021,25.7
101141,2021,21.7
203095,2021,26.9
1630267,2021,13.5
1628402,2021,25.4
1626163,2021,21.0
1628412,2021,15.5
1628373,2021,13.4
1627832,2021,25.9
1630273,2021,13.5
1627788,2021,22.3
1629216,2021,18.1
1630466,2021,18.3
202066,2021,13.0
1629726,2021,15.4
1629109,2021,8.6
203914,2021,17.4
1627780,2021,27.2
1629018,2021,23.7
201588,2021,19.0
1627777,2021,20.4
203507,2021,39.4
203922,2021,15.3
1629048,2021,18.8
201609,2021,24.5
202330,2021,27.5
203476,2021,22.0
1630203,2021,32.7
1629684,2021,12.3
1628960,2021,19.8
204222,2021,0.0
1628977,2021,23.4
203084,2021,21.0
1628385,2021,14.4
202355,2021,25.1
1627740,2021,18.1
1629649,2021,17.4
202697,2021,8.7
1630193,2021,29.0
1629067,2021,8.3
1630171,2021,14.6
1628392,2021,20.5
1630198,2021,18.8
1629676,2021,17.5
1630191,2021,17.8
202738,2021,21.9
202397,2021,14.6
1627826,2021,19.6
200755,2021,21.1
1629630,2021,27.6
203960,2021,19.5
203210,2021,20.6
201580,2021,23.9
203953,2021,20.7
1630183,2021,13.1
203109,2021,17.6
1630256,2021,18.2
1626143,2021,20.2
1630186,2021,19.0
1627774,2021,17.0
1627751,2021,15.5
1628973,2021,24.6
1630223,2021,26.1
1629665,2021,18.5
1629667,2021,18.7
1630188,2021,15.8
1627750,2021,29.4
203516,2021,16.8
201935,2021,32.4
201949,2021,16.6
203263,2021,14.4
1630164,2021,24.5
201162,2021,3.5
1629607,2021,7.1
1628991,2021,29.1
1629020,2021,14.0
1629714,2021,21.3
1628386,2021,21.0
1629633,2021,16.8
1629750,2021,14.6
1629637,2021,21.6
1630206,2021,19.6
1629121,2021,4.8
1627759,2021,34.3
1629658,2021,16.6
1629669,2021,23.0
1628369,2021,35.5
201145,2021,19.3
201952,2021,18.4
203924,2021,31.9
1629725,2021,14.1
203087,2021,22.3
1629010,2021,12.6
1628975,2021,16.7
202710,2021,31.4
203925,2021,21.3
204060,2021,20.6
203954,2021,43.6
1628381,2021,28.8
1629723,2021,15.3
202322,2021,30.3
202685,2021,28.4
1629007,2021,19.1
1628395,2021,8.9
1629648,2021,13.5
203903,2021,32.7
1629162,2021,12.7
1629670,2021,28.4
1629673,2021,29.1
1630182,2021,10.9
1630221,2021,11.7
1628404,2021,15.2
1628367,2021,25.3
1629006,2021,12.4
1626196,2021,19.6
201950,2021,25.3
1629308,2021,12.5
1627823,2021,19.4
203944,2021,31.7
203200,2021,16.1
1628382,2021,19.8
1629713,2021,20.6
1628383,2021,13.4
1629620,2021,11.2
1626159,2021,16.1
203994,2021,22.6
1629752,2021,10.9
1630231,2021,18.4
1629644,2021,10.1
1630211,2021,6.0
1626157,2021,34.5
202695,2021,35.9
1628966,2021,15.0
1629103,2021,22.9
1629640,2021,21.5
1629833,2021,6.8
203482,2021,22.5
1626162,2021,23.2
202689,2021,29.2
1629134,2021,24.3
1629026,2021,17.1
203145,2021,16.7
203484,2021,16.5
201142,2021,37.9
1628989,2021,18.7
1628995,2021,16.9
201567,2021,23.3
1629645,2021,24.1
1626172,2021,10.2
203920,2021,15.2
203114,2021,28.3
1629017,2021,24.6
1630165,2021,12.5
1629681,2021,14.7
1630184,2021,17.7
1628961,2021,9.2
1627739,2021,5.3
204001,2021,31.7
203937,2021,21.3
1629657,2021,16.8
1628398,2021,21.5
200768,2021,23.4
202681,2021,36.5
200746,2021,25.0
1630163,2021,25.3
1630205,2021,15.8
1629013,2021,19.1
204038,2021,20.3
1626204,2021,14.7
1628374,2021,25.0
2544,2021,35.8
1629022,2021,21.1
1628366,2021,21.8
101150,2021,24.8
1629663,2021,23.8
1629652,2021,22.5
1629029,2021,39.1
1629677,2021,18.8
1628379,2021,20.5
1628436,2021,14.2
1630201,2021,18.0
1627763,2021,29.2
1627736,2021,28.1
1630238,2021,13.6
1628370,2021,26.1
1629603,2021,14.0
201188,2021,12.7
202694,2021,24.8
203935,2021,18.8
1628365,2021,22.2
202693,2021,16.2
1630210,2021,22.6
1629716,2021,12.1
1627737,2021,21.0
1628963,2021,25.9
1630222,2021,23.0
203486,2021,18.9
1629680,2021,9.3
1629744,2021,20.0
203521,2021,7.7
203090,2021,11.7
1629622,2021,22.7
1628467,2021,12.6
203086,2021,16.7
1629662,2021,15.9
203487,2021,16.3
1629008,2021,29.6
1628969,2021,20.2
201144,2021,26.0
1628455,2021,20.3
203488,2021,24.4
203118,2021,11.8
1628970,2021,20.8
1629011,2021,15.0
1629671,2021,9.6
1628964,2021,24.1
1628420,2021,19.5
1626149,2021,28.4
1629021,2021,19.8
1629650,2021,18.4
1628539,2021,19.9
1626167,2021,19.4
1630230,2021,16.1
1629642,2021,16.7
1630268,2021,17.0
1630207,2021,20.1
1630233,2021,21.1
1629675,2021,26.9
202357,2021,19.3
203457,2021,10.4
1629651,2021,17.0
1630208,2021,11.2
1629638,2021,24.0
1630185,2021,15.9
201587,2021,14.3
1629740,2021,11.7
203999,2021,37.3
202696,2021,33.8
203943,2021,0.0
1626181,2021,27.6
203658,2021,11.1
1628384,2021,22.8
1630167,2021,18.3
1630168,2021,18.0
1629052,2021,19.8
203490,2021,20.9
200782,2021,6.7
1629023,2021,20.2
1628408,2021,17.2
1627783,2021,28.7
1626192,2021,13.6
201976,2021,16.4
1627775,2021,7.5
202335,2021,16.3
1630172,2021,15.8
201988,2021,20.6
202331,2021,34.0
200794,2021,21.5
1630194,2021,23.5
1628778,2021,17.6
1630202,2021,19.3
1630173,2021,19.5
1626188,2021,22.5
1629683,2021,17.6
1630181,2021,18.8
1629628,2021,24.8
200765,2021,15.2
203526,2021,17.9
1629034,2021,9.1
1629730,2021,22.2
203493,2021,17.9
202704,2021,22.4
1629617,2021,17.5
1626158,2021,23.3
201937,2021,15.3
203496,2021,12.8
1629606,2021,20.0
1629057,2021,20.3
1630218,2021,18.9
201577,2021,21.9
1629066,2021,11.0
203918,2021,12.6
203585,2021,23.2
1629641,2021,9.5
1626178,2021,12.1
1626220,2021,10.7
200752,2021,25.0
203497,2021,22.0
1629060,2021,20.0
201566,2021,27.4
1627853,2021,14.5
1630240,2021,16.5
1630180,2021,21.6
1630241,2021,17.5
1630253,2021,11.4
1629635,2021,15.9
1628400,2021,13.2
201586,2021,23.3
203552,2021,20.6
1628983,2021,33.7
1629003,2021,26.5
1627885,2021,10.3
1628414,2021,9.0
1630219,2021,22.2
203524,2021,10.1
203915,2021,14.2
1626169,2021,12.6
201939,2021,42.6
1628425,2021,16.0
203500,2021,13.2
1629004,2021,19.8
1628388,2021,14.1
204456,2021,15.4
203933,2021,25.0
1629605,2021,15.9
201959,2021,12.7
1629659,2021,21.4
1627752,2021,20.3
1629611,2021,18.1
1629056,2021,23.3
1628390,2021,1.9
203082,2021,25.4
1626179,2021,28.4
201152,2021,23.9
203648,2021,13.8
1630177,2021,17.2
1629033,2021,2.5
1628418,2021,23.6
1627748,2021,19.4
204025,2021,6.0
203501,2021,28.6
1627789,2021,16.5
202699,2021,28.7
203107,2021,16.5
1628396,2021,20.5
203503,2021,12.1
1628470,2021,16.7
1629027,2021,35.7
1630200,2021,16.7
1629682,2021,19.4
1630235,2021,14.2
2772,2021,16.4
203504,2021,21.7
1626168,2021,15.5
202684,2021,15.3
1628972,2021,14.8
1629660,2021,20.9
1630234,2021,9.2
1630189,2021,11.1
1629076,2021,17.2
1629639,2021,24.3
204020,2021,14.7
1630179,2021,9.1
1630169,2021,20.2
1630178,2021,24.9
1626145,2021,17.2
1628962,2021,12.7
2617,2021,66.7
1630176,2021,19.3
203506,2021,28.8
1629738,2021,9.1
1628427,2021,13.7
201961,2021,21.0
1628976,2021,20.9
1629117,2021,14.0
1628411,2021,8.6
202083,2021,11.9
203115,2021,20.1
1630266,2021,0.0
1626161,2021,15.1
1626195,2021,20.1
1630214,2021,17.1
1627812,2021,19.8
1629139,2021,14.2
203897,2021,37.0
1630192,2021,16.0
1629627,2021,37.8
203932,2022,22.9
1630565,2022,5.3
1628988,2022,18.9
1630174,2022,16.4
1630598,2022,16.3
1627846,2022,10.4
1630278,2022,0.0
1629678,2022,14.9
1629958,2022,100.0
201143,2022,17.1
202692,2022,20.1
1630758,2022,9.9
1630197,2022,17.9
1627936,2022,12.8
203458,2022,17.7
1628035,2022,14.1
1628993,2022,12.2
1630578,2022,21.9
1629599,2022,19.0
203083,2022,19.6
2738,2022,9.9
203952,2022,26.0
1629014,2022,28.7
203076,2022,31.1
1630162,2022,29.5
1630264,2022,18.5
1630237,2022,0.0
1629717,2022,16.3
1629083,2022,0.0
1630559,2022,14.8
203085,2022,13.2
202340,2022,13.3
1630245,2022,15.4
1629168,2022,19.8
1628389,2022,28.9
203463,2022,24.3
202687,2022,20.1
201933,2022,17.7
1626246,2022,37.0
1626171,2022,24.4
203992,2022,24.9
202711,2022,28.5
1629626,2022,18.6
1630538,2022,25.6
202954,2022,12.6
203078,2022,31.2
1630527,2022,21.3
1629634,2022,24.6
1629164,2022,16.9
1627742,2022,32.6
202688,2022,23.2
1630314,2022,23.0
1630296,2022,18.9
1630271,2022,15.7
201572,2022,25.2
1628971,2022,17.5
1628981,2022,26.0
1627854,2022,24.3
1627741,2022,24.1
1629604,2022,13.8
203468,2022,30.9
101139,2022,0.0
1630595,2022,26.0
1628997,2022,19.5
1629629,2022,23.5
1630560,2022,23.0
1629661,2022,22.3
1630787,2022,14.9
1628419,2022,25.8
1626166,2022,23.0
1627747,2022,27.1
1630637,2022,7.5
2546,2022,23.8
1629035,2022,13.9
1630199,2022,15.9
1630216,2022,17.9
1627760,2022,0.0
1626224,2022,23.4
1628990,2022,7.7
1629646,2022,19.8
1629718,2022,7.9
1630602,2022,14.2
1627767,2022,15.1
1629002,2022,19.7
1628449,2022,21.9
1629185,2022,8.8
1630537,2022,22.5
101108,2022,21.5
1629735,2022,13.3
1626174,2022,27.4
1629643,2022,16.3
203991,2022,19.3
1629632,2022,22.2
1628998,2022,14.0
203469,2022,18.9
1630175,2022,24.8
1629012,2022,26.5
1630557,2022,17.1
202709,2022,15.8
1628591,2022,17.1
1626156,2022,26.5
201571,2022,15.8
1628391,2022,24.0
1629610,2022,10.5
1630227,2022,13.7
1629751,2022,16.7
1630625,2022,14.1
1627745,2022,21.5
203081,2022,31.7
1627814,2022,17.8
1628422,2022,9.8
1629655,2022,22.7
1630187,2022,15.5
1628464,2022,18.8
201568,2022,22.2
201980,2022,13.1
1627863,2022,16.2
1629647,2022,18.4
1629636,2022,29.7
201954,2022,4.5
1630561,2022,14.7
1630525,2022,0.0
1628021,2022,17.8
1630558,2022,19.8
202722,2022,18.5
1628432,2022,15.1
1630549,2022,24.4
1628368,2022,30.9
1629631,2022,21.5
1629001,2022,22.1
201599,2022,15.6
1627761,2022,13.2
1630610,2022,0.0
201942,2022,37.0
202326,2022,28.5
1629731,2022,13.5
1629028,2022,27.8
1629686,2022,4.9
1627749,2022,28.8
1626153,2022,11.4
1630166,2022,16.6
203471,2022,23.1
1628372,2022,15.3
1627756,2022,14.8
202324,2022,15.1
1627884,2022,15.1
201565,2022,23.9
1628476,2022,8.2
1628401,2022,21.6
1630217,2022,29.0
1626164,2022,36.9
1629962,2022,16.8
1630170,2022,21.1
1629653,2022,16.4
1629719,2022,17.4
1628984,2022,20.2
203473,2022,19.5
1629712,2022,12.9
1628415,2022,31.5
1627734,2022,26.5
1628378,2022,37.2
1628978,2022,17.6
1627827,2022,16.8
203926,2022,22.1
203110,2022,12.4
1629234,2022,20.9
1630613,2022,22.7
1629130,2022,21.0
2730,2022,18.4
203939,2022,20.2
1629685,2022,11.9
202334,2022,6.9
203901,2022,12.9
1630190,2022,13.7
1629150,2022,0.0
1626144,2022,12.0
202683,2022,15.1
202339,2022,18.9
201569,2022,21.4
1629672,2022,21.9
1630647,2022,17.5
203095,2022,23.3
1630596,2022,21.8
1630267,2022,13.5
1630624,2022,0.0
1628402,2022,22.9
1626163,2022,23.9
1628373,2022,16.9
1630532,2022,23.6
1627832,2022,26.5
1630273,2022,8.6
1627788,2022,17.4
1629216,2022,18.3
1628221,2022,15.4
1630466,2022,15.0
1630994,2022,13.3
202066,2022,13.6
1629726,2022,17.8
1629109,2022,12.7
203914,2022,18.7
1627780,2022,19.4
1629018,2022,25.7
201588,2022,12.6
1628994,2022,2.4
1627777,2022,19.6
1630686,2022,19.5
203507,2022,42.2
1629048,2022,22.8
201609,2022,14.8
202330,2022,23.2
203476,2022,19.8
1629684,2022,15.7
1628960,2022,19.1
1630535,2022,16.6
202328,2022,18.2
1628977,2022,23.9
203084,2022,23.2
202355,2022,22.2
1629755,2022,14.5
1629312,2022,12.6
1630529,2022,15.5
1629649,2022,18.5
1630193,2022,24.3
1629067,2022,7.9
1630171,2022,14.6
1628392,2022,22.1
1630543,2022,25.6
1630198,2022,15.7
1630587,2022,15.5
1629676,2022,22.5
1630191,2022,15.8
202738,2022,26.0
1630225,2022,13.0
202397,2022,17.3
1630688,2022,14.0
1627826,2022,20.7
1630550,2022,12.1
1629630,2022,39.1
203210,2022,19.3
1630605,2022,0.0
201580,2022,27.4
203953,2022,22.9
1630183,2022,16.8
1630531,2022,15.4
203109,2022,15.9
1630256,2022,21.1
1630186,2022,20.8
1630693,2022,0.0
1627774,2022,15.9
1627751,2022,22.2
1628973,2022,25.5
1630224,2022,25.4
1630552,2022,19.6
1629667,2022,18.1
1630188,2022,24.4
1630591,2022,20.3
1630547,2022,21.7
203516,2022,24.4
201935,2022,28.6
201949,2022,13.9
1630691,2022,13.4
1630215,2022,21.2
1629607,2022,44.0
1628991,2022,28.2
1629020,2022,13.0
1628386,2022,24.6
1629633,2022,17.9
1629600,2022,8.0
1629602,2022,0.0
1629750,2022,14.8
1630606,2022,12.2
1629637,2022,22.4
1630643,2022,0.0
1630206,2022,17.8
1627759,2022,34.2
1629658,2022,21.0
1628537,2022,5.7
1629669,2022,25.0
1629873,2022,0.0
1628369,2022,36.7
1630288,2022,8.3
201145,2022,20.2
1629203,2022,12.9
203924,2022,29.3
1630526,2022,16.3
203087,2022,20.9
1630579,2022,7.9
1628975,2022,14.4
202710,2022,31.4
1629111,2022,20.9
203925,2022,17.5
204060,2022,14.0
2207,2022,40.0
1630580,2022,14.2
1630555,2022,5.3
203954,2022,44.8
1628381,2022,25.6
1629723,2022,12.7
1630257,2022,0.0
202685,2022,28.8
1630228,2022,26.5
1628395,2022,0.0
203903,2022,28.9
1630692,2022,0.0
1629162,2022,11.8
1629670,2022,19.1
1629673,2022,29.5
1630648,2022,8.2
1630631,2022,18.8
1630528,2022,20.6
1630581,2022,19.1
1630182,2022,14.7
1628404,2022,21.8
1628367,2022,18.9
1629006,2022,11.7
1626196,2022,20.2
1630563,2022,14.1
201950,2022,26.3
1629308,2022,14.6
1627823,2022,14.6
203944,2022,27.9
1626147,2022,15.6
1630551,2022,13.8
203200,2022,17.4
1628382,2022,19.5
1629620,2022,11.9
1626159,2022,16.5
203994,2022,25.9
1629752,2022,7.7
1630231,2022,19.7
1629644,2022,15.7
1630539,2022,16.2
1626157,2022,34.7
1626208,2022,15.5
1628966,2022,16.5
1629103,2022,18.6
1629640,2022,25.3
1629833,2022,13.0
203482,2022,22.5
1626162,2022,26.8
202689,2022,22.1
1629026,2022,16.4
203145,2022,11.3
203484,2022,21.1
1630553,2022,18.5
1630556,2022,13.7
201142,2022,38.1
1628989,2022,19.5
1628995,2022,19.5
201567,2022,28.9
1630698,2022,11.3
1629645,2022,23.4
1626172,2022,13.7
203920,2022,12.2
203114,2022,28.7
1630165,2022,13.2
1629681,2022,12.4
1630184,2022,19.4
202691,2022,32.8
1627739,2022,15.0
204001,2022,34.0
203937,2022,16.3
1629657,2022,18.4
1628398,2022,24.9
200768,2022,19.3
202681,2022,34.7
200746,2022,27.4
1630163,2022,29.0
1630205,2022,18.5
202362,2022,22.3
1629013,2022,18.8
204038,2022,6.1
1626204,2022,15.2
1628374,2022,23.5
2544,2022,38.7
1630195,2022,9.4
1629623,2022,18.3
1630322,2022,19.9
1629022,2022,24.6
1628366,2022,18.0
101150,2022,21.3
1629663,2022,20.0
1629652,2022,25.1
1629029,2022,40.1
1630568,2022,22.6
1628379,2022,21.0
1628436,2022,13.6
1630640,2022,0.0
1630644,2022,15.1
1630201,2022,16.9
1627763,2022,27.7
1630792,2022,15.8
1627736,2022,22.4
1630238,2022,15.3
1628370,2022,23.1
1629005,2022,66.7
1629603,2022,14.8
1630585,2022,5.1
202694,2022,26.0
203935,2022,18.2
1628365,2022,25.2
202693,2022,21.0
1630250,2022,23.0
1630210,2022,33.2
1627737,2022,21.3
1628963,2022,22.9
1630222,2022,24.8
203486,2022,12.6
1629680,2022,11.2
1629760,2022,0.0
1630346,2022,25.0
1629744,2022,16.5
203090,2022,12.0
1629622,2022,22.5
1628467,2022,14.1
1630593,2022,11.9
1628982,2022,13.0
1630695,2022,16.4
1629008,2022,16.0
1628969,2022,19.4
201144,2022,23.0
203488,2022,27.3
1628970,2022,27.0
1630540,2022,11.8
1629011,2022,16.3
1629671,2022,5.2
1628964,2022,19.9
1628420,2022,20.5
1626149,2022,27.5
1629021,2022,27.6
1629650,2022,23.7
1630541,2022,17.8
1630589,2022,15.6
1628539,2022,13.7
1629619,2022,11.7
1626167,2022,21.5
1630230,2022,20.1
1629642,2022,18.4
1630207,2022,0.0
1630233,2022,23.8
1629675,2022,24.4
1629674,2022,17.8
202357,2022,18.3
203457,2022,7.3
1629651,2022,20.2
1630208,2022,19.1
1629638,2022,23.0
201587,2022,16.1
203917,2022,21.4
203999,2022,39.0
202696,2022,25.8
1626181,2022,28.2
203658,2022,14.6
1628384,2022,23.5
1630167,2022,26.0
1630846,2022,17.4
1630209,2022,20.8
1630168,2022,19.2
1629052,2022,18.6
203490,2022,17.6
200782,2022,13.6
1629023,2022,17.9
1628408,2022,13.8
1628238,2022,33.3
1627783,2022,30.0
1626192,2022,18.0
201976,2022,17.2
1630172,2022,17.5
201988,2022,18.7
202331,2022,33.6
200794,2022,14.7
1630194,2022,18.6
1628778,2022,9.3
1630202,2022,21.5
1627822,2022,15.9
1630173,2022,19.1
1629656,2022,17.4
1629683,2022,19.0
1630181,2022,16.5
1629628,2022,28.4
200765,2022,12.5
203526,2022,18.5
1629730,2022,13.0
203493,2022,15.3
202704,2022,26.3
1629617,2022,23.9
1626158,2022,20.6
201937,2022,21.8
1630306,2022,15.0
203496,2022,15.0
1629057,2022,16.6
1630218,2022,7.8
201577,2022,19.8
203918,2022,11.0
203585,2022,17.1
1629641,2022,13.7
1626220,2022,11.6
1630612,2022,11.8
200752,2022,20.6
203497,2022,23.4
1629060,2022,24.4
201566,2022,25.1
1627853,2022,10.1
1630240,2022,16.5
1630180,2022,23.6
1626155,2022,0.0
1630573,2022,19.5
1630241,2022,20.5
1630572,2022,18.0
1630583,2022,17.3
1630567,2022,21.5
1630575,2022,6.7
203816,2022,10.5
1629635,2022,38.9
1628400,2022,11.6
201586,2022,19.7
203552,2022,22.3
1628983,2022,33.4
1629003,2022,18.7
1629783,2022,8.7
1627885,2022,8.2
1630536,2022,8.0
1630219,2022,17.5
203524,2022,2.8
203915,2022,22.7
1626169,2022,14.0
201939,2022,35.1
1628425,2022,12.2
203500,2022,12.7
1629004,2022,17.0
204456,2022,16.6
1629605,2022,9.7
201959,2022,12.1
1629659,2022,18.8
1627752,2022,19.7
1629611,2022,18.3
1629056,2022,27.0
203082,2022,20.6
1626179,2022,27.2
1630678,2022,21.0
201152,2022,18.3
203648,2022,17.1
1630177,2022,19.0
1629033,2022,15.3
1628418,2022,22.3
204025,2022,9.2
203501,2022,23.8
1627789,2022,15.5
202699,2022,24.5
203107,2022,10.7
1628396,2022,13.9
203503,2022,10.9
1628470,2022,15.5
1629027,2022,38.8
1629309,2022,0.0
1630200,2022,16.8
1630544,2022,21.8
1629682,2022,9.0
1630570,2022,19.7
1630235,2022,12.4
1630243,2022,26.4
1630286,2022,24.0
2772,2022,10.1
203504,2022,23.5
1626168,2022,24.3
1630530,2022,18.5
202684,2022,18.5
1628972,2022,12.7
1629660,2022,20.5
1629076,2022,15.9
1629788,2022,0.0
1629639,2022,31.1
204020,2022,8.8
1630179,2022,25.0
1630169,2022,20.9
1630178,2022,24.4
1627820,2022,10.8
1626145,2022,19.4
1628962,2022,19.6
2617,2022,17.9
1630586,2022,9.3
1630176,2022,20.4
203506,2022,27.6
1628427,2022,16.0
1630249,2022,12.9
201961,2022,16.8
1627782,2022,12.2
1628976,2022,24.0
1629117,2022,18.6
1628411,2022,13.3
202083,2022,11.6
203115,2022,22.1
1626161,2022,8.8
1626195,2022,25.5
1629875,2022,19.7
1630270,2022,6.3
1630214,2022,17.2
1629139,2022,17.3
1630582,2022,8.3
1628380,2022,20.0
203897,2022,33.9
1630285,2022,12.4
1630192,2022,18.7
1630533,2022,17.3
1629597,2022,0.0
1630639,2023,23.3
1631260,2023,20.7
1631100,2023,21.3
203932,2023,25.9
1628988,2023,13.6
1630174,2023,19.1
1630598,2023,17.4
1629678,2023,16.5
201143,2023,15.4
202692,2023,26.9
1630197,2023,18.2
1627936,2023,11.4
203458,2023,11.9
1628993,2023,11.1
1631214,2023,0.0
1630578,2023,24.4
1629599,2023,13.0
203083,2023,22.3
2738,2023,6.6
1629614,2023,16.0
203952,2023,24.7
1629014,2023,29.1
203076,2023,35.7
1630162,2023,32.3
1630264,2023,14.8
1630237,2023,16.3
1630559,2023,20.9
203085,2023,11.8
1630245,2023,15.6
1628389,2023,29.1
1627732,2023,12.7
1631097,2023,27.2
202687,2023,14.6
201933,2023,14.4
1631104,2023,12.6
1626246,2023,28.6
1626171,2023,25.4
203992,2023,23.7
202711,2023,31.9
1629626,2023,20.0
1630538,2023,29.4
203078,2023,33.9
1630527,2023,27.1
1629634,2023,23.8
1627742,2023,35.1
1630296,2023,20.0
201572,2023,24.3
1628971,2023,19.6
1628981,2023,18.1
1631121,2023,14.5
1627854,2023,15.3
1631205,2023,8.6
1627741,2023,25.4
203468,2023,28.5
1630595,2023,28.1
1631216,2023,11.3
1628997,2023,16.1
1629629,2023,18.5
1630560,2023,30.2
1629661,2023,26.3
1626166,2023,24.2
1627747,2023,19.7
1630637,2023,16.5
1626224,2023,21.3
1628435,2023,15.6
1629646,2023,18.3
1631320,2023,11.1
1629002,2023,21.2
1628449,2023,22.7
1630537,2023,18.9
101108,2023,21.3
1629735,2023,25.0
1631128,2023,14.7
1631132,2023,10.8
1626174,2023,31.7
1629643,2023,11.8
203991,2023,21.0
1629632,2023,19.6
1628998,2023,12.0
203469,2023,22.0
1630175,2023,24.3
1631306,2023,9.9
1629012,2023,28.2
1630557,2023,18.7
202709,2023,16.8
1626156,2023,26.0
1630227,2023,11.7
1630625,2023,24.1
1631207,2023,18.6
1627745,2023,13.5
203081,2023,42.6
1627814,2023,19.1
1629655,2023,21.1
1628464,2023,21.1
201980,2023,21.1
1627863,2023,15.9
203967,2023,21.3
1629647,2023,17.3
1630620,2023,28.3
1629636,2023,30.0
1630561,2023,17.6
1631223,2023,17.3
1630558,2023,14.8
202722,2023,20.0
1628432,2023,12.2
1630549,2023,19.3
1628368,2023,34.9
1629631,2023,22.6
1629001,2023,17.8
201599,2023,16.4
201942,2023,32.6
1629731,2023,11.3
1629028,2023,28.8
1627749,2023,26.6
1626153,2023,14.6
1630166,2023,16.6
203471,2023,19.7
1628372,2023,16.0
1629126,2023,0.0
1631220,2023,16.0
1627884,2023,16.9
201565,2023,20.9
1628401,2023,21.2
1630217,2023,31.5
1626164,2023,38.7
1630170,2023,27.6
1629653,2023,2.7
1628984,2023,18.9
203473,2023,22.2
1628415,2023,22.3
1627734,2023,26.4
1631230,2023,12.4
1628378,2023,39.0
1631495,2023,40.0
1628978,2023,16.5
1627827,2023,13.6
203926,2023,22.7
203110,2023,12.4
1629234,2023,15.6
1630696,2023,13.3
1630613,2023,29.2
1629130,2023,18.8
203939,2023,17.1
1629685,2023,27.8
1630700,2023,10.2
1628410,2023,23.9
201569,2023,20.4
1630647,2023,20.9
203095,2023,17.3
1630596,2023,23.3
1630267,2023,9.3
1628402,2023,0.0
1626163,2023,17.7
1628373,2023,10.6
1630532,2023,27.0
1627832,2023,25.7
1627788,2023,18.5
1629216,2023,17.8
1628221,2023,20.2
202066,2023,13.8
1629726,2023,17.6
203914,2023,16.1
1627780,2023,13.2
1629018,2023,25.9
201588,2023,13.0
1627777,2023,20.0
203507,2023,44.7
1629048,2023,17.6
201609,2023,19.4
202330,2023,21.6
203476,2023,15.8
1629684,2023,15.2
1628960,2023,17.8
1630535,2023,13.7
1628977,2023,24.4
203084,2023,21.8
1629312,2023,11.9
1630529,2023,16.1
1630193,2023,25.2
1630171,2023,14.6
1628392,2023,11.9
1630543,2023,20.1
1630198,2023,22.8
1630587,2023,13.9
1630600,2023,18.2
1629676,2023,16.8
1630191,2023,19.0
1630225,2023,6.6
202397,2023,12.8
1630688,2023,13.1
1627826,2023,18.4
1631120,2023,13.6
1630550,2023,12.7
1629630,2023,38.4
203210,2023,21.0
201580,2023,24.7
1631095,2023,19.7
1631133,2023,16.2
1631298,2023,15.6
1631367,2023,3.4
1630702,2023,28.0
1631093,2023,25.0
1630183,2023,18.8
1630531,2023,21.6
203109,2023,16.7
1630256,2023,19.8
1631222,2023,11.9
1627751,2023,22.5
1628973,2023,33.6
1631105,2023,17.5
1630224,2023,30.8
1630552,2023,17.7
1629667,2023,18.5
1630188,2023,23.2
1630591,2023,19.9
1631114,2023,21.5
1631288,2023,19.2
1627750,2023,29.4
1631123,2023,10.9
1630547,2023,17.4
201935,2023,28.4
201949,2023,14.5
1630164,2023,24.7
1630215,2023,23.0
1631197,2023,11.0
1628991,2023,30.5
1629020,2023,15.7
1629714,2023,27.2
1628386,2023,21.7
1629633,2023,14.9
1630554,2023,15.7
1629750,2023,16.2
1629637,2023,17.9
1630643,2023,24.1
1630206,2023,20.0
1627759,2023,35.5
1629669,2023,25.7
1631119,2023,14.8
1628369,2023,39.2
1630288,2023,11.7
201145,2023,19.4
203924,2023,27.8
1630526,2023,16.6
1631110,2023,19.8
1630579,2023,10.8
1628975,2023,16.8
202710,2023,33.9
1629111,2023,22.0
203925,2023,17.6
204060,2023,13.9
1630580,2023,8.3
203954,2023,47.1
1631219,2023,9.2
1628381,2023,20.5
1629723,2023,11.4
202322,2023,23.9
1631098,2023,18.0
1630548,2023,17.1
202685,2023,27.2
1628371,2023,21.6
1630228,2023,22.3
203903,2023,30.5
1630692,2023,17.4
1631160,2023,16.0
1629162,2023,10.7
1629670,2023,21.1
1629673,2023,31.3
1630648,2023,25.0
1630631,2023,19.8
1630528,2023,22.6
1630581,2023,24.8
1630182,2023,17.2
1628404,2023,14.6
1631169,2023,20.8
1629006,2023,18.8
1626196,2023,19.9
1630563,2023,13.7
201950,2023,27.5
1629308,2023,10.2
1627823,2023,9.6
1630577,2023,23.7
203944,2023,34.7
1630551,2023,15.9
203200,2023,13.3
1628382,2023,9.0
1631303,2023,8.7
1626159,2023,12.3
203994,2023,24.0
1630231,2023,21.4
1629644,2023,8.5
1630539,2023,13.4
1626157,2023,29.4
202695,2023,34.5
1631099,2023,19.4
1628966,2023,20.7
1629640,2023,31.7
203482,2023,20.8
1626162,2023,29.7
202689,2023,24.5
1631112,2023,9.3
1629134,2023,23.8
1631113,2023,13.0
1631254,2023,32.7
1629026,2023,16.7
203484,2023,16.5
1631165,2023,16.3
1630553,2023,21.3
1630556,2023,12.3
201142,2023,39.5
1628989,2023,24.7
1628995,2023,20.1
201567,2023,19.9
1629645,2023,26.8
1630284,2023,14.7
1626172,2023,13.8
203920,2023,13.1
203114,2023,28.1
1630165,2023,17.5
1630184,2023,22.8
202691,2023,30.5
1628424,2023,8.2
1627739,2023,23.4
204001,2023,34.3
203937,2023,15.6
1628398,2023,29.0
200768,2023,17.7
202681,2023,35.3
1630163,2023,30.5
1630205,2023,14.6
1629013,2023,20.4
1626204,2023,15.2
1628374,2023,35.4
2544,2023,37.8
1630195,2023,4.0
1631311,2023,24.4
1629623,2023,26.7
1630322,2023,18.6
1629022,2023,23.3
1629663,2023,32.3
1629652,2023,20.8
1629029,2023,43.9
1630568,2023,33.3
1629677,2023,19.5
1628379,2023,19.8
1628436,2023,15.4
1630644,2023,27.2
1630201,2023,17.2
1631103,2023,19.9
1627763,2023,27.6
1630792,2023,21.7
1627736,2023,23.0
1628370,2023,28.0
1629603,2023,16.5
1630699,2023,17.6
202694,2023,19.5
203935,2023,17.2
1631109,2023,21.9
1628365,2023,22.3
202693,2023,16.8
1630250,2023,12.2
1628963,2023,24.4
203486,2023,19.6
1629680,2023,11.5
1630346,2023,17.7
203521,2023,10.0
1631108,2023,11.6
1629622,2023,19.9
1628467,2023,11.5
1630593,2023,16.3
203086,2023,17.5
1629662,2023,8.3
1630695,2023,20.2
203487,2023,18.5
1630701,2023,0.0
1629008,2023,28.6
1628969,2023,27.5
201144,2023,18.9
203488,2023,18.6
1630540,2023,14.1
1629011,2023,13.6
1628964,2023,20.4
1628420,2023,18.1
1626149,2023,22.4
1629021,2023,25.4
1629650,2023,24.8
1630541,2023,17.1
1631217,2023,14.3
1626167,2023,28.9
1630230,2023,18.5
1629642,2023,17.8
1631466,2023,19.0
1630233,2023,21.5
1629675,2023,28.8
1629674,2023,17.4
203457,2023,8.2
1629651,2023,20.7
1630208,2023,20.6
1629638,2023,19.2
201587,2023,13.2
203999,2023,34.7
1631107,2023,19.4
202696,2023,25.4
203943,2023,7.0
1626181,2023,30.7
1628384,2023,23.0
1630167,2023,22.4
1630534,2023,18.0
1630846,2023,15.1
1630209,2023,22.2
1630168,2023,20.2
1631115,2023,13.5
1629052,2023,17.2
203490,2023,14.5
1631172,2023,15.8
200782,2023,6.9
1629023,2023,22.4
1628408,2023,12.9
1631094,2023,28.2
1627783,2023,31.7
1626192,2023,14.9
1631116,2023,25.1
201976,2023,11.0
1630172,2023,17.2
201988,2023,20.1
202331,2023,33.5
1630194,2023,18.3
1630202,2023,20.3
1631212,2023,19.6
1630173,2023,21.8
1629656,2023,18.5
1631245,2023,18.5
1630181,2023,19.4
1629628,2023,28.1
1630564,2023,21.9
203526,2023,15.4
203493,2023,11.7
202704,2023,20.4
1626158,2023,17.5
201937,2023,14.7
203496,2023,17.6
1629057,2023,16.3
201577,2023,18.2
203585,2023,16.6
1629641,2023,16.4
1631199,2023,20.8
1626220,2023,13.6
200752,2023,16.7
203497,2023,21.0
1629060,2023,22.5
201566,2023,25.1
1627853,2023,6.8
1631157,2023,16.7
1630240,2023,18.7
1630180,2023,23.4
1630573,2023,18.7
1630241,2023,20.8
1630572,2023,18.5
1630583,2023,19.3
1630567,2023,21.4
1630590,2023,21.2
201586,2023,17.2
203552,2023,22.1
1631101,2023,21.1
1628983,2023,41.0
1629003,2023,19.2
1627885,2023,16.8
1631323,2023,19.5
1630219,2023,22.2
203915,2023,25.1
1626169,2023,17.3
1630649,2023,50.0
201939,2023,38.8
1628425,2023,0.0
203500,2023,15.1
1629004,2023,22.3
204456,2023,19.6
203933,2023,21.5
201959,2023,16.8
1629659,2023,24.7
1631106,2023,20.2
1627752,2023,19.0
1629611,2023,18.5
1629056,2023,23.8
203082,2023,18.7
1626179,2023,28.2
1630678,2023,15.5
201152,2023,14.6
203648,2023,11.3
1630177,2023,16.1
1629033,2023,13.6
1628418,2023,25.1
203501,2023,23.3
202699,2023,22.1
1628396,2023,23.2
1628470,2023,14.6
1629027,2023,34.6
1630200,2023,20.6
1630544,2023,20.3
1630570,2023,18.6
1630235,2023,8.9
1630243,2023,13.8
1631309,2023,15.8
1631211,2023,15.8
1626168,2023,21.1
1630530,2023,22.3
1628972,2023,13.7
1629660,2023,17.7
1631102,2023,15.9
1628416,2023,52.9
1629639,2023,28.4
1630169,2023,29.1
1631213,2023,15.6
1630178,2023,29.7
1626145,2023,19.8
1628962,2023,15.9
2617,2023,17.6
1630586,2023,10.9
1630176,2023,9.5
203506,2023,19.9
1631246,2023,13.5
1628427,2023,16.1
1630249,2023,10.3
1631117,2023,18.9
1628976,2023,24.7
1631111,2023,12.3
1629117,2023,16.9
202083,2023,10.0
203115,2023,18.3
1626195,2023,26.3
1641645,2023,13.4
1629875,2023,17.9
1630270,2023,16.3
1630214,2023,17.0
1629139,2023,16.4
1628380,2023,23.4
203897,2023,33.3
1630192,2023,18.6
1630533,2023,17.6
1629627,2023,37.1
1630639,2024,19.4
1631260,2024,19.9
1631100,2024,12.6
203932,2024,21.6
1628988,2024,19.0
1630174,2024,20.6
1630598,2024,21.2
1641745,2024,9.7
1641766,2024,25.0
1629678,2024,14.7
201143,2024,15.7
202692,2024,27.1
1630197,2024,17.6
1627936,2024,17.0
1641788,2024,17.0
203458,2024,12.8
1631214,2024,13.2
1630578,2024,31.4
1641735,2024,17.4
1641708,2024,20.0
1629599,2024,15.1
203083,2024,24.0
1641748,2024,10.2
1641847,2024,0.0
1629614,2024,17.4
203952,2024,23.2
1629014,2024,32.2
1641710,2024,13.0
203076,2024,32.7
1630162,2024,36.1
1630264,2024,18.8
1629717,2024,19.7
1630204,2024,12.6
1641709,2024,16.7
1630559,2024,23.3
1630245,2024,20.4
1628389,2024,27.8
1641767,2024,14.3
1627732,2024,12.1
1631097,2024,25.7
1641731,2024,14.4
202687,2024,10.6
1631104,2024,14.1
1626246,2024,28.5
1626171,2024,26.9
203992,2024,26.2
202711,2024,28.3
1629626,2024,22.6
1630538,2024,22.8
203078,2024,26.2
1641764,2024,16.6
1630527,2024,23.1
1629634,2024,23.9
1627742,2024,30.8
1641706,2024,26.2
1630314,2024,21.9
1630296,2024,16.5
1641729,2024,19.5
201572,2024,19.3
1628971,2024,18.2
1628981,2024,20.0
1631121,2024,16.5
1631205,2024,19.3
1627741,2024,22.1
203468,2024,29.5
1630595,2024,32.3
1631216,2024,15.4
1628997,2024,18.1
1629629,2024,12.2
1630560,2024,34.3
1641715,2024,30.5
1629661,2024,23.5
1626166,2024,21.1
1627747,2024,23.4
1641717,2024,15.7
1626224,2024,17.7
1629646,2024,13.8
1629718,2024,8.2
1631096,2024,26.3
1629002,2024,18.5
1628449,2024,22.1
1630537,2024,15.5
1641753,2024,13.2
101108,2024,16.7
1631128,2024,17.7
1626174,2024,18.8
1629643,2024,12.2
203991,2024,21.0
1629632,2024,25.8
1628998,2024,13.7
203469,2024,10.9
1641732,2024,16.0
1630175,2024,25.4
1631306,2024,23.3
1630658,2024,19.2
1631221,2024,18.5
1629012,2024,33.1
1630557,2024,23.9
202709,2024,10.0
1641854,2024,21.7
1626156,2024,25.6
1641793,2024,15.9
1630618,2024,13.6
1628391,2024,33.3
1629610,2024,14.4
1630227,2024,22.7
1630625,2024,25.9
1631207,2024,12.8
1627745,2024,19.5
203081,2024,32.4
1629655,2024,20.9
1628464,2024,17.8
201568,2024,21.0
201980,2024,0.0
203957,2024,18.5
1627863,2024,13.4
203967,2024,22.4
1641727,2024,5.5
1629647,2024,15.2
1629636,2024,26.4
1630561,2024,23.4
1631223,2024,17.1
1630558,2024,16.5
202722,2024,20.8
1630549,2024,21.9
1628368,2024,34.9
1629631,2024,25.2
1629001,2024,19.5
201599,2024,17.7
1630610,2024,13.9
201942,2024,31.1
1629731,2024,12.7
1629028,2024,25.3
1627749,2024,29.8
1626153,2024,13.5
1630166,2024,22.3
203471,2024,22.0
1628372,2024,17.1
1641726,2024,17.7
1631220,2024,12.0
1627884,2024,17.4
201565,2024,22.6
1628401,2024,22.4
1630217,2024,32.8
1626164,2024,36.1
1630170,2024,27.6
1628984,2024,17.2
1641926,2024,30.1
1628415,2024,19.8
1631376,2024,0.0
1627734,2024,26.2
1631230,2024,16.2
1628378,2024,36.1
1628978,2024,26.4
1627827,2024,14.7
203926,2024,17.8
203110,2024,14.8
1629234,2024,15.6
1641809,2024,22.0
1630696,2024,14.4
1629130,2024,22.4
1641871,2024,24.8
203939,2024,11.6
1629685,2024,18.9
1630700,2024,12.5
1630604,2024,7.5
1641734,2024,15.2
201569,2024,18.9
1630647,2024,23.4
203095,2024,18.0
1630596,2024,24.5
1630196,2024,15.0
1628373,2024,5.6
1630532,2024,29.6
1627832,2024,22.8
1627788,2024,13.5
1641713,2024,27.3
1629216,2024,7.2
202066,2024,14.4
1629726,2024,15.5
203914,2024,14.0
1627780,2024,16.4
1629018,2024,23.4
1627777,2024,20.4
203507,2024,40.8
1629048,2024,16.0
202330,2024,19.1
1641711,2024,18.9
1629684,2024,17.7
1628960,2024,19.4
1630535,2024,16.0
1630611,2024,20.0
1628977,2024,18.2
203084,2024,20.0
1628385,2024,26.3
1629312,2024,14.6
1630929,2024,16.2
1630529,2024,17.6
1641816,2024,17.7
1630641,2024,7.2
1630193,2024,27.8
1630171,2024,16.9
1628392,2024,15.0
1630543,2024,22.9
1630198,2024,20.2
1630587,2024,11.3
1630600,2024,16.0
1630191,2024,16.9
202738,2024,19.0
1631209,2024,25.0
202397,2024,9.0
1630688,2024,16.0
1627826,2024,21.9
1631167,2024,50.0
1631120,2024,18.6
1630550,2024,12.2
1629630,2024,33.5
201580,2024,24.6
1631095,2024,20.7
1631133,2024,18.3
1631298,2024,4.4
1631367,2024,12.2
1631210,2024,17.3
1630702,2024,24.8
1631093,2024,25.2
1630183,2024,17.7
1630531,2024,15.6
203109,2024,12.8
1630256,2024,12.2
1630186,2024,18.1
1631170,2024,20.6
1631222,2024,22.7
1627751,2024,20.1
1628973,2024,40.2
1630622,2024,0.0
1631105,2024,22.5
1630224,2024,29.6
1641720,2024,14.5
1630552,2024,21.9
1629667,2024,14.8
1629618,2024,16.3
1641771,2024,10.7
1630188,2024,26.9
1630591,2024,22.4
1631114,2024,28.5
1630592,2024,15.8
1631288,2024,18.0
1627750,2024,33.0
1631123,2024,10.6
1630547,2024,30.1
201935,2024,23.9
201949,2024,7.8
1630164,2024,19.3
1641716,2024,16.2
1630215,2024,20.6
1631197,2024,16.2
1628991,2024,33.6
1629020,2024,12.0
1628386,2024,25.4
1630554,2024,7.9
1631241,2024,17.9
1629750,2024,23.3
1630606,2024,0.0
1629637,2024,16.1
1630643,2024,20.2
1627759,2024,33.0
1629669,2024,18.1
1631119,2024,14.6
1628369,2024,36.6
1630288,2024,17.8
201145,2024,18.5
203924,2024,30.2
1630526,2024,16.2
1631110,2024,18.5
1630579,2024,8.1
1631257,2024,14.7
1629010,2024,17.3
1641724,2024,19.7
1628975,2024,17.2
202710,2024,30.2
1629111,2024,16.8
203925,2024,10.5
204060,2024,12.3
203954,2024,49.2
1628381,2024,25.6
1629723,2024,9.8
1631098,2024,11.3
1630548,2024,19.2
202685,2024,25.3
1628371,2024,21.0
1630228,2024,28.7
1629007,2024,14.8
203903,2024,26.6
1630259,2024,26.7
1630692,2024,17.0
1641722,2024,21.4
1629162,2024,14.9
1641757,2024,20.6
1629670,2024,23.4
1629673,2024,26.5
1641775,2024,8.9
1630631,2024,18.6
1630581,2024,22.9
1630182,2024,14.8
1628404,2024,14.1
1631169,2024,22.9
1629006,2024,13.8
1626196,2024,18.7
1630563,2024,8.3
201950,2024,18.5
1629308,2024,6.4
1631262,2024,22.4
1630577,2024,16.0
1641763,2024,13.2
1631124,2024,19.5
203944,2024,32.8
1630551,2024,17.4
203200,2024,13.1
1628382,2024,0.0
1631303,2024,7.9
203994,2024,19.2
1630231,2024,14.2
1629232,2024,0.0
1626157,2024,32.4
202695,2024,34.0
1631099,2024,21.8
1628966,2024,14.4
1629640,2024,24.6
203482,2024,20.4
1626162,2024,24.7
1631112,2024,15.7
1631254,2024,22.5
1629026,2024,15.1
203484,2024,15.6
1631165,2024,15.4
1630553,2024,24.2
1630556,2024,16.0
201142,2024,34.8
1628989,2024,19.9
1628995,2024,18.5
201567,2024,25.4
1630284,2024,28.6
1626172,2024,13.5
1641749,2024,7.9
1641718,2024,22.8
203114,2024,26.1
1630165,2024,13.4
1630184,2024,15.7
202691,2024,28.3
1641738,2024,10.8
1641723,2024,19.5
1628424,2024,14.4
1627739,2024,13.4
1631200,2024,13.5
204001,2024,32.3
203937,2024,13.7
1628398,2024,31.6
200768,2024,14.2
202681,2024,34.9
1630163,2024,34.6
1630205,2024,23.8
1629013,2024,20.8
1626204,2024,13.9
1628374,2024,32.9
2544,2024,34.4
1641778,2024,11.8
1631159,2024,23.6
1631311,2024,19.5
1629623,2024,35.3
1630322,2024,22.9
1629022,2024,26.7
1629652,2024,18.1
1629029,2024,42.9
1630568,2024,35.5
1629677,2024,20.4
1628379,2024,20.7
1628436,2024,16.9
1630201,2024,20.9
1631103,2024,20.0
1627763,2024,26.4
1630608,2024,0.0
1627736,2024,17.8
1628370,2024,27.9
1642013,2024,8.6
1629603,2024,23.5
1641970,2024,18.6
1630699,2024,16.1
202694,2024,18.9
1631204,2024,20.4
203935,2024,22.4
1631109,2024,22.9
1628365,2024,17.9
202693,2024,13.8
1641806,2024,28.6
1629716,2024,14.5
1628963,2024,25.8
1630222,2024,12.3
203486,2024,17.2
1629680,2024,11.5
1630562,2024,13.7
1630346,2024,18.0
1631108,2024,13.8
1629622,2024,18.3
1628467,2024,10.3
1641721,2024,4.8
1630695,2024,13.7
1629008,2024,25.8
1628969,2024,27.4
201144,2024,19.5
203488,2024,12.1
1628970,2024,27.3
1630540,2024,21.4
1629011,2024,11.2
1628964,2024,16.8
1628420,2024,16.7
1629021,2024,29.8
1629650,2024,17.9
1630541,2024,21.9
1631338,2024,10.2
1631243,2024,15.2
1631217,2024,22.3
1626167,2024,29.6
1630230,2024,17.7
1629642,2024,15.7
1630207,2024,19.2
1631466,2024,22.0
1641877,2024,5.2
1629675,2024,26.6
1629674,2024,22.5
1629651,2024,19.5
1630208,2024,18.3
1641733,2024,20.4
1629638,2024,16.4
201587,2024,10.2
203999,2024,37.2
1631107,2024,19.3
202696,2024,25.9
1641730,2024,17.3
1626181,2024,25.4
1628384,2024,20.9
1630167,2024,22.3
1630534,2024,13.1
1630846,2024,16.4
1641765,2024,16.4
1630209,2024,19.3
1641931,2024,14.3
1630168,2024,18.6
1631115,2024,16.0
1631131,2024,27.7
1629052,2024,15.3
203490,2024,10.4
1631172,2024,17.5
200782,2024,5.2
1629023,2024,20.2
1631094,2024,31.5
1627783,2024,31.1
1626192,2024,12.1
1630311,2024,7.1
1631116,2024,15.6
201976,2024,15.1
1630172,2024,17.9
201988,2024,14.6
202331,2024,32.9
1630194,2024,18.6
1630202,2024,21.4
1631250,2024,5.8
1631212,2024,17.5
1630173,2024,17.4
1629656,2024,17.3
1631245,2024,8.3
1630181,2024,6.3
1629628,2024,30.1
1630564,2024,28.0
1641712,2024,11.8
203493,2024,10.9
202704,2024,22.0
1626158,2024,16.8
1641741,2024,28.0
203496,2024,12.7
1629057,2024,16.3
201577,2024,12.6
1631199,2024,0.0
1626220,2024,14.9
203497,2024,20.2
1629060,2024,23.7
201566,2024,23.2
1627853,2024,0.0
1631157,2024,25.1
1630240,2024,18.1
1630180,2024,19.7
1630573,2024,20.0
1630241,2024,22.2
1630572,2024,19.3
1630583,2024,19.7
1628426,2024,20.7
1630703,2024,23.9
1630567,2024,27.0
1630590,2024,24.6
203552,2024,17.4
1641754,2024,12.6
1631101,2024,23.3
1628983,2024,41.4
1629003,2024,17.1
1627885,2024,15.4
1631321,2024,14.6
1631323,2024,19.7
1630219,2024,17.3
203915,2024,17.7
1630649,2024,19.3
201939,2024,37.9
1629004,2024,19.1
204456,2024,26.1
203933,2024,15.0
201959,2024,7.9
1629659,2024,24.4
1631106,2024,21.3
1627752,2024,15.5
1641707,2024,16.2
1631386,2024,19.6
1629611,2024,17.3
1631173,2024,26.0
1626179,2024,28.8
1630678,2024,11.7
201152,2024,15.2
203648,2024,9.7
1630177,2024,12.7
1628418,2024,24.0
203501,2024,25.2
1641851,2024,5.1
202699,2024,24.7
1628470,2024,14.2
1641787,2024,13.4
1641739,2024,14.7
1629027,2024,32.8
1631218,2024,22.7
1630200,2024,16.8
1630544,2024,19.0
1630570,2024,24.5
1630235,2024,9.8
1630243,2024,12.0
1641998,2024,14.7
1626168,2024,17.3
1630530,2024,24.0
202684,2024,14.4
1641774,2024,25.3
1628972,2024,14.2
1629660,2024,13.3
1631102,2024,11.2
1629639,2024,30.3
1630169,2024,29.0
1630178,2024,33.6
1626145,2024,18.8
1628962,2024,14.6
1630586,2024,7.0
203995,2024,17.6
1641705,2024,33.5
1631246,2024,17.6
1630249,2024,12.2
1631117,2024,16.5
1628976,2024,21.1
1631111,2024,10.0
1629117,2024,10.4
202083,2024,12.7
1629875,2024,12.8
1630214,2024,14.1
1629139,2024,12.1
1628380,2024,23.9
203897,2024,27.4
1630285,2024,12.5
1630192,2024,15.8
1630533,2024,19.5
1629627,2024,34.3
1630639,2025,22.5
1631260,2025,15.5
1642358,2025,16.4
203932,2025,24.4
1628988,2025,20.1
1630174,2025,22.8
1630598,2025,24.7
1641745,2025,15.4
1641766,2025,16.7
1641737,2025,17.7
1642349,2025,18.7
201143,2025,15.9
202692,2025,20.2
1627936,2025,17.2
1642505,2025,13.5
203458,2025,9.3
1642024,2025,16.2
1642259,2025,22.1
1631214,2025,71.4
1630578,2025,29.1
1641708,2025,21.0
1629599,2025,19.3
203083,2025,19.0
1641748,2025,11.1
1629614,2025,16.5
203952,2025,28.1
1629014,2025,28.3
1641710,2025,19.1
203076,2025,35.9
1630162,2025,37.0
1630264,2025,15.4
1641817,2025,15.7
1641810,2025,22.0
1630574,2025,10.4
1642422,2025,9.7
1641709,2025,21.0
1630559,2025,27.8
1630245,2025,18.6
1628389,2025,26.0
1631248,2025,14.8
1641767,2025,12.6
1627732,2025,11.2
1631097,2025,25.4
1641731,2025,17.4
202687,2025,13.1
1631104,2025,15.0
1626171,2025,25.9
1641752,2025,17.9
203992,2025,20.4
1629626,2025,25.4
1630538,2025,30.4
203078,2025,25.4
1642382,2025,23.1
1641764,2025,20.8
1630527,2025,21.7
1629634,2025,20.3
1627742,2025,33.1
1641706,2025,29.8
1630314,2025,25.8
1630296,2025,10.0
1641729,2025,25.0
1642355,2025,16.5
201572,2025,19.5
1628971,2025,17.7
1628981,2025,19.0
1631121,2025,18.8
1642267,2025,15.3
1627741,2025,23.2
203468,2025,30.5
1630595,2025,35.2
1631216,2025,15.0
1628997,2025,14.2
1642353,2025,14.3
1629629,2025,8.5
1642285,2025,19.5
1630560,2025,38.3
1641715,2025,27.6
1629661,2025,29.3
1626166,2025,22.0
1627747,2025,22.6
1641717,2025,14.3
1629646,2025,19.0
1631096,2025,25.3
1628449,2025,28.1
1630537,2025,20.9
1641753,2025,13.0
101108,2025,15.0
1631128,2025,21.6
1631132,2025,12.5
1629643,2025,13.1
203991,2025,19.0
1629632,2025,28.1
1628998,2025,14.5
1642262,2025,10.1
1641732,2025,14.7
1630175,2025,25.0
1631306,2025,15.9
1630658,2025,13.4
1631221,2025,20.5
1629012,2025,31.2
1630557,2025,20.5
202709,2025,14.1
1641854,2025,17.3
1642385,2025,11.5
1626156,2025,23.7
1630618,2025,3.8
1629610,2025,14.5
1631342,2025,28.5
1630227,2025,3.2
1630625,2025,23.8
1631207,2025,14.9
1642261,2025,23.0
203081,2025,32.8
1641878,2025,14.2
1627814,2025,26.1
1629655,2025,27.0
1628464,2025,12.2
1642450,2025,16.3
203957,2025,22.1
203967,2025,12.8
1641727,2025,21.6
1629636,2025,31.7
1630561,2025,21.6
1631223,2025,17.2
1630558,2025,14.1
1630549,2025,21.4
1628368,2025,30.6
1629631,2025,28.6
1629001,2025,23.4
201599,2025,14.5
201942,2025,29.8
1629731,2025,12.1
1629028,2025,23.1
1627749,2025,25.0
1626153,2025,9.6
1630166,2025,27.2
203471,2025,22.3
1641726,2025,18.0
1627884,2025,20.1
1628401,2025,23.8
1630217,2025,27.6
1626164,2025,33.4
1642269,2025,16.6
1630170,2025,25.0
1628415,2025,21.4
1641794,2025,11.6
1627734,2025,26.5
1631230,2025,18.0
1642270,2025,15.6
1628378,2025,35.7
1628978,2025,21.6
1627827,2025,14.8
203926,2025,20.2
203110,2025,14.6
1629234,2025,17.5
1641809,2025,14.4
1631166,2025,20.5
1630696,2025,15.5
1629130,2025,22.3
1641871,2025,19.2
203939,2025,9.7
1630700,2025,19.3
1630604,2025,17.1
203901,2025,7.9
1641989,2025,11.1
1641801,2025,18.5
1641734,2025,22.7
1642402,2025,11.2
201569,2025,16.6
1630596,2025,28.6
1630532,2025,35.2
1627832,2025,19.6
1641713,2025,21.4
1629216,2025,14.4
202066,2025,10.6
1629726,2025,19.4
203914,2025,9.9
1627780,2025,20.4
1629018,2025,20.7
1627777,2025,21.6
203507,2025,42.7
1629048,2025,17.6
1641711,2025,23.2
1629684,2025,16.7
1628960,2025,20.9
1627824,2025,20.0
1630611,2025,14.3
203084,2025,21.7
1631127,2025,5.3
1629312,2025,13.0
1630529,2025,15.1
1641816,2025,15.5
1630193,2025,29.1
1642403,2025,20.6
1630171,2025,15.4
1642268,2025,15.7
1642384,2025,13.0
1628392,2025,19.0
1630543,2025,19.0
1630198,2025,22.1
1630600,2025,14.6
1641815,2025,0.0
1630191,2025,14.3
1631209,2025,21.9
1627826,2025,24.9
1631120,2025,18.2
1630550,2025,13.8
1629630,2025,34.6
1642266,2025,19.4
1631095,2025,19.6
1631133,2025,19.3
1629098,2025,14.3
1642050,2025,18.0
1631210,2025,14.6
1630702,2025,25.5
1631093,2025,28.3
1630183,2025,18.8
1630531,2025,14.0
203109,2025,10.7
1630256,2025,15.0
1626143,2025,0.0
1642443,2025,15.7
1631170,2025,20.1
1631222,2025,15.7
1627751,2025,23.2
1641779,2025,14.3
1628973,2025,36.0
1631105,2025,21.5
1630224,2025,30.7
1641720,2025,15.8
1630552,2025,23.8
1629667,2025,0.0
1629618,2025,14.5
1630188,2025,24.7
1630591,2025,27.5
1631114,2025,31.3
1630592,2025,18.2
1631288,2025,18.6
1627750,2025,28.3
1642347,2025,17.0
1631123,2025,13.1
201935,2025,31.4
201949,2025,10.4
1630164,2025,54.5
1642419,2025,18.9
1641716,2025,18.1
1630215,2025,24.2
1642272,2025,29.1
1631197,2025,24.3
1628991,2025,33.7
1629020,2025,12.1
1628386,2025,22.7
1629750,2025,13.0
1629637,2025,16.6
1630643,2025,26.3
1627759,2025,31.6
1641740,2025,14.8
1641798,2025,15.5
1629669,2025,19.8
1631301,2025,17.9
1642377,2025,18.5
1631119,2025,16.6
1642281,2025,17.5
1628369,2025,36.0
1641789,2025,18.2
1630288,2025,22.1
201145,2025,20.8
203924,2025,21.3
1630526,2025,16.1
1631110,2025,21.4
1630579,2025,7.6
1642399,2025,0.0
1641724,2025,18.3
1628975,2025,21.3
202710,2025,26.7
1629111,2025,18.6
204060,2025,6.0
203954,2025,37.7
1628381,2025,29.3
1629723,2025,9.2
1631098,2025,15.1
1642277,2025,12.2
1630548,2025,21.1
202685,2025,26.2
1628371,2025,17.0
1630228,2025,30.2
1642367,2025,14.2
203903,2025,29.3
1630692,2025,14.3
1641722,2025,21.7
1629162,2025,15.1
1641757,2025,17.4
1629673,2025,32.1
1641775,2025,10.0
1630631,2025,20.3
1630528,2025,17.7
1630581,2025,22.2
1630182,2025,12.9
1628404,2025,17.8
1631169,2025,19.7
1629006,2025,22.1
1626196,2025,10.2
201950,2025,17.5
1630577,2025,19.8
1641763,2025,15.1
1631124,2025,19.8
203944,2025,28.2
1630551,2025,18.9
1642348,2025,18.6
1631303,2025,8.3
203994,2025,20.4
1630231,2025,14.3
1642354,2025,16.3
1630539,2025,20.3
1626157,2025,33.7
1631255,2025,19.4
202695,2025,33.3
1630811,2025,15.6
1631099,2025,17.4
1631232,2025,20.2
1642276,2025,20.4
1629640,2025,25.0
203482,2025,20.7
1626162,2025,21.2
1629026,2025,18.3
203484,2025,14.7
1631165,2025,16.7
1630553,2025,21.2
1642352,2025,19.6
1630556,2025,12.9
201142,2025,35.1
1628989,2025,19.0
1628995,2025,25.4
201567,2025,22.6
1641755,2025,9.4
1629645,2025,24.8
1626172,2025,14.4
1641718,2025,25.3
203114,2025,23.8
1630165,2025,15.8
202691,2025,24.4
1641738,2025,13.9
1641723,2025,19.3
1627739,2025,12.9
1631200,2025,12.9
204001,2025,32.4
203937,2025,17.1
1642271,2025,21.2
1628398,2025,23.2
200768,2025,10.1
1630283,2025,12.3
202681,2025,32.7
1642273,2025,15.2
1630163,2025,37.3
1630205,2025,22.9
1629013,2025,18.1
1626204,2025,20.1
1628374,2025,28.5
2544,2025,33.3
1631159,2025,27.8
1631311,2025,21.4
1641857,2025,7.1
1630322,2025,15.9
1629022,2025,24.5
1628366,2025,15.6
1629652,2025,16.4
1629029,2025,38.1
1630568,2025,28.8
1628379,2025,17.8
1628436,2025,16.2
1631247,2025,6.5
1630644,2025,0.0
1630201,2025,18.6
1631103,2025,25.6
1627763,2025,25.1
1642502,2025,4.5
1627736,2025,27.3
1628370,2025,25.7
1630699,2025,22.8
1630542,2025,12.4
1630585,2025,17.5
1631204,2025,21.8
203935,2025,20.1
1631109,2025,27.2
1628365,2025,16.2
202693,2025,16.2
1628963,2025,23.8
1630222,2025,24.5
203486,2025,12.2
1641824,2025,20.7
1629680,2025,16.8
1630346,2025,18.8
1631108,2025,16.9
1629622,2025,17.5
1628467,2025,7.7
1641721,2025,17.1
1630695,2025,10.9
1629008,2025,25.4
1628969,2025,23.3
201144,2025,16.2
1628970,2025,30.7
1630540,2025,18.6
1641936,2025,10.8
1629011,2025,15.1
1628964,2025,16.3
1628420,2025,19.5
1629021,2025,32.9
1629650,2025,28.5
1630541,2025,21.0
1631243,2025,17.2
1631217,2025,16.1
1626167,2025,24.7
1642368,2025,21.1
1641772,2025,26.1
1630230,2025,22.6
1631466,2025,19.6
1629675,2025,25.0
1629674,2025,18.1
1629651,2025,19.0
1630208,2025,20.5
1641733,2025,20.8
1629638,2025,18.0
201587,2025,11.0
203999,2025,37.9
1631107,2025,20.8
202696,2025,27.3
1641730,2025,19.8
1626181,2025,32.1
1628384,2025,24.2
1630167,2025,24.9
1630534,2025,18.1
1641765,2025,16.0
1630168,2025,22.0
1631115,2025,18.5
1631131,2025,19.9
1629052,2025,17.3
1642345,2025,11.8
1631172,2025,16.4
200782,2025,7.8
1629023,2025,21.5
1628408,2025,8.8
1641790,2025,24.4
1642359,2025,12.8
1631094,2025,37.2
1627783,2025,29.3
1626192,2025,17.2
1630311,2025,18.3
1631116,2025,22.7
1630172,2025,16.3
201988,2025,16.0
202331,2025,24.1
1630194,2025,19.9
1630202,2025,25.1
1641796,2025,15.7
1631250,2025,13.5
1631212,2025,15.7
1630762,2025,8.9
1630173,2025,15.6
1629656,2025,25.9
1631245,2025,19.7
1642439,2025,13.6
1642366,2025,23.7
1629628,2025,30.6
1642484,2025,19.4
1641712,2025,15.4
1641736,2025,9.6
1642263,2025,16.1
202704,2025,17.1
1626158,2025,20.4
1641741,2025,20.4
1642434,2025,0.0
1642265,2025,20.0
1629057,2025,15.8
1631199,2025,11.8
1641842,2025,19.7
1626220,2025,17.7
203497,2025,17.8
1629060,2025,20.0
201566,2025,22.1
1642346,2025,17.7
1631157,2025,20.2
1630573,2025,19.5
1630241,2025,17.2
1630572,2025,26.6
1630583,2025,22.2
1630703,2025,22.6
1630567,2025,27.5
1630590,2025,21.1
203552,2025,20.2
1631101,2025,28.5
1628983,2025,45.0
1629003,2025,18.3
1631321,2025,12.9
1631323,2025,16.8
1627746,2025,18.5
203915,2025,19.3
1642461,2025,9.5
1630649,2025,7.7
201939,2025,35.9
1642264,2025,26.0
203500,2025,13.6
1629004,2025,20.6
204456,2025,23.5
201959,2025,12.7
1629659,2025,23.6
1631106,2025,22.9
1627752,2025,14.4
1641707,2025,8.6
1631386,2025,13.0
1629611,2025,17.5
1629056,2025,0.0
1630545,2025,18.8
1626179,2025,19.8
1630678,2025,0.0
1628418,2025,20.7
1642275,2025,13.9
203501,2025,18.6
202699,2025,20.7
1642449,2025,30.4
1628396,2025,24.8
1628470,2025,17.0
1641787,2025,19.7
1641739,2025,16.7
1629027,2025,30.6
1631218,2025,19.9
1630200,2025,16.9
1630544,2025,27.9
1630570,2025,24.1
1642280,2025,18.0
1630243,2025,17.2
1641725,2025,12.4
1641998,2025,11.7
1626168,2025,16.1
1630530,2025,28.5
202684,2025,10.0
1641774,2025,30.0
1641783,2025,16.2
1641803,2025,7.1
1629660,2025,29.7
1631102,2025,14.6
1629639,2025,33.1
1642278,2025,12.8
1641890,2025,25.7
1630169,2025,26.3
1631213,2025,19.3
1630178,2025,34.0
1630623,2025,16.7
1626145,2025,18.4
1642279,2025,7.7
203995,2025,16.9
1641705,2025,34.6
1631246,2025,16.4
1628427,2025,8.2
1630249,2025,16.8
1631117,2025,17.5
1628976,2025,17.4
1631111,2025,14.4
1630214,2025,7.2
1642530,2025,17.5
1641879,2025,5.6
1642274,2025,16.3
1642258,2025,23.5
1628380,2025,19.5
1641744,2025,19.8
203897,2025,31.4
1630192,2025,14.2
1630533,2025,20.2
1629627,2025,40.0
1642389,2025,0.0
