player_id,player,draft_year,rookie_season,age,height_in,weight_lbs,position,games,minutes,mpg,usg_pct,pts,reb,ast,stl,blk,tov,fga,fgm,fg_pct,fg3a,fg3m,fg3_pct,fta,ftm,ft_pct,ftr,off_rating,def_rating,net_rating,pace,bpm,vorp
2030.0,Kenyon Martin,2000.0,2001,,81.0,225.0,Forward,68,2273.3233333333333,33.43122549019608,,814.0,502.0,131.0,78.0,113.0,138.0,777.0,346.0,0.445,11.0,1.0,0.091,192.0,121.0,0.63,0.2471042471042471,,,,,,
2031.0,Stromile Swift,2000.0,2001,,82.0,220.0,Forward-Center,80,1313.22,16.41525,,391.0,284.0,28.0,62.0,82.0,64.0,339.0,153.0,0.451,4.0,0.0,0.0,141.0,85.0,0.603,0.415929203539823,,,,,,
2032.0,Darius Miles,2000.0,2001,,81.0,235.0,Forward,81,2139.1633333333334,26.40942386831276,,761.0,477.0,99.0,51.0,125.0,147.0,630.0,318.0,0.505,19.0,1.0,0.053,238.0,124.0,0.521,0.3777777777777777,,,,,,
2033.0,Marcus Fizer,2000.0,2001,,,,,72,1581.3533333333332,21.96324074074074,,683.0,313.0,76.0,30.0,19.0,124.0,646.0,278.0,0.43,39.0,10.0,0.256,161.0,117.0,0.727,0.2492260061919504,,,,,,
2034.0,Mike Miller,2000.0,2001,,80.0,218.0,Guard-Forward,82,2388.935,29.133353658536585,,975.0,327.0,140.0,51.0,19.0,97.0,845.0,368.0,0.436,364.0,148.0,0.407,128.0,91.0,0.711,0.1514792899408284,,,,,,
2035.0,DerMarr Johnson,2000.0,2001,,81.0,210.0,Forward-Guard,78,1309.915,16.79378205128205,,397.0,178.0,64.0,43.0,30.0,93.0,390.0,146.0,0.374,127.0,41.0,0.323,87.0,64.0,0.736,0.2230769230769231,,,,,,
2037.0,Jamal Crawford,2000.0,2001,,77.0,200.0,Guard,61,1046.621666666667,17.15773224043716,,282.0,89.0,141.0,43.0,14.0,85.0,304.0,107.0,0.352,117.0,41.0,0.35,34.0,27.0,0.794,0.1118421052631579,,,,,,
2042.0,Courtney Alexander,2000.0,2001,,77.0,205.0,Guard,65,1373.9116666666666,21.13710256410256,,618.0,143.0,62.0,45.0,5.0,75.0,573.0,239.0,0.417,46.0,17.0,0.37,150.0,123.0,0.82,0.2617801047120419,,,,,,
2046.0,Desmond Mason,2000.0,2001,,77.0,222.0,Guard,78,1523.5283333333334,19.53241452991453,,463.0,249.0,63.0,39.0,20.0,53.0,439.0,189.0,0.431,67.0,18.0,0.269,91.0,67.0,0.736,0.2072892938496583,,,,,,
2047.0,Quentin Richardson,2000.0,2001,,78.0,228.0,Forward,76,1356.0533333333333,17.84280701754386,,613.0,257.0,62.0,42.0,7.0,64.0,525.0,232.0,0.442,151.0,50.0,0.331,158.0,99.0,0.627,0.3009523809523809,,,,,,
2050.0,Morris Peterson,2000.0,2001,,79.0,220.0,Guard,80,1810.575,22.6321875,,747.0,259.0,105.0,63.0,20.0,78.0,673.0,290.0,0.431,165.0,63.0,0.382,145.0,104.0,0.717,0.2154531946508172,,,,,,
2058.0,Mark Madsen,2000.0,2001,,81.0,255.0,Forward,70,636.8783333333333,9.098261904761904,,137.0,152.0,24.0,8.0,8.0,27.0,113.0,55.0,0.487,1.0,1.0,1.0,37.0,26.0,0.703,0.3274336283185841,,,,,,
2062.0,A.J. Guyton,2000.0,2001,,74.0,185.0,Guard,33,628.5383333333333,19.04661616161616,,198.0,36.0,64.0,9.0,5.0,24.0,192.0,78.0,0.406,69.0,27.0,0.391,18.0,15.0,0.833,0.09375,,,,,,
2067.0,Eddie House,2000.0,2001,,73.0,190.0,Guard,50,544.805,10.8961,,251.0,42.0,52.0,13.0,0.0,35.0,247.0,104.0,0.421,55.0,19.0,0.345,35.0,24.0,0.686,0.1417004048582996,,,,,,
2199.0,Tyson Chandler,2001.0,2002,,84.0,235.0,Center,71,1392.8166666666666,19.617136150234742,,436.0,343.0,54.0,28.0,93.0,99.0,304.0,151.0,0.497,0.0,0.0,0.0,222.0,134.0,0.604,0.7302631578947368,,,,,,
2200.0,Pau Gasol,2001.0,2002,,84.0,250.0,Center-Forward,82,3001.866666666667,36.608130081300814,,1441.0,730.0,223.0,41.0,169.0,224.0,1064.0,551.0,0.518,5.0,1.0,0.2,477.0,338.0,0.709,0.4483082706766917,,,,,,
2202.0,Jason Richardson,2001.0,2002,,78.0,225.0,Guard,80,2627.845,32.8480625,,1151.0,340.0,236.0,106.0,31.0,160.0,1090.0,464.0,0.426,246.0,82.0,0.333,210.0,141.0,0.671,0.1926605504587156,,,,,,
2203.0,Shane Battier,2001.0,2002,,80.0,220.0,Forward,78,3098.1,39.71923076923077,,1125.0,418.0,216.0,121.0,81.0,155.0,961.0,412.0,0.429,276.0,103.0,0.373,283.0,198.0,0.7,0.2944849115504682,,,,,,
2204.0,Eddie Griffin,2001.0,2002,,81.0,222.0,Forward,73,1895.4766666666667,25.96543378995434,,642.0,416.0,53.0,17.0,134.0,47.0,666.0,244.0,0.366,273.0,90.0,0.33,86.0,64.0,0.744,0.1291291291291291,,,,,,
2207.0,Joe Johnson,2001.0,2002,,79.0,240.0,Guard-Forward,77,1916.736666666667,24.892683982683984,,581.0,257.0,179.0,59.0,20.0,71.0,584.0,251.0,0.43,130.0,38.0,0.292,53.0,41.0,0.774,0.0907534246575342,,,,,,
2210.0,Richard Jefferson,2001.0,2002,,79.0,233.0,Forward,79,1919.4233333333327,24.29649789029536,,742.0,293.0,140.0,64.0,48.0,107.0,591.0,270.0,0.457,56.0,13.0,0.232,265.0,189.0,0.713,0.4483925549915397,,,,,,
2211.0,Troy Murphy,2001.0,2002,,83.0,245.0,Forward-Center,82,1450.3916666666669,17.68770325203252,,480.0,322.0,70.0,36.0,21.0,84.0,423.0,178.0,0.421,9.0,3.0,0.333,156.0,121.0,0.776,0.3687943262411347,,,,,,
2212.0,Steven Hunter,2001.0,2002,,84.0,240.0,Center,53,514.0466666666666,9.698993710691823,,189.0,97.0,5.0,5.0,43.0,16.0,147.0,67.0,0.456,0.0,0.0,0.0,94.0,55.0,0.585,0.6394557823129252,,,,,,
2215.0,Jason Collins,2001.0,2002,,84.0,255.0,Center,77,1403.1083333333331,18.222186147186147,,350.0,301.0,81.0,29.0,47.0,72.0,278.0,117.0,0.421,2.0,1.0,0.5,164.0,115.0,0.701,0.5899280575539568,,,,,,
2222.0,Gerald Wallace,2001.0,2002,,79.0,220.0,Forward,54,431.7166666666666,7.994753086419752,,173.0,89.0,27.0,19.0,6.0,22.0,175.0,75.0,0.429,7.0,0.0,0.0,46.0,23.0,0.5,0.2628571428571428,,,,,,
2224.0,Jamaal Tinsley,2001.0,2002,,75.0,188.0,Guard,80,2443.415,30.5426875,,751.0,298.0,647.0,138.0,40.0,270.0,760.0,289.0,0.38,175.0,42.0,0.24,186.0,131.0,0.704,0.2447368421052631,,,,,,
2225.0,Tony Parker,2001.0,2002,,74.0,185.0,Guard,77,2271.1783333333333,29.49582251082251,,705.0,197.0,334.0,89.0,7.0,151.0,639.0,268.0,0.419,189.0,61.0,0.323,160.0,108.0,0.675,0.2503912363067292,,,,,,
2239.0,Trenton Hassell,2001.0,2002,,77.0,227.0,Forward-Guard,78,2235.5783333333334,28.661260683760684,,681.0,255.0,172.0,55.0,44.0,101.0,628.0,267.0,0.425,165.0,60.0,0.364,114.0,87.0,0.763,0.1815286624203821,,,,,,
2242.0,Terence Morris,2001.0,2002,,,,,68,1115.2966666666666,16.401421568627452,,255.0,211.0,64.0,21.0,27.0,45.0,289.0,111.0,0.384,78.0,15.0,0.192,28.0,18.0,0.643,0.0968858131487889,,,,,,
2250.0,Bobby Simmons,2001.0,2002,,78.0,235.0,Forward,30,339.69666666666666,11.323222222222222,,112.0,52.0,17.0,13.0,5.0,14.0,95.0,43.0,0.453,14.0,4.0,0.286,30.0,22.0,0.733,0.3157894736842105,,,,,,
2254.0,Loren Woods,2001.0,2002,,86.0,260.0,Center,60,515.7033333333334,8.595055555555556,,110.0,122.0,22.0,17.0,34.0,36.0,96.0,33.0,0.344,2.0,0.0,0.0,60.0,44.0,0.733,0.625,,,,,,
2260.0,Jarron Collins,2001.0,2002,,83.0,249.0,Center,70,1444.6616666666666,20.63802380952381,,450.0,296.0,58.0,29.0,22.0,56.0,343.0,158.0,0.461,1.0,0.0,0.0,181.0,134.0,0.74,0.5276967930029155,,,,,,
2261.0,Kenny Satterfield,2001.0,2002,,74.0,170.0,Guard,36,559.8583333333333,15.55162037037037,,189.0,52.0,108.0,31.0,1.0,53.0,199.0,73.0,0.367,27.0,7.0,0.259,46.0,36.0,0.783,0.2311557788944723,,,,,,
2397.0,Yao Ming,2002.0,2003,,90.0,310.0,Center,82,2381.893333333333,29.047479674796747,,1104.0,675.0,137.0,31.0,147.0,173.0,805.0,401.0,0.498,2.0,1.0,0.5,371.0,301.0,0.811,0.4608695652173913,,,,,,
2398.0,Jay Williams,2002.0,2003,,74.0,195.0,Guard,75,1961.19,26.1492,,714.0,195.0,350.0,86.0,17.0,171.0,685.0,273.0,0.399,202.0,65.0,0.322,161.0,103.0,0.64,0.2350364963503649,,,,,,
2400.0,Drew Gooden,2002.0,2003,,82.0,250.0,Forward,70,1875.57,26.793857142857146,,875.0,455.0,83.0,53.0,35.0,150.0,777.0,355.0,0.457,48.0,14.0,0.292,212.0,151.0,0.712,0.2728442728442728,,,,,,
2401.0,Nikoloz Tskitishvili,2002.0,2003,,84.0,225.0,Forward,81,1319.9883333333332,16.296152263374484,,315.0,181.0,91.0,31.0,29.0,84.0,393.0,115.0,0.293,152.0,37.0,0.243,65.0,48.0,0.738,0.1653944020356234,,,,,,
2402.0,Dajuan Wagner,2002.0,2003,,75.0,200.0,Guard,47,1384.9083333333333,29.466134751773048,,629.0,82.0,130.0,38.0,7.0,85.0,605.0,223.0,0.369,174.0,55.0,0.316,160.0,128.0,0.8,0.2644628099173554,,,,,,
2403.0,Nenê,2002.0,2003,,83.0,250.0,Center-Forward,80,2258.3283333333334,28.229104166666666,,839.0,491.0,149.0,127.0,65.0,181.0,619.0,321.0,0.519,3.0,0.0,0.0,341.0,197.0,0.578,0.5508885298869144,,,,,,
2405.0,Amar'e Stoudemire,2002.0,2003,,82.0,245.0,Forward-Center,82,2569.938333333333,31.340711382113824,,1106.0,721.0,78.0,62.0,87.0,189.0,830.0,392.0,0.472,10.0,2.0,0.2,484.0,320.0,0.661,0.5831325301204819,,,,,,
2406.0,Caron Butler,2002.0,2003,,79.0,228.0,Forward,78,2855.651666666666,36.610918803418805,,1201.0,397.0,213.0,137.0,31.0,192.0,1032.0,429.0,0.416,107.0,34.0,0.318,375.0,309.0,0.824,0.3633720930232558,,,,,,
2408.0,Melvin Ely,2002.0,2003,,82.0,260.0,Center-Forward,52,802.9716666666667,15.44176282051282,,236.0,174.0,15.0,10.0,32.0,50.0,186.0,92.0,0.495,0.0,0.0,0.0,74.0,52.0,0.703,0.3978494623655914,,,,,,
2416.0,Kareem Rush,2002.0,2003,,78.0,215.0,Guard,76,874.7516666666667,11.509890350877193,,227.0,94.0,68.0,10.0,11.0,63.0,244.0,96.0,0.393,68.0,19.0,0.279,23.0,16.0,0.696,0.0942622950819672,,,,,,
2417.0,Qyntel Woods,2002.0,2003,,80.0,220.0,Forward-Guard,53,334.9783333333333,6.320345911949686,,128.0,53.0,12.0,15.0,1.0,23.0,118.0,59.0,0.5,9.0,3.0,0.333,20.0,7.0,0.35,0.1694915254237288,,,,,,
2428.0,Vincent Yarbrough,2002.0,2003,,79.0,210.0,Forward,59,1379.2516666666668,23.377146892655368,,406.0,162.0,130.0,57.0,33.0,81.0,428.0,168.0,0.393,78.0,21.0,0.269,62.0,49.0,0.79,0.1448598130841121,,,,,,
2429.0,Dan Gadzuric,2002.0,2003,,83.0,240.0,Center,49,759.3583333333333,15.497108843537417,,169.0,197.0,9.0,22.0,52.0,27.0,145.0,70.0,0.483,1.0,0.0,0.0,56.0,29.0,0.518,0.3862068965517241,,,,,,
2430.0,Carlos Boozer,2002.0,2003,,81.0,258.0,Forward,81,2047.9583333333333,25.28343621399177,,810.0,609.0,106.0,59.0,50.0,103.0,618.0,331.0,0.536,1.0,0.0,0.0,192.0,148.0,0.771,0.3106796116504854,,,,,,
2437.0,Lonny Baxter,2002.0,2003,,80.0,260.0,Forward,55,683.6466666666666,12.429939393939394,,262.0,165.0,16.0,9.0,22.0,46.0,206.0,96.0,0.466,2.0,0.0,0.0,103.0,70.0,0.68,0.5,,,,,,
2446.0,Rasual Butler,2002.0,2003,,79.0,215.0,Forward,72,1515.2966666666666,21.04578703703704,,540.0,186.0,93.0,21.0,43.0,77.0,572.0,207.0,0.362,171.0,50.0,0.292,104.0,76.0,0.731,0.1818181818181818,,,,,,
2544.0,LeBron James,2003.0,2004,,81.0,250.0,Forward,79,3126.865,39.580569620253165,,1654.0,432.0,465.0,130.0,58.0,273.0,1492.0,622.0,0.417,217.0,63.0,0.29,460.0,347.0,0.754,0.3083109919571045,,,,,,
2546.0,Carmelo Anthony,2003.0,2004,,79.0,238.0,Forward,82,2991.2316666666666,36.47843495934959,,1725.0,498.0,227.0,97.0,41.0,247.0,1465.0,624.0,0.426,214.0,69.0,0.322,525.0,408.0,0.777,0.3583617747440273,,,,,,
2547.0,Chris Bosh,2003.0,2004,,83.0,235.0,Forward,75,2516.485,33.553133333333335,,861.0,557.0,78.0,59.0,106.0,107.0,712.0,327.0,0.459,14.0,5.0,0.357,288.0,202.0,0.701,0.4044943820224719,,,,,,
2548.0,Dwyane Wade,2003.0,2004,,76.0,220.0,Guard,61,2135.85,35.013934426229504,,991.0,247.0,275.0,86.0,34.0,196.0,798.0,371.0,0.465,53.0,16.0,0.302,312.0,233.0,0.747,0.3909774436090225,,,,,,
2549.0,Chris Kaman,2003.0,2004,,84.0,265.0,Center,82,1850.2966666666664,22.56459349593496,,499.0,461.0,85.0,23.0,73.0,155.0,435.0,200.0,0.46,2.0,0.0,0.0,142.0,99.0,0.697,0.3264367816091954,,,,,,
2550.0,Kirk Hinrich,2003.0,2004,,76.0,190.0,Guard,76,2709.268333333333,35.64826754385965,,915.0,259.0,517.0,101.0,21.0,204.0,823.0,318.0,0.386,369.0,144.0,0.39,168.0,135.0,0.804,0.2041312272174969,,,,,,
2551.0,T.J. Ford,2003.0,2004,,72.0,165.0,Guard,55,1484.0883333333334,26.98342424242424,,391.0,177.0,356.0,60.0,3.0,139.0,398.0,153.0,0.384,21.0,5.0,0.238,98.0,80.0,0.816,0.2462311557788944,,,,,,
2553.0,Jarvis Hayes,2003.0,2004,,80.0,228.0,Forward,70,2043.963333333333,29.19947619047619,,673.0,264.0,106.0,71.0,11.0,110.0,695.0,278.0,0.4,131.0,40.0,0.305,98.0,77.0,0.786,0.1410071942446043,,,,,,
2556.0,Marcus Banks,2003.0,2004,,74.0,205.0,Guard,81,1377.5166666666669,17.006378600823044,,480.0,133.0,175.0,88.0,13.0,125.0,442.0,177.0,0.4,86.0,27.0,0.314,131.0,99.0,0.756,0.2963800904977375,,,,,,
2560.0,Žarko Čabarkapa,2003.0,2004,,83.0,230.0,Forward-Center,49,574.5916666666667,11.726360544217687,,203.0,99.0,40.0,10.0,13.0,54.0,197.0,81.0,0.411,32.0,6.0,0.188,53.0,35.0,0.66,0.2690355329949238,,,,,,
2561.0,David West,2003.0,2004,,81.0,250.0,Forward,71,929.0383333333332,13.085046948356808,,273.0,297.0,60.0,27.0,28.0,48.0,228.0,108.0,0.474,2.0,0.0,0.0,80.0,57.0,0.713,0.3508771929824561,,,,,,
2562.0,Sasha Pavlović,2003.0,2004,,79.0,235.0,Guard-Forward,79,1136.5083333333334,14.386181434599155,,382.0,159.0,60.0,41.0,16.0,67.0,376.0,149.0,0.396,70.0,19.0,0.271,84.0,65.0,0.774,0.2234042553191489,,,,,,
2564.0,Boris Diaw,2003.0,2004,,80.0,250.0,Center-Forward,76,1915.235,25.200460526315787,,342.0,342.0,182.0,59.0,37.0,126.0,313.0,140.0,0.447,26.0,6.0,0.231,93.0,56.0,0.602,0.2971246006389776,,,,,,
2565.0,Zoran Planinić,2003.0,2004,,,,,49,466.7433333333333,9.525374149659864,,153.0,55.0,68.0,13.0,3.0,36.0,129.0,53.0,0.411,32.0,9.0,0.281,60.0,38.0,0.633,0.4651162790697674,,,,,,
2567.0,Brian Cook,2003.0,2004,,81.0,250.0,Center-Forward,35,437.77166666666665,12.507761904761905,,155.0,101.0,20.0,16.0,16.0,17.0,141.0,67.0,0.475,5.0,0.0,0.0,28.0,21.0,0.75,0.1985815602836879,,,,,,
2571.0,Leandro Barbosa,2003.0,2004,,75.0,194.0,Guard,70,1500.565,21.436642857142857,,550.0,123.0,165.0,93.0,7.0,120.0,470.0,210.0,0.447,210.0,83.0,0.395,61.0,47.0,0.77,0.1297872340425531,,,,,,
2572.0,Josh Howard,2003.0,2004,,79.0,210.0,Forward-Guard,67,1586.435,23.678134328358208,,575.0,368.0,97.0,69.0,54.0,67.0,532.0,229.0,0.43,66.0,20.0,0.303,138.0,97.0,0.703,0.2593984962406015,,,,,,
2575.0,Luke Walton,2003.0,2004,,80.0,235.0,Forward,72,717.955,9.971597222222222,,174.0,127.0,113.0,28.0,8.0,44.0,153.0,65.0,0.425,39.0,13.0,0.333,44.0,31.0,0.705,0.2875816993464052,,,,,,
2581.0,Steve Blake,2003.0,2004,,75.0,172.0,Guard,75,1387.243333333333,18.496577777777777,,444.0,117.0,209.0,57.0,7.0,128.0,407.0,157.0,0.386,202.0,75.0,0.371,67.0,55.0,0.821,0.1646191646191646,,,,,,
2584.0,Willie Green,2003.0,2004,,75.0,205.0,Guard,53,767.5016666666667,14.48116352201258,,364.0,65.0,53.0,26.0,5.0,59.0,357.0,143.0,0.401,61.0,19.0,0.311,81.0,59.0,0.728,0.226890756302521,,,,,,
2586.0,Keith Bogans,2003.0,2004,,77.0,215.0,Guard-Forward,73,1786.045,24.4663698630137,,498.0,317.0,98.0,46.0,10.0,75.0,454.0,183.0,0.403,187.0,67.0,0.358,103.0,65.0,0.631,0.2268722466960352,,,,,,
2730.0,Dwight Howard,2004.0,2005,,82.0,265.0,Center-Forward,82,2678.443333333333,32.663943089430894,,981.0,823.0,75.0,77.0,136.0,165.0,677.0,352.0,0.52,2.0,0.0,0.0,413.0,277.0,0.671,0.6100443131462334,,,,,,
2731.0,Emeka Okafor,2004.0,2005,,82.0,255.0,Center,73,2599.63,35.6113698630137,,1105.0,795.0,64.0,62.0,125.0,125.0,1003.0,448.0,0.447,1.0,0.0,0.0,343.0,209.0,0.609,0.3419740777666999,,,,,,
2732.0,Ben Gordon,2004.0,2005,,75.0,205.0,Guard,82,2013.0933333333328,24.54991869918699,,1235.0,215.0,164.0,53.0,10.0,186.0,1056.0,434.0,0.411,331.0,134.0,0.405,270.0,233.0,0.863,0.2556818181818182,,,,,,
2734.0,Devin Harris,2004.0,2005,,75.0,185.0,Guard,76,1176.67,15.482500000000002,,436.0,102.0,169.0,77.0,19.0,82.0,366.0,157.0,0.429,131.0,44.0,0.336,103.0,78.0,0.757,0.2814207650273224,,,,,,
2735.0,Josh Childress,2004.0,2005,,80.0,210.0,Forward-Guard,80,2371.7716666666665,29.647145833333333,,807.0,482.0,151.0,74.0,35.0,106.0,642.0,302.0,0.47,56.0,13.0,0.232,231.0,190.0,0.823,0.3598130841121495,,,,,,
2736.0,Luol Deng,2004.0,2005,,81.0,237.0,Forward,61,1661.07,27.23065573770492,,711.0,322.0,135.0,48.0,27.0,118.0,645.0,280.0,0.434,117.0,31.0,0.265,162.0,120.0,0.741,0.2511627906976744,,,,,,
2737.0,Rafael Araújo,2004.0,2005,,83.0,270.0,Center,59,735.595,12.46771186440678,,196.0,185.0,16.0,21.0,8.0,52.0,175.0,76.0,0.434,3.0,1.0,0.333,55.0,43.0,0.782,0.3142857142857143,,,,,,
2738.0,Andre Iguodala,2004.0,2005,,78.0,215.0,Guard-Forward,82,2680.843333333333,32.69321138211382,,741.0,464.0,246.0,138.0,48.0,139.0,546.0,269.0,0.493,142.0,47.0,0.331,210.0,156.0,0.743,0.3846153846153846,,,,,,
2740.0,Andris Biedriņš,2004.0,2005,,84.0,250.0,Center,30,382.305,12.7435,,109.0,118.0,12.0,12.0,24.0,12.0,78.0,45.0,0.577,1.0,0.0,0.0,40.0,19.0,0.475,0.5128205128205128,,,,,,
2742.0,Sebastian Telfair,2004.0,2005,,72.0,170.0,Guard,68,1330.14,19.56088235294117,,460.0,104.0,224.0,35.0,4.0,125.0,430.0,169.0,0.393,69.0,17.0,0.246,133.0,105.0,0.789,0.3093023255813953,,,,,,
2743.0,Kris Humphries,2004.0,2005,,81.0,235.0,Forward,67,869.0166666666667,12.970398009950248,,278.0,197.0,43.0,25.0,18.0,52.0,287.0,116.0,0.404,6.0,2.0,0.333,101.0,44.0,0.436,0.3519163763066202,,,,,,
2744.0,Al Jefferson,2004.0,2005,,82.0,280.0,Center,71,1044.215,14.70725352112676,,475.0,312.0,24.0,22.0,55.0,66.0,369.0,195.0,0.528,3.0,0.0,0.0,135.0,85.0,0.63,0.3658536585365853,,,,,,
2746.0,Josh Smith,2004.0,2005,,81.0,225.0,Forward,74,2049.9416666666666,27.70191441441441,,715.0,457.0,127.0,59.0,144.0,135.0,602.0,274.0,0.455,23.0,4.0,0.174,237.0,163.0,0.688,0.393687707641196,,,,,,
2747.0,J.R. Smith,2004.0,2005,,78.0,220.0,Guard,76,1863.5216666666668,24.52002192982456,,782.0,152.0,142.0,55.0,11.0,109.0,748.0,295.0,0.394,281.0,81.0,0.288,161.0,111.0,0.689,0.2152406417112299,,,,,,
2749.0,Jameer Nelson,2004.0,2005,,72.0,190.0,Guard,79,1614.9766666666667,20.442742616033755,,689.0,193.0,237.0,78.0,3.0,117.0,628.0,286.0,0.455,141.0,44.0,0.312,107.0,73.0,0.682,0.1703821656050955,,,,,,
2754.0,Tony Allen,2004.0,2005,,76.0,213.0,Guard-Forward,77,1254.4733333333334,16.291861471861473,,492.0,221.0,64.0,76.0,24.0,77.0,387.0,184.0,0.475,31.0,12.0,0.387,152.0,112.0,0.737,0.3927648578811369,,,,,,
2757.0,Beno Udrih,2004.0,2005,,75.0,205.0,Guard,80,1155.2,14.44,,471.0,83.0,150.0,41.0,10.0,77.0,390.0,173.0,0.444,142.0,58.0,0.408,89.0,67.0,0.753,0.2282051282051282,,,,,,
2758.0,David Harrison,2004.0,2005,,84.0,280.0,Center,43,759.9083333333333,17.672286821705427,,264.0,135.0,13.0,16.0,55.0,53.0,184.0,106.0,0.576,0.0,0.0,0.0,91.0,52.0,0.571,0.4945652173913043,,,,,,
2760.0,Anderson Varejão,2004.0,2005,,83.0,260.0,Forward,54,868.7616666666667,16.08817901234568,,266.0,257.0,27.0,41.0,38.0,26.0,193.0,99.0,0.513,2.0,0.0,0.0,127.0,68.0,0.535,0.6580310880829016,,,,,,
2761.0,Jackson Vroman,2004.0,2005,,82.0,220.0,Forward-Center,46,706.105,15.350108695652176,,212.0,175.0,40.0,25.0,19.0,64.0,199.0,82.0,0.412,3.0,0.0,0.0,75.0,48.0,0.64,0.3768844221105528,,,,,,
2767.0,Royal Ivey,2004.0,2005,,76.0,200.0,Guard,62,813.5316666666666,13.121478494623656,,220.0,84.0,103.0,39.0,7.0,58.0,198.0,85.0,0.429,9.0,3.0,0.333,67.0,47.0,0.701,0.3383838383838384,,,,,,
2768.0,Chris Duhon,2004.0,2005,,73.0,190.0,Guard,82,2171.7633333333333,26.48491869918699,,487.0,213.0,398.0,82.0,3.0,119.0,488.0,172.0,0.352,265.0,94.0,0.355,67.0,49.0,0.731,0.1372950819672131,,,,,,
2772.0,Trevor Ariza,2004.0,2005,,80.0,215.0,Forward,80,1380.631666666667,17.257895833333333,,468.0,242.0,85.0,70.0,18.0,73.0,389.0,172.0,0.442,13.0,3.0,0.231,174.0,121.0,0.695,0.4473007712082262,,,,,,
101106.0,Andrew Bogut,2005.0,2006,,84.0,260.0,Center,82,2348.13,28.63573170731708,,768.0,573.0,192.0,49.0,68.0,125.0,606.0,323.0,0.533,3.0,0.0,0.0,194.0,122.0,0.629,0.3201320132013201,,,,,,
101107.0,Marvin Williams,2005.0,2006,,80.0,237.0,Forward,79,1952.2616666666668,24.71217299578059,,672.0,383.0,63.0,48.0,24.0,83.0,531.0,235.0,0.443,53.0,13.0,0.245,253.0,189.0,0.747,0.4764595103578154,,,,,,
101114.0,Deron Williams,2005.0,2006,,75.0,200.0,Guard,80,2306.633333333333,28.832916666666662,,864.0,194.0,359.0,60.0,17.0,145.0,805.0,339.0,0.421,219.0,91.0,0.416,135.0,95.0,0.704,0.1677018633540372,,,,,,
101108.0,Chris Paul,2005.0,2006,,72.0,175.0,Guard,78,2808.475,36.00608974358974,,1258.0,400.0,611.0,175.0,6.0,183.0,947.0,407.0,0.43,177.0,50.0,0.282,465.0,394.0,0.847,0.4910242872228089,,,,,,
101109.0,Raymond Felton,2005.0,2006,,73.0,205.0,Guard,80,2405.708333333333,30.07135416666667,,948.0,265.0,446.0,102.0,8.0,182.0,883.0,345.0,0.391,271.0,97.0,0.358,222.0,161.0,0.725,0.2514156285390713,,,,,,
101111.0,Charlie Villanueva,2005.0,2006,,83.0,232.0,Forward,81,2361.0066666666667,29.1482304526749,,1053.0,521.0,88.0,60.0,63.0,99.0,940.0,435.0,0.463,214.0,70.0,0.327,160.0,113.0,0.706,0.1702127659574468,,,,,,
101112.0,Channing Frye,2005.0,2006,,84.0,255.0,Forward-Center,65,1572.355,24.190076923076923,,802.0,374.0,53.0,30.0,47.0,97.0,640.0,305.0,0.477,9.0,3.0,0.333,229.0,189.0,0.825,0.3578125,,,,,,
101113.0,Ike Diogu,2005.0,2006,,81.0,250.0,Forward,69,1031.4083333333333,14.94794685990338,,486.0,229.0,29.0,15.0,30.0,78.0,334.0,175.0,0.524,0.0,0.0,0.0,168.0,136.0,0.81,0.5029940119760479,,,,,,
101118.0,Sean May,2005.0,2006,,81.0,266.0,Center-Forward,23,398.4316666666667,17.323115942028984,,189.0,109.0,22.0,17.0,12.0,33.0,171.0,70.0,0.409,5.0,0.0,0.0,64.0,49.0,0.766,0.3742690058479532,,,,,,
101119.0,Rashad McCants,2005.0,2006,,76.0,215.0,Guard,79,1362.243333333333,17.243586497890295,,627.0,143.0,63.0,44.0,22.0,86.0,535.0,241.0,0.45,180.0,67.0,0.372,106.0,78.0,0.736,0.1981308411214953,,,,,,
101120.0,Antoine Wright,2005.0,2006,,79.0,215.0,Forward-Guard,39,370.1666666666667,9.491452991452991,,70.0,30.0,12.0,4.0,3.0,21.0,81.0,29.0,0.358,15.0,1.0,0.067,22.0,11.0,0.5,0.2716049382716049,,,,,,
101121.0,Joey Graham,2005.0,2006,,79.0,230.0,Forward,80,1580.6016666666667,19.75752083333333,,533.0,244.0,60.0,37.0,13.0,92.0,414.0,198.0,0.478,87.0,29.0,0.333,133.0,108.0,0.812,0.321256038647343,,,,,,
101122.0,Danny Granger,2005.0,2006,,81.0,222.0,Forward-Guard,78,1765.335,22.6325,,587.0,384.0,90.0,58.0,62.0,80.0,478.0,221.0,0.462,93.0,30.0,0.323,148.0,115.0,0.777,0.309623430962343,,,,,,
101126.0,Nate Robinson,2005.0,2006,,69.0,180.0,Guard,72,1543.6516666666666,21.43960648148148,,670.0,167.0,147.0,59.0,1.0,114.0,565.0,230.0,0.407,146.0,58.0,0.397,202.0,152.0,0.752,0.3575221238938053,,,,,,
101127.0,Jarrett Jack,2005.0,2006,,75.0,200.0,Guard,79,1598.8116666666667,20.2381223628692,,526.0,160.0,219.0,41.0,2.0,102.0,428.0,189.0,0.442,76.0,20.0,0.263,160.0,128.0,0.8,0.3738317757009345,,,,,,
101128.0,Francisco García,2005.0,2006,,79.0,215.0,Guard-Forward,67,1301.22,19.421194029850746,,377.0,185.0,94.0,41.0,47.0,75.0,325.0,130.0,0.4,137.0,39.0,0.285,101.0,78.0,0.772,0.3107692307692307,,,,,,
101129.0,Luther Head,2005.0,2006,,75.0,185.0,Guard,80,2309.971666666667,28.874645833333336,,707.0,266.0,215.0,89.0,9.0,119.0,630.0,254.0,0.403,313.0,113.0,0.361,123.0,86.0,0.699,0.1952380952380952,,,,,,
101136.0,Salim Stoudamire,2005.0,2006,,73.0,175.0,Guard,61,1236.0583333333334,20.26325136612022,,589.0,116.0,75.0,27.0,3.0,82.0,492.0,204.0,0.415,216.0,82.0,0.38,110.0,99.0,0.9,0.2235772357723577,,,,,,
101137.0,Daniel Ewing,2005.0,2006,,75.0,185.0,Guard,66,971.1533333333332,14.714444444444444,,252.0,85.0,84.0,37.0,6.0,57.0,255.0,97.0,0.38,78.0,22.0,0.282,46.0,36.0,0.783,0.1803921568627451,,,,,,
101155.0,Ryan Gomes,2005.0,2006,,79.0,245.0,Forward,61,1376.235,22.56122950819672,,461.0,298.0,58.0,35.0,5.0,55.0,355.0,173.0,0.487,9.0,3.0,0.333,149.0,112.0,0.752,0.4197183098591549,,,,,,
200745.0,Andrea Bargnani,2006.0,2007,,84.0,245.0,Center-Forward,65,1629.45,25.068461538461538,,751.0,255.0,50.0,32.0,53.0,107.0,625.0,267.0,0.427,268.0,100.0,0.373,142.0,117.0,0.824,0.2272,,,,,,
200746.0,LaMarcus Aldridge,2006.0,2007,,83.0,250.0,Center-Forward,63,1391.756666666667,22.09137566137566,,565.0,312.0,24.0,22.0,73.0,43.0,479.0,241.0,0.503,2.0,0.0,0.0,115.0,83.0,0.722,0.2400835073068893,,,,,,
200747.0,Adam Morrison,2006.0,2007,,80.0,205.0,Forward,78,2325.83,29.81833333333333,,917.0,230.0,163.0,28.0,6.0,130.0,944.0,355.0,0.376,258.0,87.0,0.337,169.0,120.0,0.71,0.1790254237288135,,,,,,
200749.0,Shelden Williams,2006.0,2007,,81.0,250.0,Center-Forward,81,1513.44,18.684444444444445,,444.0,435.0,44.0,52.0,39.0,96.0,365.0,166.0,0.455,4.0,2.0,0.5,144.0,110.0,0.764,0.3945205479452054,,,,,,
200750.0,Brandon Roy,2006.0,2007,,78.0,211.0,Guard,57,2014.506666666667,35.34222222222222,,955.0,250.0,230.0,67.0,10.0,116.0,765.0,349.0,0.456,146.0,55.0,0.377,241.0,202.0,0.838,0.3150326797385621,,,,,,
200751.0,Randy Foye,2006.0,2007,,76.0,218.0,Guard,82,1879.3333333333333,22.91869918699187,,832.0,218.0,232.0,53.0,21.0,152.0,691.0,300.0,0.434,185.0,68.0,0.368,192.0,164.0,0.854,0.2778581765557164,,,,,,
200752.0,Rudy Gay,2006.0,2007,,80.0,250.0,Forward-Guard,78,2103.31,26.96551282051282,,846.0,348.0,100.0,71.0,74.0,140.0,760.0,321.0,0.422,143.0,52.0,0.364,209.0,152.0,0.727,0.275,,,,,,
200756.0,Hilton Armstrong,2006.0,2007,,83.0,235.0,Forward-Center,56,634.2066666666667,11.325119047619047,,176.0,149.0,10.0,12.0,26.0,35.0,125.0,68.0,0.544,0.0,0.0,0.0,67.0,40.0,0.597,0.536,,,,,,
200760.0,Rodney Carney,2006.0,2007,,79.0,205.0,Forward,67,1169.09,17.44910447761194,,442.0,128.0,26.0,38.0,23.0,43.0,392.0,182.0,0.464,72.0,25.0,0.347,87.0,53.0,0.609,0.221938775510204,,,,,,
200761.0,Shawne Williams,2006.0,2007,,82.0,230.0,Forward,46,556.22,12.091739130434783,,180.0,83.0,22.0,6.0,8.0,24.0,160.0,75.0,0.469,52.0,19.0,0.365,20.0,11.0,0.55,0.125,,,,,,
200763.0,Quincy Douby,2006.0,2007,,75.0,175.0,Guard,42,359.13666666666666,8.550873015873016,,119.0,37.0,15.0,15.0,4.0,15.0,126.0,48.0,0.381,50.0,12.0,0.24,15.0,11.0,0.733,0.119047619047619,,,,,,
200764.0,Renaldo Balkman,2006.0,2007,,80.0,225.0,Forward,68,1064.185,15.649779411764705,,334.0,294.0,44.0,57.0,44.0,49.0,275.0,139.0,0.505,27.0,5.0,0.185,90.0,51.0,0.567,0.3272727272727272,,,,,,
200765.0,Rajon Rondo,2006.0,2007,,73.0,180.0,Guard,78,1830.9383333333333,23.47356837606837,,501.0,292.0,297.0,128.0,8.0,137.0,450.0,188.0,0.418,29.0,6.0,0.207,184.0,119.0,0.647,0.4088888888888889,,,,,,
200771.0,Sergio Rodríguez,2006.0,2007,,75.0,176.0,Guard,67,861.7866666666666,12.862487562189054,,247.0,91.0,218.0,35.0,2.0,77.0,239.0,101.0,0.423,85.0,24.0,0.282,26.0,21.0,0.808,0.1087866108786611,,,,,,
200776.0,Mardy Collins,2006.0,2007,,78.0,220.0,Guard,52,777.0866666666667,14.94397435897436,,235.0,104.0,83.0,32.0,3.0,57.0,228.0,87.0,0.382,47.0,13.0,0.277,82.0,48.0,0.585,0.3596491228070175,,,,,,
200783.0,Craig Smith,2006.0,2007,,79.0,265.0,Forward,82,1536.565,18.73859756097561,,608.0,415.0,49.0,51.0,18.0,74.0,463.0,246.0,0.531,6.0,0.0,0.0,186.0,116.0,0.624,0.4017278617710583,,,,,,
200784.0,Bobby Jones,2006.0,2007,,79.0,215.0,Forward,44,335.48833333333334,7.624734848484849,,110.0,57.0,16.0,11.0,1.0,18.0,93.0,43.0,0.462,9.0,1.0,0.111,41.0,23.0,0.561,0.4408602150537634,,,,,,
200792.0,Alexander Johnson,2006.0,2007,,81.0,240.0,Forward,59,752.6716666666666,12.757146892655369,,260.0,181.0,17.0,25.0,35.0,47.0,169.0,91.0,0.538,0.0,0.0,0.0,118.0,78.0,0.661,0.6982248520710059,,,,,,
200794.0,Paul Millsap,2006.0,2007,,79.0,257.0,Forward,82,1472.1466666666668,17.9530081300813,,559.0,423.0,62.0,67.0,74.0,94.0,398.0,209.0,0.525,3.0,1.0,0.333,208.0,140.0,0.673,0.5226130653266332,,,,,,
200796.0,Leon Powe,2006.0,2007,,80.0,240.0,Forward,63,719.8016666666666,11.42542328042328,,264.0,215.0,10.0,14.0,22.0,47.0,177.0,79.0,0.446,2.0,0.0,0.0,144.0,106.0,0.736,0.8135593220338984,,,,,,
201142.0,Kevin Durant,2007.0,2008,,83.0,240.0,Forward,80,2767.968333333333,34.599604166666666,,1624.0,348.0,192.0,78.0,75.0,232.0,1366.0,587.0,0.43,205.0,59.0,0.288,448.0,391.0,0.873,0.3279648609077599,,,,,,
201143.0,Al Horford,2007.0,2008,,80.0,240.0,Center-Forward,81,2539.8866666666668,31.35662551440329,,821.0,785.0,124.0,60.0,76.0,137.0,668.0,333.0,0.499,5.0,0.0,0.0,212.0,155.0,0.731,0.3173652694610778,,,,,,
201144.0,Mike Conley,2007.0,2008,,73.0,175.0,Guard,53,1381.3366666666666,26.062955974842765,,498.0,139.0,222.0,44.0,2.0,89.0,442.0,189.0,0.428,91.0,30.0,0.33,123.0,90.0,0.732,0.2782805429864253,,,,,,
201145.0,Jeff Green,2007.0,2008,,80.0,235.0,Forward,80,2253.0666666666666,28.16333333333333,,838.0,379.0,119.0,46.0,49.0,158.0,749.0,320.0,0.427,76.0,21.0,0.276,238.0,177.0,0.744,0.3177570093457944,,,,,,
201146.0,Yi Jianlian,2007.0,2008,,84.0,250.0,Forward,66,1646.6016666666667,24.9485101010101,,566.0,344.0,55.0,36.0,56.0,90.0,520.0,219.0,0.421,21.0,6.0,0.286,145.0,122.0,0.841,0.2788461538461538,,,,,,
201147.0,Corey Brewer,2007.0,2008,,81.0,188.0,Guard-Forward,79,1802.585,22.81753164556962,,459.0,292.0,111.0,76.0,25.0,89.0,486.0,182.0,0.374,36.0,7.0,0.194,110.0,88.0,0.8,0.2263374485596707,,,,,,
201148.0,Brandan Wright,2007.0,2008,,82.0,235.0,Forward-Center,38,375.69666666666666,9.886754385964911,,151.0,99.0,9.0,6.0,22.0,13.0,112.0,62.0,0.554,0.0,0.0,0.0,40.0,27.0,0.675,0.3571428571428571,,,,,,
201149.0,Joakim Noah,2007.0,2008,,83.0,232.0,Forward-Center,74,1533.715,20.725878378378376,,488.0,416.0,84.0,68.0,64.0,89.0,367.0,177.0,0.482,1.0,0.0,0.0,194.0,134.0,0.691,0.5286103542234333,,,,,,
201151.0,Acie Law,2007.0,2008,,75.0,202.0,Guard,56,865.36,15.452857142857145,,235.0,57.0,113.0,29.0,0.0,56.0,237.0,95.0,0.401,34.0,7.0,0.206,48.0,38.0,0.792,0.2025316455696202,,,,,,
201152.0,Thaddeus Young,2007.0,2008,,80.0,225.0,Forward,74,1554.415,21.005608108108103,,610.0,312.0,58.0,73.0,8.0,64.0,490.0,264.0,0.539,19.0,6.0,0.316,103.0,76.0,0.738,0.210204081632653,,,,,,
201153.0,Julian Wright,2007.0,2008,,80.0,225.0,Forward,57,640.0766666666667,11.229415204678364,,223.0,117.0,40.0,29.0,12.0,34.0,169.0,90.0,0.533,24.0,10.0,0.417,52.0,33.0,0.635,0.3076923076923077,,,,,,
201154.0,Al Thornton,2007.0,2008,,80.0,235.0,Forward,79,2157.6983333333333,27.312637130801686,,1005.0,358.0,98.0,46.0,43.0,128.0,871.0,374.0,0.429,130.0,43.0,0.331,288.0,214.0,0.743,0.330654420206659,,,,,,
201157.0,Sean Williams,2007.0,2008,,82.0,235.0,Forward-Center,73,1278.3083333333334,17.511073059360733,,409.0,322.0,28.0,28.0,106.0,70.0,305.0,164.0,0.538,0.0,0.0,0.0,133.0,81.0,0.609,0.4360655737704918,,,,,,
201159.0,Javaris Crittenton,2007.0,2008,,77.0,200.0,Guard,50,678.16,13.5632,,278.0,110.0,51.0,19.0,2.0,55.0,233.0,98.0,0.421,37.0,10.0,0.27,104.0,72.0,0.692,0.4463519313304721,,,,,,
201161.0,Daequan Cook,2007.0,2008,,77.0,210.0,Guard,59,1440.675,24.41822033898305,,518.0,177.0,75.0,23.0,9.0,63.0,514.0,196.0,0.381,238.0,79.0,0.332,57.0,47.0,0.825,0.1108949416342412,,,,,,
201162.0,Jared Dudley,2007.0,2008,,78.0,237.0,Forward,73,1383.8166666666666,18.95639269406393,,422.0,286.0,81.0,55.0,10.0,50.0,348.0,163.0,0.468,41.0,9.0,0.22,118.0,87.0,0.737,0.3390804597701149,,,,,,
201167.0,Arron Afflalo,2007.0,2008,,77.0,210.0,Guard,75,970.3366666666668,12.937822222222223,,276.0,137.0,52.0,31.0,8.0,34.0,241.0,99.0,0.411,48.0,10.0,0.208,87.0,68.0,0.782,0.3609958506224066,,,,,,
201189.0,Aaron Gray,2007.0,2008,,84.0,270.0,Center,61,612.9966666666667,10.04912568306011,,262.0,168.0,41.0,21.0,16.0,57.0,204.0,103.0,0.505,1.0,0.0,0.0,99.0,56.0,0.566,0.4852941176470588,,,,,,
201565.0,Derrick Rose,2008.0,2009,,75.0,200.0,Guard,81,3000.048333333333,37.03763374485597,,1361.0,317.0,512.0,66.0,18.0,202.0,1208.0,574.0,0.475,72.0,16.0,0.222,250.0,197.0,0.788,0.2069536423841059,,,,,,
201563.0,Michael Beasley,2008.0,2009,,81.0,235.0,Forward,81,2008.59,24.797407407407405,,1123.0,439.0,83.0,41.0,37.0,121.0,957.0,452.0,0.472,81.0,33.0,0.407,241.0,186.0,0.772,0.2518286311389759,,,,,,
201564.0,O.J. Mayo,2008.0,2009,,77.0,210.0,Guard,82,3120.3033333333333,38.05247967479675,,1516.0,308.0,262.0,91.0,13.0,226.0,1283.0,562.0,0.438,378.0,145.0,0.384,281.0,247.0,0.879,0.2190179267342167,,,,,,
201566.0,Russell Westbrook,2008.0,2009,,76.0,200.0,Guard,82,2668.035,32.537012195121946,,1256.0,399.0,435.0,110.0,16.0,274.0,1095.0,436.0,0.398,129.0,35.0,0.271,428.0,349.0,0.815,0.3908675799086758,,,,,,
201567.0,Kevin Love,2008.0,2009,,82.0,251.0,Forward-Center,81,2047.7016666666664,25.28026748971193,,899.0,734.0,84.0,35.0,50.0,118.0,688.0,316.0,0.459,19.0,2.0,0.105,336.0,265.0,0.789,0.4883720930232558,,,,,,
201569.0,Eric Gordon,2008.0,2009,,75.0,215.0,Guard,78,2676.651666666666,34.31604700854701,,1252.0,201.0,215.0,78.0,35.0,164.0,901.0,411.0,0.456,337.0,131.0,0.389,350.0,299.0,0.854,0.3884572697003329,,,,,,
201571.0,D.J. Augustin,2008.0,2009,,71.0,183.0,Guard,72,1907.9333333333327,26.49907407407408,,850.0,133.0,250.0,42.0,2.0,119.0,621.0,267.0,0.43,246.0,108.0,0.439,233.0,208.0,0.893,0.3752012882447665,,,,,,
201572.0,Brook Lopez,2008.0,2009,,85.0,282.0,Center,82,2501.401666666666,30.50489837398374,,1068.0,665.0,86.0,44.0,151.0,147.0,844.0,448.0,0.531,2.0,0.0,0.0,217.0,172.0,0.793,0.2571090047393365,,,,,,
201574.0,Jason Thompson,2008.0,2009,,83.0,250.0,Forward-Center,82,2302.8766666666666,28.083861788617885,,910.0,606.0,93.0,46.0,59.0,146.0,717.0,356.0,0.497,8.0,0.0,0.0,286.0,198.0,0.692,0.398884239888424,,,,,,
201575.0,Brandon Rush,2008.0,2009,,78.0,225.0,Guard-Forward,75,1802.895,24.0386,,610.0,233.0,66.0,38.0,37.0,75.0,575.0,243.0,0.423,209.0,78.0,0.373,66.0,46.0,0.697,0.1147826086956521,,,,,,
201576.0,Anthony Randolph,2008.0,2009,,,,,63,1129.1266666666668,17.922645502645505,,499.0,363.0,49.0,42.0,74.0,80.0,431.0,199.0,0.462,4.0,0.0,0.0,141.0,101.0,0.716,0.3271461716937355,,,,,,
201577.0,Robin Lopez,2008.0,2009,,85.0,281.0,Center,60,614.3333333333334,10.238888888888887,,189.0,118.0,8.0,11.0,41.0,28.0,137.0,71.0,0.518,1.0,0.0,0.0,68.0,47.0,0.691,0.4963503649635036,,,,,,
201578.0,Marreese Speights,2008.0,2009,,82.0,255.0,Forward-Center,79,1262.4233333333334,15.980042194092828,,608.0,293.0,30.0,27.0,56.0,46.0,502.0,252.0,0.502,8.0,2.0,0.25,132.0,102.0,0.773,0.2629482071713147,,,,,,
201580.0,JaVale McGee,2008.0,2009,,84.0,270.0,Center-Forward,75,1142.5916666666667,15.234555555555556,,489.0,294.0,23.0,33.0,75.0,61.0,387.0,191.0,0.494,0.0,0.0,0.0,162.0,107.0,0.66,0.4186046511627907,,,,,,
201583.0,Ryan Anderson,2008.0,2009,,81.0,240.0,Forward,66,1312.425,19.88522727272727,,487.0,311.0,52.0,44.0,20.0,63.0,407.0,160.0,0.393,189.0,69.0,0.365,116.0,98.0,0.845,0.285012285012285,,,,,,
201584.0,Courtney Lee,2008.0,2009,,77.0,215.0,Guard,77,1938.745,25.178506493506493,,646.0,178.0,91.0,76.0,14.0,69.0,540.0,243.0,0.45,203.0,82.0,0.404,94.0,78.0,0.83,0.174074074074074,,,,,,
201587.0,Nicolas Batum,2008.0,2009,,79.0,230.0,Guard-Forward,79,1453.7716666666668,18.402172995780592,,426.0,220.0,74.0,50.0,40.0,50.0,361.0,161.0,0.446,168.0,62.0,0.369,52.0,42.0,0.808,0.1440443213296399,,,,,,
201589.0,Darrell Arthur,2008.0,2009,,81.0,235.0,Forward,76,1464.1783333333333,19.26550438596492,,422.0,346.0,43.0,52.0,52.0,47.0,436.0,191.0,0.438,2.0,0.0,0.0,60.0,40.0,0.667,0.1376146788990825,,,,,,
201596.0,Mario Chalmers,2008.0,2009,,74.0,190.0,Guard,82,2625.843333333333,32.02247967479675,,818.0,228.0,403.0,160.0,8.0,165.0,662.0,278.0,0.42,311.0,114.0,0.367,193.0,148.0,0.767,0.2915407854984894,,,,,,
201599.0,DeAndre Jordan,2008.0,2009,,83.0,265.0,Center,53,771.3916666666667,14.554559748427671,,228.0,237.0,11.0,11.0,59.0,41.0,147.0,93.0,0.633,0.0,0.0,0.0,109.0,42.0,0.385,0.7414965986394558,,,,,,
201601.0,Luc Mbah a Moute,2008.0,2009,,80.0,230.0,Forward,82,2113.6916666666666,25.776727642276423,,594.0,487.0,87.0,87.0,45.0,100.0,491.0,227.0,0.462,4.0,0.0,0.0,192.0,140.0,0.729,0.3910386965376782,,,,,,
201934.0,Hasheem Thabeet,2009.0,2010,,87.0,263.0,Center,68,883.2966666666666,12.989656862745097,,208.0,243.0,11.0,15.0,89.0,43.0,131.0,77.0,0.588,0.0,0.0,0.0,93.0,54.0,0.581,0.7099236641221374,,,,,,
201935.0,James Harden,2009.0,2010,,77.0,220.0,Guard,76,1738.36,22.87315789473684,,753.0,244.0,137.0,80.0,20.0,106.0,578.0,233.0,0.403,248.0,93.0,0.375,240.0,194.0,0.808,0.4152249134948096,,,,,,
201936.0,Tyreke Evans,2009.0,2010,,78.0,220.0,Guard,72,2676.58,37.17472222222222,,1450.0,380.0,414.0,109.0,26.0,216.0,1165.0,533.0,0.458,141.0,36.0,0.255,465.0,348.0,0.748,0.3991416309012875,,,,,,
201938.0,Jonny Flynn,2009.0,2010,,72.0,185.0,Guard,81,2339.4166666666665,28.88168724279836,,1094.0,191.0,356.0,82.0,2.0,233.0,952.0,397.0,0.417,215.0,77.0,0.358,270.0,223.0,0.826,0.2836134453781512,,,,,,
201939.0,Stephen Curry,2009.0,2010,,74.0,185.0,Guard,80,2896.213333333333,36.202666666666666,,1399.0,356.0,472.0,152.0,19.0,243.0,1143.0,528.0,0.462,380.0,166.0,0.437,200.0,177.0,0.885,0.1749781277340332,,,,,,
201941.0,Jordan Hill,2009.0,2010,,82.0,240.0,Forward-Center,47,624.0983333333334,13.278687943262412,,244.0,175.0,20.0,14.0,21.0,30.0,201.0,99.0,0.493,2.0,0.0,0.0,68.0,46.0,0.676,0.3383084577114428,,,,,,
201942.0,DeMar DeRozan,2009.0,2010,,78.0,220.0,Guard-Forward,77,1663.6416666666669,21.60573593073593,,662.0,223.0,53.0,43.0,18.0,62.0,512.0,255.0,0.498,16.0,4.0,0.25,194.0,148.0,0.763,0.37890625,,,,,,
201943.0,Brandon Jennings,2009.0,2010,,73.0,170.0,Guard,82,2670.721666666667,32.56977642276423,,1270.0,282.0,470.0,105.0,18.0,200.0,1216.0,451.0,0.371,388.0,145.0,0.374,273.0,223.0,0.817,0.2245065789473684,,,,,,
201944.0,Terrence Williams,2009.0,2010,,78.0,220.0,Guard-Forward,78,1763.5216666666668,22.609252136752136,,656.0,348.0,223.0,43.0,10.0,124.0,651.0,261.0,0.401,100.0,31.0,0.31,144.0,103.0,0.715,0.2211981566820276,,,,,,
201947.0,Earl Clark,2009.0,2010,,82.0,234.0,Forward,51,383.39,7.517450980392157,,140.0,62.0,21.0,7.0,13.0,23.0,151.0,56.0,0.371,5.0,2.0,0.4,36.0,26.0,0.722,0.23841059602649,,,,,,
201949.0,James Johnson,2009.0,2010,,79.0,240.0,Forward,65,757.1766666666666,11.648871794871797,,256.0,128.0,48.0,21.0,43.0,62.0,210.0,95.0,0.452,46.0,15.0,0.326,70.0,51.0,0.729,0.3333333333333333,,,,,,
201950.0,Jrue Holiday,2009.0,2010,,76.0,220.0,Guard,73,1766.7616666666668,24.202214611872147,,587.0,191.0,280.0,79.0,18.0,156.0,520.0,230.0,0.442,159.0,62.0,0.39,86.0,65.0,0.756,0.1653846153846153,,,,,,
201951.0,Ty Lawson,2009.0,2010,,71.0,195.0,Guard,65,1317.4366666666667,20.268256410256413,,542.0,124.0,203.0,48.0,2.0,82.0,390.0,201.0,0.515,83.0,34.0,0.41,140.0,106.0,0.757,0.358974358974359,,,,,,
201952.0,Jeff Teague,2009.0,2010,,75.0,195.0,Guard,71,718.4983333333333,10.11969483568075,,228.0,67.0,122.0,34.0,11.0,50.0,227.0,90.0,0.396,32.0,7.0,0.219,49.0,41.0,0.837,0.2158590308370044,,,,,,
201953.0,Eric Maynor,2009.0,2010,,75.0,175.0,Guard,81,1269.493333333333,15.67275720164609,,382.0,129.0,266.0,40.0,10.0,85.0,368.0,154.0,0.418,71.0,22.0,0.31,72.0,52.0,0.722,0.1956521739130435,,,,,,
201954.0,Darren Collison,2009.0,2010,,72.0,160.0,Guard,76,2109.1316666666667,27.75173245614035,,946.0,192.0,432.0,78.0,4.0,202.0,789.0,376.0,0.477,115.0,46.0,0.4,174.0,148.0,0.851,0.2205323193916349,,,,,,
201956.0,Omri Casspi,2009.0,2010,,81.0,225.0,Forward,77,1931.0933333333328,25.0791341991342,,792.0,349.0,95.0,54.0,17.0,98.0,672.0,300.0,0.446,203.0,75.0,0.369,174.0,117.0,0.672,0.2589285714285714,,,,,,
201958.0,Rodrigue Beaubois,2009.0,2010,,74.0,185.0,Guard,56,699.9133333333333,12.49845238095238,,397.0,78.0,74.0,29.0,12.0,54.0,299.0,155.0,0.518,110.0,45.0,0.409,52.0,42.0,0.808,0.1739130434782608,,,,,,
201959.0,Taj Gibson,2009.0,2010,,81.0,232.0,Forward,82,2203.5816666666665,26.872947154471543,,735.0,611.0,70.0,50.0,104.0,114.0,629.0,311.0,0.494,0.0,0.0,0.0,175.0,113.0,0.646,0.2782193958664546,,,,,,
201961.0,Wayne Ellington,2009.0,2010,,76.0,207.0,Guard,76,1384.2416666666666,18.21370614035088,,505.0,159.0,74.0,20.0,5.0,74.0,448.0,190.0,0.424,162.0,64.0,0.395,70.0,61.0,0.871,0.15625,,,,,,
201966.0,Jermaine Taylor,2009.0,2010,,76.0,210.0,Guard,31,302.6983333333333,9.764462365591395,,128.0,46.0,16.0,10.0,3.0,19.0,119.0,45.0,0.378,22.0,5.0,0.227,46.0,33.0,0.717,0.3865546218487395,,,,,,
201970.0,Sam Young,2009.0,2010,,78.0,225.0,Forward-Guard,80,1321.0466666666666,16.513083333333334,,595.0,201.0,52.0,34.0,20.0,94.0,497.0,224.0,0.451,56.0,11.0,0.196,175.0,136.0,0.777,0.352112676056338,,,,,,
201971.0,DeJuan Blair,2009.0,2010,,79.0,270.0,Center-Forward,82,1494.3166666666666,18.22337398373984,,638.0,526.0,65.0,50.0,39.0,112.0,495.0,275.0,0.556,2.0,0.0,0.0,161.0,88.0,0.547,0.3252525252525252,,,,,,
201972.0,Jon Brockman,2009.0,2010,,79.0,255.0,Forward,52,653.6566666666666,12.570320512820512,,147.0,213.0,22.0,15.0,5.0,23.0,103.0,55.0,0.534,0.0,0.0,0.0,62.0,37.0,0.597,0.6019417475728155,,,,,,
201973.0,Jonas Jerebko,2009.0,2010,,82.0,231.0,Forward,80,2232.2,27.9025,,741.0,478.0,58.0,79.0,29.0,82.0,603.0,290.0,0.481,115.0,36.0,0.313,176.0,125.0,0.71,0.2918739635157545,,,,,,
201974.0,Derrick Brown,2009.0,2010,,80.0,233.0,Forward,57,535.4066666666666,9.393099415204675,,186.0,78.0,19.0,21.0,10.0,19.0,147.0,68.0,0.463,7.0,2.0,0.286,72.0,48.0,0.667,0.4897959183673469,,,,,,
201977.0,Marcus Thornton,2009.0,2010,,76.0,205.0,Guard-Forward,73,1871.5966666666664,25.638310502283105,,1057.0,211.0,114.0,58.0,11.0,76.0,883.0,398.0,0.451,313.0,117.0,0.374,177.0,144.0,0.814,0.2004530011325028,,,,,,
201978.0,Chase Budinger,2009.0,2010,,79.0,209.0,Forward,74,1488.2883333333334,20.112004504504505,,657.0,220.0,88.0,34.0,11.0,48.0,565.0,249.0,0.441,249.0,92.0,0.369,87.0,67.0,0.77,0.1539823008849557,,,,,,
201985.0,A.J. Price,2009.0,2010,,74.0,195.0,Guard,56,865.3116666666666,15.451994047619047,,410.0,88.0,106.0,35.0,3.0,59.0,354.0,145.0,0.41,174.0,60.0,0.345,75.0,60.0,0.8,0.211864406779661,,,,,,
202322.0,John Wall,2010.0,2011,,75.0,210.0,Guard,69,2606.055,37.76891304347826,,1131.0,317.0,574.0,121.0,35.0,261.0,972.0,398.0,0.409,115.0,34.0,0.296,393.0,301.0,0.766,0.404320987654321,,,,,,
202323.0,Evan Turner,2010.0,2011,,78.0,220.0,Guard-Forward,78,1797.4016666666666,23.04361111111111,,565.0,306.0,159.0,49.0,14.0,80.0,529.0,225.0,0.425,44.0,14.0,0.318,125.0,101.0,0.808,0.2362948960302457,,,,,,
202324.0,Derrick Favors,2010.0,2011,,81.0,265.0,Forward,78,1535.7216666666666,19.68873931623932,,533.0,412.0,39.0,29.0,68.0,77.0,416.0,215.0,0.517,0.0,0.0,0.0,173.0,103.0,0.595,0.4158653846153846,,,,,,
202325.0,Wesley Johnson,2010.0,2011,,79.0,215.0,Forward-Guard,79,2069.37,26.19455696202532,,709.0,240.0,148.0,58.0,54.0,95.0,682.0,271.0,0.397,289.0,103.0,0.356,92.0,64.0,0.696,0.1348973607038123,,,,,,
202326.0,DeMarcus Cousins,2010.0,2011,,82.0,270.0,Center,81,2309.4266666666667,28.511440329218107,,1143.0,699.0,204.0,85.0,68.0,268.0,1004.0,432.0,0.43,18.0,3.0,0.167,402.0,276.0,0.687,0.4003984063745019,,,,,,
202327.0,Ekpe Udoh,2010.0,2011,,82.0,245.0,Center-Forward,58,1029.513333333333,17.750229885057472,,236.0,181.0,40.0,22.0,86.0,48.0,222.0,97.0,0.437,0.0,0.0,0.0,64.0,42.0,0.656,0.2882882882882883,,,,,,
202328.0,Greg Monroe,2010.0,2011,,82.0,250.0,Forward-Center,80,2221.863333333333,27.773291666666665,,751.0,601.0,105.0,93.0,45.0,81.0,550.0,303.0,0.551,1.0,0.0,0.0,233.0,145.0,0.622,0.4236363636363636,,,,,,
202329.0,Al-Farouq Aminu,2010.0,2011,,80.0,220.0,Forward,81,1451.835,17.92388888888889,,457.0,267.0,60.0,59.0,25.0,103.0,406.0,160.0,0.394,143.0,45.0,0.315,119.0,92.0,0.773,0.293103448275862,,,,,,
202333.0,Xavier Henry,2010.0,2011,,78.0,220.0,Forward-Guard,38,527.4316666666666,13.879780701754385,,165.0,37.0,18.0,11.0,3.0,13.0,160.0,65.0,0.406,17.0,2.0,0.118,52.0,33.0,0.635,0.325,,,,,,
202334.0,Ed Davis,2010.0,2011,,81.0,218.0,Center-Forward,65,1601.753333333333,24.642358974358974,,501.0,462.0,40.0,39.0,67.0,48.0,373.0,215.0,0.576,0.0,0.0,0.0,128.0,71.0,0.555,0.3431635388739946,,,,,,
202336.0,Larry Sanders,2010.0,2011,,83.0,230.0,Forward-Center,60,872.1616666666666,14.536027777777775,,260.0,178.0,16.0,22.0,72.0,38.0,268.0,116.0,0.433,0.0,0.0,0.0,50.0,28.0,0.56,0.1865671641791045,,,,,,
202338.0,Kevin Séraphin,2010.0,2011,,82.0,278.0,Forward-Center,58,634.6283333333333,10.941867816091952,,154.0,152.0,10.0,17.0,28.0,42.0,147.0,66.0,0.449,0.0,0.0,0.0,31.0,22.0,0.71,0.2108843537414966,,,,,,
202339.0,Eric Bledsoe,2010.0,2011,,73.0,214.0,Guard,81,1840.5333333333333,22.722633744855965,,543.0,223.0,289.0,92.0,26.0,194.0,486.0,206.0,0.424,116.0,32.0,0.276,133.0,99.0,0.744,0.2736625514403292,,,,,,
202344.0,Trevor Booker,2010.0,2011,,80.0,228.0,Forward,65,1063.0916666666667,16.35525641025641,,346.0,251.0,35.0,29.0,42.0,38.0,253.0,139.0,0.549,1.0,0.0,0.0,101.0,68.0,0.673,0.3992094861660079,,,,,,
202347.0,Quincy Pondexter,2010.0,2011,,79.0,230.0,Forward,66,733.5716666666667,11.114722222222223,,188.0,88.0,28.0,17.0,10.0,16.0,180.0,73.0,0.406,50.0,18.0,0.36,34.0,24.0,0.706,0.1888888888888888,,,,,,
202361.0,Landry Fields,2010.0,2011,,79.0,215.0,Guard-Forward,82,2541.3283333333334,30.99180894308943,,797.0,521.0,155.0,80.0,17.0,107.0,602.0,299.0,0.497,219.0,86.0,0.393,147.0,113.0,0.769,0.2441860465116279,,,,,,
202681.0,Kyrie Irving,2011.0,2012,,74.0,195.0,Guard,51,1557.8516666666667,30.54611111111112,,944.0,191.0,275.0,54.0,20.0,160.0,747.0,350.0,0.469,183.0,73.0,0.399,196.0,171.0,0.872,0.2623828647925033,,,,,,
202682.0,Derrick Williams,2011.0,2012,,80.0,240.0,Forward,66,1417.685,21.48007575757576,,583.0,311.0,38.0,30.0,31.0,77.0,498.0,205.0,0.412,138.0,37.0,0.268,195.0,136.0,0.697,0.3915662650602409,,,,,,
202683.0,Enes Freedom,2011.0,2012,,82.0,250.0,Center,66,874.435,13.24901515151515,,304.0,278.0,8.0,18.0,23.0,54.0,236.0,117.0,0.496,1.0,0.0,0.0,105.0,70.0,0.667,0.4449152542372881,,,,,,
202684.0,Tristan Thompson,2011.0,2012,,81.0,254.0,Center-Forward,60,1423.753333333333,23.729222222222223,,494.0,389.0,27.0,27.0,62.0,81.0,442.0,194.0,0.439,2.0,0.0,0.0,192.0,106.0,0.552,0.4343891402714932,,,,,,
202686.0,Jan Veselý,2011.0,2012,,84.0,242.0,Forward,57,1077.5583333333334,18.90453216374269,,267.0,249.0,47.0,39.0,32.0,60.0,218.0,117.0,0.537,1.0,0.0,0.0,62.0,33.0,0.532,0.2844036697247706,,,,,,
202687.0,Bismack Biyombo,2011.0,2012,,80.0,255.0,Center,63,1455.22,23.09873015873016,,327.0,368.0,27.0,20.0,115.0,71.0,278.0,129.0,0.464,0.0,0.0,0.0,143.0,69.0,0.483,0.5143884892086331,,,,,,
202688.0,Brandon Knight,2011.0,2012,,74.0,182.0,Guard,66,2128.495,32.24992424242424,,847.0,211.0,251.0,49.0,10.0,171.0,769.0,319.0,0.415,276.0,105.0,0.38,137.0,104.0,0.759,0.1781534460338101,,,,,,
202689.0,Kemba Walker,2011.0,2012,,72.0,184.0,Guard,66,1792.0466666666666,27.15222222222222,,799.0,234.0,289.0,60.0,20.0,119.0,767.0,281.0,0.366,226.0,69.0,0.305,213.0,168.0,0.789,0.2777053455019557,,,,,,
202690.0,Jimmer Fredette,2011.0,2012,,74.0,195.0,Guard,61,1134.66,18.60098360655737,,462.0,73.0,108.0,30.0,3.0,67.0,446.0,172.0,0.386,216.0,78.0,0.361,48.0,40.0,0.833,0.1076233183856502,,,,,,
202691.0,Klay Thompson,2011.0,2012,,77.0,220.0,Guard,66,1607.665,24.358560606060607,,826.0,161.0,133.0,49.0,20.0,103.0,718.0,318.0,0.443,268.0,111.0,0.414,91.0,79.0,0.868,0.1267409470752089,,,,,,
202692.0,Alec Burks,2011.0,2012,,77.0,214.0,Guard,59,938.9033333333332,15.913615819209038,,425.0,132.0,55.0,27.0,5.0,51.0,357.0,153.0,0.429,45.0,15.0,0.333,143.0,104.0,0.727,0.4005602240896359,,,,,,
202695.0,Kawhi Leonard,2011.0,2012,,78.0,225.0,Forward,64,1534.3966666666668,23.974947916666668,,507.0,327.0,70.0,85.0,24.0,44.0,404.0,199.0,0.493,109.0,41.0,0.376,88.0,68.0,0.773,0.2178217821782178,,,,,,
202697.0,Iman Shumpert,2011.0,2012,,77.0,212.0,Guard,59,1705.4666666666667,28.906214689265536,,563.0,186.0,164.0,101.0,8.0,111.0,534.0,214.0,0.401,157.0,48.0,0.306,109.0,87.0,0.798,0.2041198501872659,,,,,,
202698.0,Chris Singleton,2011.0,2012,,81.0,228.0,Forward,66,1430.7383333333332,21.67785353535353,,306.0,233.0,49.0,70.0,30.0,38.0,312.0,116.0,0.372,127.0,44.0,0.346,44.0,30.0,0.682,0.141025641025641,,,,,,
202699.0,Tobias Harris,2011.0,2012,,80.0,226.0,Forward,42,479.015,11.405119047619047,,208.0,101.0,22.0,13.0,7.0,31.0,169.0,79.0,0.467,23.0,6.0,0.261,54.0,44.0,0.815,0.3195266272189349,,,,,,
202704.0,Reggie Jackson,2011.0,2012,,74.0,208.0,Guard,45,500.7133333333333,11.126962962962962,,140.0,53.0,71.0,25.0,1.0,36.0,159.0,51.0,0.321,62.0,13.0,0.21,29.0,25.0,0.862,0.1823899371069182,,,,,,
202705.0,MarShon Brooks,2011.0,2012,,77.0,200.0,Guard,56,1648.3066666666666,29.43404761904761,,708.0,200.0,131.0,52.0,15.0,118.0,640.0,274.0,0.428,150.0,47.0,0.313,148.0,113.0,0.764,0.23125,,,,,,
202714.0,Shelvin Mack,2011.0,2012,,75.0,203.0,Guard,64,779.48,12.179375,,230.0,92.0,131.0,28.0,2.0,48.0,220.0,88.0,0.4,42.0,12.0,0.286,59.0,42.0,0.712,0.2681818181818182,,,,,,
202718.0,Chandler Parsons,2011.0,2012,,81.0,230.0,Forward,63,1804.365,28.640714285714285,,599.0,300.0,134.0,73.0,29.0,81.0,549.0,248.0,0.452,178.0,60.0,0.337,78.0,43.0,0.551,0.1420765027322404,,,,,,
202724.0,Charles Jenkins,2011.0,2012,,75.0,215.0,Guard,51,892.8933333333333,17.507712418300653,,297.0,68.0,170.0,33.0,6.0,60.0,291.0,130.0,0.447,20.0,3.0,0.15,39.0,34.0,0.872,0.134020618556701,,,,,,
202738.0,Isaiah Thomas,2011.0,2012,,69.0,185.0,Guard,65,1655.44,25.468307692307693,,749.0,168.0,266.0,53.0,8.0,105.0,571.0,256.0,0.448,219.0,83.0,0.379,185.0,154.0,0.832,0.3239929947460595,,,,,,
203076.0,Anthony Davis,2012.0,2013,,82.0,253.0,Forward-Center,64,1845.9516666666664,28.842994791666666,,867.0,522.0,63.0,75.0,112.0,89.0,676.0,349.0,0.516,6.0,0.0,0.0,225.0,169.0,0.751,0.3328402366863905,,,,,,
203077.0,Michael Kidd-Gilchrist,2012.0,2013,,78.0,232.0,Forward,78,2024.763333333333,25.958504273504275,,704.0,455.0,117.0,54.0,70.0,101.0,613.0,281.0,0.458,9.0,2.0,0.222,187.0,140.0,0.749,0.3050570962479608,,,,,,
203078.0,Bradley Beal,2012.0,2013,,76.0,207.0,Guard,56,1744.5716666666667,31.15306547619048,,780.0,211.0,137.0,50.0,29.0,90.0,687.0,282.0,0.41,236.0,91.0,0.386,159.0,125.0,0.786,0.2314410480349345,,,,,,
203079.0,Dion Waiters,2012.0,2013,,75.0,210.0,Guard,61,1756.305,28.79188524590164,,894.0,149.0,183.0,59.0,16.0,121.0,815.0,336.0,0.412,203.0,63.0,0.31,213.0,159.0,0.746,0.2613496932515337,,,,,,
203080.0,Thomas Robinson,2012.0,2013,,82.0,237.0,Forward,70,1055.715,15.081642857142857,,333.0,315.0,46.0,41.0,26.0,88.0,321.0,138.0,0.43,1.0,0.0,0.0,109.0,57.0,0.523,0.3395638629283489,,,,,,
203081.0,Damian Lillard,2012.0,2013,,74.0,200.0,Guard,82,3166.87,38.62036585365853,,1562.0,257.0,531.0,74.0,19.0,243.0,1288.0,553.0,0.429,503.0,185.0,0.368,321.0,271.0,0.844,0.249223602484472,,,,,,
203084.0,Harrison Barnes,2012.0,2013,,79.0,225.0,Forward,81,2057.5316666666668,25.401625514403293,,748.0,333.0,98.0,52.0,14.0,101.0,628.0,276.0,0.439,145.0,52.0,0.359,190.0,144.0,0.758,0.3025477707006369,,,,,,
203085.0,Austin Rivers,2012.0,2013,,76.0,200.0,Guard,61,1417.55,23.238524590163934,,377.0,109.0,127.0,26.0,9.0,74.0,390.0,145.0,0.372,86.0,28.0,0.326,108.0,59.0,0.546,0.2769230769230769,,,,,,
203086.0,Meyers Leonard,2012.0,2013,,84.0,260.0,Forward-Center,69,1206.2516666666668,17.481908212560388,,377.0,255.0,33.0,11.0,38.0,49.0,277.0,151.0,0.545,7.0,3.0,0.429,89.0,72.0,0.809,0.3212996389891697,,,,,,
203090.0,Maurice Harkless,2012.0,2013,,79.0,220.0,Forward-Guard,76,1973.605,25.968486842105264,,625.0,335.0,50.0,88.0,62.0,69.0,564.0,260.0,0.461,117.0,32.0,0.274,128.0,73.0,0.57,0.226950354609929,,,,,,
203092.0,Tyler Zeller,2012.0,2013,,83.0,250.0,Forward-Center,77,2033.1783333333333,26.40491341991342,,610.0,438.0,96.0,35.0,70.0,95.0,559.0,245.0,0.438,4.0,0.0,0.0,157.0,120.0,0.764,0.2808586762075134,,,,,,
203094.0,Andrew Nicholson,2012.0,2013,,81.0,250.0,Forward,75,1249.4083333333333,16.65877777777778,,587.0,258.0,44.0,24.0,32.0,79.0,486.0,256.0,0.527,0.0,0.0,0.0,94.0,75.0,0.798,0.1934156378600823,,,,,,
203104.0,Marquis Teague,2012.0,2013,,74.0,189.0,Guard,48,391.9216666666667,8.165034722222222,,99.0,44.0,63.0,9.0,7.0,35.0,113.0,43.0,0.381,23.0,4.0,0.174,16.0,9.0,0.563,0.1415929203539823,,,,,,
203109.0,Jae Crowder,2012.0,2013,,78.0,235.0,Forward,78,1353.165,17.34826923076923,,392.0,187.0,94.0,63.0,17.0,49.0,367.0,141.0,0.384,192.0,63.0,0.328,73.0,47.0,0.644,0.1989100817438692,,,,,,
203111.0,Orlando Johnson,2012.0,2013,,77.0,220.0,Guard,51,618.6566666666666,12.130522875816991,,203.0,110.0,47.0,11.0,9.0,29.0,180.0,72.0,0.4,94.0,36.0,0.383,32.0,23.0,0.719,0.1777777777777777,,,,,,
203112.0,Quincy Acy,2012.0,2013,,79.0,240.0,Forward,29,342.33666666666664,11.80471264367816,,116.0,77.0,11.0,13.0,15.0,17.0,75.0,42.0,0.56,2.0,1.0,0.5,38.0,31.0,0.816,0.5066666666666667,,,,,,
203115.0,Will Barton,2012.0,2013,,77.0,181.0,Guard,73,893.77,12.243424657534248,,295.0,145.0,58.0,34.0,9.0,60.0,309.0,118.0,0.382,65.0,9.0,0.138,65.0,50.0,0.769,0.2103559870550161,,,,,,
203117.0,Doron Lamb,2012.0,2013,,76.0,200.0,Guard,47,577.7783333333333,12.293156028368792,,154.0,46.0,32.0,13.0,0.0,26.0,163.0,60.0,0.368,37.0,14.0,0.378,34.0,20.0,0.588,0.2085889570552147,,,,,,
203121.0,Darius Miller,2012.0,2013,,78.0,225.0,Forward,52,694.0,13.346153846153848,,118.0,78.0,44.0,17.0,12.0,23.0,108.0,44.0,0.407,56.0,22.0,0.393,8.0,8.0,1.0,0.074074074074074,,,,,,
203124.0,Kyle O'Quinn,2012.0,2013,,81.0,250.0,Center-Forward,57,637.9166666666666,11.191520467836256,,232.0,209.0,52.0,11.0,26.0,37.0,197.0,101.0,0.513,1.0,0.0,0.0,45.0,30.0,0.667,0.2284263959390862,,,,,,
203461.0,Anthony Bennett,2013.0,2014,,80.0,235.0,Forward,52,662.6383333333333,12.743044871794872,,217.0,155.0,17.0,21.0,8.0,47.0,225.0,80.0,0.356,53.0,13.0,0.245,69.0,44.0,0.638,0.3066666666666666,,,,,,
203506.0,Victor Oladipo,2013.0,2014,,75.0,213.0,Guard,80,2486.4933333333333,31.081166666666668,,1106.0,329.0,327.0,129.0,37.0,256.0,936.0,392.0,0.419,226.0,74.0,0.327,318.0,248.0,0.78,0.3397435897435897,,,,,,
203469.0,Cody Zeller,2013.0,2014,,83.0,240.0,Forward-Center,82,1416.6816666666666,17.27660569105691,,490.0,353.0,92.0,40.0,41.0,87.0,404.0,172.0,0.426,1.0,0.0,0.0,200.0,146.0,0.73,0.495049504950495,,,,,,
203463.0,Ben McLemore,2013.0,2014,,75.0,195.0,Guard,82,2186.9066666666668,26.66959349593496,,720.0,235.0,82.0,45.0,18.0,96.0,679.0,255.0,0.376,297.0,95.0,0.32,143.0,115.0,0.804,0.2106038291605302,,,,,,
203484.0,Kentavious Caldwell-Pope,2013.0,2014,,77.0,204.0,Guard,80,1582.513333333333,19.781416666666665,,470.0,156.0,55.0,75.0,12.0,28.0,460.0,182.0,0.396,185.0,59.0,0.319,61.0,47.0,0.77,0.1326086956521739,,,,,,
203504.0,Trey Burke,2013.0,2014,,72.0,185.0,Guard,70,2262.43,32.32042857142857,,895.0,208.0,396.0,42.0,6.0,131.0,897.0,341.0,0.38,336.0,111.0,0.33,113.0,102.0,0.903,0.1259754738015607,,,,,,
203468.0,CJ McCollum,2013.0,2014,,75.0,190.0,Guard,38,475.74,12.519473684210526,,201.0,48.0,27.0,14.0,2.0,35.0,178.0,74.0,0.416,80.0,30.0,0.375,34.0,23.0,0.676,0.1910112359550561,,,,,,
203487.0,Michael Carter-Williams,2013.0,2014,,77.0,190.0,Guard,70,2413.9133333333334,34.484476190476194,,1167.0,437.0,441.0,130.0,43.0,247.0,1054.0,427.0,0.405,208.0,55.0,0.264,367.0,258.0,0.703,0.3481973434535104,,,,,,
203482.0,Kelly Olynyk,2013.0,2014,,84.0,240.0,Forward-Center,70,1399.955,19.999357142857143,,607.0,365.0,109.0,35.0,27.0,106.0,502.0,234.0,0.466,114.0,40.0,0.351,122.0,99.0,0.811,0.2430278884462151,,,,,,
203507.0,Giannis Antetokounmpo,2013.0,2014,,83.0,243.0,Forward,77,1896.8083333333327,24.63387445887446,,525.0,339.0,150.0,60.0,61.0,122.0,418.0,173.0,0.414,118.0,41.0,0.347,202.0,138.0,0.683,0.4832535885167464,,,,,,
203501.0,Tim Hardaway Jr.,2013.0,2014,,77.0,205.0,Guard-Forward,81,1875.4783333333328,23.154053497942385,,824.0,121.0,66.0,44.0,7.0,47.0,687.0,294.0,0.428,358.0,130.0,0.363,128.0,106.0,0.828,0.1863173216885007,,,,,,
203460.0,Andre Roberson,2013.0,2014,,79.0,210.0,Guard-Forward,40,399.04333333333335,9.976083333333332,,75.0,94.0,15.0,19.0,10.0,19.0,68.0,33.0,0.485,13.0,2.0,0.154,10.0,7.0,0.7,0.1470588235294117,,,,,,
203462.0,Archie Goodwin,2013.0,2014,,77.0,205.0,Guard,52,532.88,10.247692307692308,,194.0,87.0,20.0,20.0,11.0,44.0,167.0,76.0,0.455,36.0,5.0,0.139,55.0,37.0,0.673,0.3293413173652694,,,,,,
203489.0,Nate Wolters,2013.0,2014,,76.0,190.0,Guard,58,1309.3583333333331,22.57514367816092,,417.0,149.0,187.0,35.0,15.0,57.0,389.0,170.0,0.437,62.0,18.0,0.29,90.0,59.0,0.656,0.2313624678663239,,,,,,
203527.0,Ryan Kelly,2013.0,2014,,83.0,230.0,Forward,59,1311.8666666666666,22.235028248587568,,472.0,219.0,95.0,32.0,45.0,47.0,371.0,157.0,0.423,142.0,48.0,0.338,135.0,110.0,0.815,0.3638814016172507,,,,,,
203952.0,Andrew Wiggins,2014.0,2015,,78.0,197.0,Forward,82,2968.7966666666666,36.20483739837398,,1387.0,374.0,170.0,86.0,50.0,177.0,1137.0,497.0,0.437,126.0,39.0,0.31,466.0,354.0,0.76,0.4098504837291117,,,,,,
203957.0,Dante Exum,2014.0,2015,,77.0,214.0,Guard,82,1817.05,22.159146341463416,,393.0,131.0,198.0,41.0,14.0,118.0,416.0,145.0,0.349,264.0,83.0,0.314,32.0,20.0,0.625,0.0769230769230769,,,,,,
203935.0,Marcus Smart,2014.0,2015,,75.0,220.0,Guard,67,1808.2266666666667,26.988457711442788,,523.0,222.0,208.0,99.0,18.0,90.0,477.0,175.0,0.367,272.0,91.0,0.335,127.0,82.0,0.646,0.2662473794549266,,,,,,
203901.0,Elfrid Payton,2014.0,2015,,75.0,195.0,Guard,82,2488.6666666666665,30.34959349593496,,731.0,349.0,533.0,142.0,20.0,203.0,708.0,301.0,0.425,42.0,11.0,0.262,214.0,118.0,0.551,0.3022598870056497,,,,,,
203897.0,Zach LaVine,2014.0,2015,,77.0,200.0,Guard,77,1901.7216666666664,24.69768398268398,,778.0,214.0,276.0,54.0,10.0,193.0,677.0,286.0,0.422,167.0,57.0,0.341,177.0,149.0,0.842,0.2614475627769572,,,,,,
203933.0,T.J. Warren,2014.0,2015,,80.0,220.0,Forward,40,614.13,15.35325,,245.0,85.0,25.0,18.0,9.0,27.0,214.0,113.0,0.528,21.0,5.0,0.238,19.0,14.0,0.737,0.0887850467289719,,,,,,
203940.0,Adreian Payne,2014.0,2015,,82.0,237.0,Forward,32,739.6383333333333,23.113697916666663,,213.0,162.0,30.0,19.0,9.0,44.0,220.0,91.0,0.414,9.0,1.0,0.111,46.0,30.0,0.652,0.209090909090909,,,,,,
203994.0,Jusuf Nurkić,2014.0,2015,,83.0,290.0,Center,62,1103.2583333333334,17.79448924731183,,426.0,382.0,50.0,52.0,68.0,86.0,383.0,171.0,0.446,2.0,0.0,0.0,132.0,84.0,0.636,0.3446475195822454,,,,,,
203898.0,Tyler Ennis,2014.0,2015,,75.0,194.0,Guard,33,411.42333333333335,12.467373737373736,,121.0,35.0,73.0,18.0,5.0,42.0,144.0,52.0,0.361,43.0,12.0,0.279,7.0,5.0,0.714,0.0486111111111111,,,,,,
203894.0,Shabazz Napier,2014.0,2015,,72.0,175.0,Guard,51,1011.58,19.834901960784315,,261.0,113.0,130.0,40.0,4.0,81.0,228.0,87.0,0.382,118.0,43.0,0.364,56.0,44.0,0.786,0.2456140350877192,,,,,,
203937.0,Kyle Anderson,2014.0,2015,,80.0,230.0,Forward-Guard,33,358.08,10.85090909090909,,74.0,72.0,28.0,15.0,7.0,10.0,89.0,31.0,0.348,11.0,3.0,0.273,14.0,9.0,0.643,0.1573033707865168,,,,,,
203909.0,K.J. McDaniels,2014.0,2015,,78.0,205.0,Guard-Forward,62,1351.895,21.80475806451613,,487.0,200.0,72.0,44.0,70.0,105.0,434.0,172.0,0.396,150.0,43.0,0.287,133.0,100.0,0.752,0.3064516129032258,,,,,,
203924.0,Jerami Grant,2014.0,2015,,79.0,213.0,Forward,65,1376.5483333333334,21.177666666666667,,411.0,198.0,79.0,40.0,68.0,85.0,352.0,124.0,0.352,156.0,49.0,0.314,193.0,114.0,0.591,0.5482954545454546,,,,,,
203900.0,Markel Brown,2014.0,2015,,75.0,190.0,Guard,47,781.4166666666666,16.625886524822693,,216.0,107.0,39.0,31.0,12.0,27.0,210.0,76.0,0.362,64.0,17.0,0.266,57.0,47.0,0.825,0.2714285714285714,,,,,,
203903.0,Jordan Clarkson,2014.0,2015,,77.0,194.0,Guard,59,1475.8233333333333,25.013954802259885,,703.0,191.0,206.0,51.0,12.0,96.0,596.0,267.0,0.448,121.0,38.0,0.314,158.0,131.0,0.829,0.2651006711409396,,,,,,
1626157.0,Karl-Anthony Towns,2015.0,2016,,84.0,248.0,Center-Forward,82,2626.485,32.03030487804878,,1503.0,858.0,161.0,58.0,138.0,183.0,1153.0,625.0,0.542,88.0,30.0,0.341,275.0,223.0,0.811,0.238508239375542,,,,,,
1626156.0,D'Angelo Russell,2015.0,2016,,75.0,193.0,Guard,80,2259.08,28.2385,,1054.0,274.0,266.0,93.0,13.0,196.0,956.0,392.0,0.41,370.0,130.0,0.351,190.0,140.0,0.737,0.1987447698744769,,,,,,
1626143.0,Jahlil Okafor,2015.0,2016,,82.0,270.0,Center-Forward,53,1590.565,30.01066037735849,,928.0,373.0,65.0,22.0,61.0,124.0,781.0,397.0,0.508,6.0,1.0,0.167,194.0,133.0,0.686,0.2483994878361075,,,,,,
204001.0,Kristaps Porziņģis,2015.0,2016,,86.0,240.0,Forward-Center,72,2046.4616666666664,28.423078703703705,,1028.0,526.0,94.0,53.0,134.0,121.0,886.0,373.0,0.421,243.0,81.0,0.333,240.0,201.0,0.838,0.2708803611738149,,,,,,
1626209.0,Mario Hezonja,2015.0,2016,,80.0,220.0,Forward-Guard,79,1412.8533333333332,17.8842194092827,,478.0,176.0,109.0,39.0,17.0,97.0,418.0,181.0,0.433,192.0,67.0,0.349,54.0,49.0,0.907,0.1291866028708134,,,,,,
1626161.0,Willie Cauley-Stein,2015.0,2016,,84.0,240.0,Center,66,1411.545,21.38704545454545,,463.0,352.0,37.0,47.0,66.0,46.0,339.0,191.0,0.563,2.0,0.0,0.0,125.0,81.0,0.648,0.3687315634218289,,,,,,
1626144.0,Emmanuel Mudiay,2015.0,2016,,75.0,200.0,Guard,68,2067.8866666666668,30.410098039215686,,872.0,232.0,372.0,65.0,35.0,217.0,905.0,329.0,0.364,232.0,74.0,0.319,209.0,140.0,0.67,0.230939226519337,,,,,,
1626169.0,Stanley Johnson,2015.0,2016,,78.0,242.0,Forward-Guard,73,1687.0716666666667,23.11057077625571,,593.0,306.0,118.0,55.0,12.0,114.0,600.0,225.0,0.375,205.0,63.0,0.307,102.0,80.0,0.784,0.17,,,,,,
1626163.0,Frank Kaminsky,2015.0,2016,,84.0,240.0,Forward-Center,81,1707.5733333333333,21.081152263374484,,606.0,335.0,98.0,38.0,43.0,58.0,525.0,215.0,0.41,202.0,68.0,0.337,148.0,108.0,0.73,0.2819047619047619,,,,,,
1626159.0,Justise Winslow,2015.0,2016,,78.0,222.0,Forward-Guard,78,2232.135,28.61711538461539,,502.0,403.0,118.0,68.0,26.0,95.0,462.0,195.0,0.422,116.0,32.0,0.276,117.0,80.0,0.684,0.2532467532467532,,,,,,
1626167.0,Myles Turner,2015.0,2016,,83.0,250.0,Center-Forward,60,1367.185,22.786416666666664,,619.0,332.0,41.0,25.0,86.0,67.0,530.0,264.0,0.498,14.0,3.0,0.214,121.0,88.0,0.727,0.2283018867924528,,,,,,
1626168.0,Trey Lyles,2015.0,2016,,81.0,234.0,Forward,80,1382.3933333333334,17.27991666666667,,488.0,299.0,59.0,26.0,18.0,65.0,436.0,191.0,0.438,128.0,49.0,0.383,82.0,57.0,0.695,0.1880733944954128,,,,,,
1626164.0,Devin Booker,2015.0,2016,,77.0,206.0,Guard,76,2107.665,27.73243421052632,,1048.0,187.0,200.0,44.0,20.0,160.0,867.0,367.0,0.423,289.0,99.0,0.343,256.0,215.0,0.84,0.2952710495963091,,,,,,
1626166.0,Cameron Payne,2015.0,2016,,75.0,183.0,Guard,57,697.6133333333333,12.238830409356725,,283.0,85.0,108.0,36.0,6.0,44.0,278.0,114.0,0.41,111.0,36.0,0.324,24.0,19.0,0.792,0.0863309352517985,,,,,,
1626179.0,Terry Rozier,2015.0,2016,,73.0,190.0,Guard,39,311.325,7.982692307692307,,72.0,63.0,37.0,6.0,1.0,19.0,106.0,29.0,0.274,27.0,6.0,0.222,10.0,8.0,0.8,0.0943396226415094,,,,,,
1626173.0,Rashad Vaughn,2015.0,2016,,78.0,202.0,Guard,70,1000.6933333333334,14.295619047619049,,217.0,88.0,39.0,29.0,16.0,28.0,266.0,81.0,0.305,147.0,43.0,0.293,15.0,12.0,0.8,0.056390977443609,,,,,,
1626170.0,Jerian Grant,2015.0,2016,,76.0,198.0,Guard,76,1264.7733333333333,16.641754385964912,,426.0,143.0,177.0,50.0,10.0,87.0,391.0,154.0,0.394,100.0,22.0,0.22,123.0,96.0,0.78,0.3145780051150895,,,,,,
1626147.0,Justin Anderson,2015.0,2016,,77.0,231.0,Forward-Guard,55,646.8766666666667,11.76139393939394,,208.0,132.0,29.0,19.0,25.0,24.0,175.0,71.0,0.406,83.0,22.0,0.265,55.0,44.0,0.8,0.3142857142857143,,,,,,
1626171.0,Bobby Portis,2015.0,2016,,81.0,250.0,Forward,62,1102.08,17.77548387096774,,436.0,337.0,52.0,25.0,22.0,54.0,436.0,186.0,0.427,52.0,16.0,0.308,66.0,48.0,0.727,0.1513761467889908,,,,,,
1626145.0,Tyus Jones,2015.0,2016,,72.0,196.0,Guard,37,572.72,15.47891891891892,,156.0,47.0,108.0,31.0,3.0,33.0,156.0,56.0,0.359,53.0,16.0,0.302,39.0,28.0,0.718,0.25,,,,,,
1626185.0,Jarell Martin,2015.0,2016,,82.0,239.0,Forward,27,379.54,14.057037037037038,,153.0,86.0,15.0,8.0,7.0,19.0,116.0,54.0,0.466,2.0,0.0,0.0,62.0,45.0,0.726,0.5344827586206896,,,,,,
1626149.0,Montrezl Harrell,2015.0,2016,,79.0,240.0,Forward-Center,39,378.6116666666667,9.707991452991454,,140.0,65.0,17.0,11.0,11.0,17.0,90.0,58.0,0.644,1.0,0.0,0.0,46.0,24.0,0.522,0.5111111111111111,,,,,,
1626158.0,Richaun Holmes,2015.0,2016,,81.0,235.0,Forward,51,702.0016666666667,13.764738562091503,,287.0,135.0,33.0,19.0,40.0,32.0,222.0,114.0,0.514,44.0,8.0,0.182,74.0,51.0,0.689,0.3333333333333333,,,,,,
1626199.0,Darrun Hilliard,2015.0,2016,,78.0,220.0,Guard,38,383.01666666666665,10.07938596491228,,152.0,45.0,27.0,9.0,1.0,19.0,131.0,52.0,0.397,50.0,19.0,0.38,40.0,29.0,0.725,0.3053435114503817,,,,,,
201977.0,Marcus Thornton,2015.0,2016,,76.0,205.0,Guard-Forward,61,1108.0783333333334,18.16521857923497,,590.0,150.0,84.0,47.0,4.0,51.0,542.0,216.0,0.399,270.0,91.0,0.337,79.0,67.0,0.848,0.1457564575645756,,,,,,
1627742.0,Brandon Ingram,2016.0,2017,,80.0,190.0,Forward,79,2279.2616666666668,28.851413502109708,,740.0,316.0,166.0,50.0,36.0,116.0,686.0,276.0,0.402,187.0,55.0,0.294,214.0,133.0,0.621,0.3119533527696793,,,,,,
1627759.0,Jaylen Brown,2016.0,2017,,78.0,223.0,Guard-Forward,78,1341.3266666666666,17.196495726495726,,515.0,220.0,64.0,35.0,18.0,68.0,422.0,192.0,0.455,134.0,46.0,0.343,124.0,85.0,0.685,0.2938388625592417,,,,,,
1627739.0,Kris Dunn,2016.0,2017,,75.0,205.0,Guard,78,1333.0,17.08974358974359,,293.0,166.0,188.0,78.0,36.0,89.0,313.0,118.0,0.377,73.0,21.0,0.288,59.0,36.0,0.61,0.1884984025559105,,,,,,
1627741.0,Buddy Hield,2016.0,2017,,76.0,220.0,Guard,82,1888.1833333333327,23.026626016260163,,866.0,269.0,121.0,38.0,9.0,101.0,767.0,327.0,0.426,379.0,148.0,0.391,76.0,64.0,0.842,0.0990873533246414,,,,,,
1627750.0,Jamal Murray,2016.0,2017,,76.0,215.0,Guard,82,1764.6433333333334,21.520040650406504,,811.0,214.0,170.0,51.0,24.0,113.0,730.0,295.0,0.404,344.0,115.0,0.334,120.0,106.0,0.883,0.1643835616438356,,,,,,
1627737.0,Marquese Chriss,2016.0,2017,,81.0,240.0,Forward,82,1743.36,21.260487804878046,,753.0,348.0,60.0,67.0,70.0,108.0,632.0,284.0,0.449,224.0,72.0,0.321,181.0,113.0,0.624,0.2863924050632911,,,,,,
1627748.0,Thon Maker,2016.0,2017,,84.0,221.0,Forward-Center,57,562.1883333333334,9.86295321637427,,226.0,114.0,23.0,10.0,26.0,17.0,181.0,83.0,0.459,74.0,28.0,0.378,49.0,32.0,0.653,0.2707182320441988,,,,,,
1627734.0,Domantas Sabonis,2016.0,2017,,82.0,240.0,Forward-Center,81,1631.4883333333332,20.141831275720165,,479.0,288.0,82.0,39.0,32.0,83.0,481.0,192.0,0.399,159.0,51.0,0.321,67.0,44.0,0.657,0.1392931392931393,,,,,,
1627761.0,DeAndre' Bembry,2016.0,2017,,77.0,210.0,Guard-Forward,38,370.74,9.756315789473684,,101.0,59.0,28.0,8.0,5.0,16.0,98.0,47.0,0.48,18.0,1.0,0.056,16.0,6.0,0.375,0.1632653061224489,,,,,,
1627789.0,Timothé Luwawu-Cabarrot,2016.0,2017,,79.0,215.0,Guard-Forward,69,1189.91,17.245072463768118,,445.0,149.0,75.0,32.0,10.0,73.0,361.0,145.0,0.402,161.0,50.0,0.311,123.0,105.0,0.854,0.3407202216066482,,,,,,
1627746.0,Skal Labissière,2016.0,2017,,82.0,235.0,Forward-Center,33,611.6383333333333,18.53449494949495,,289.0,162.0,27.0,16.0,13.0,37.0,218.0,117.0,0.537,8.0,3.0,0.375,74.0,52.0,0.703,0.3394495412844037,,,,,,
1627826.0,Ivica Zubac,2016.0,2017,,84.0,240.0,Center,38,608.515,16.013552631578946,,284.0,159.0,30.0,14.0,33.0,30.0,238.0,126.0,0.529,3.0,0.0,0.0,49.0,32.0,0.653,0.2058823529411764,,,,,,
1627763.0,Malcolm Brogdon,2016.0,2017,,76.0,229.0,Guard,75,1982.39,26.431866666666668,,767.0,213.0,317.0,84.0,12.0,113.0,635.0,290.0,0.457,193.0,78.0,0.404,126.0,109.0,0.865,0.1984251968503937,,,,,,
1627775.0,Patrick McCaw,2016.0,2017,,79.0,181.0,Guard,71,1073.995,15.126690140845067,,282.0,100.0,77.0,32.0,15.0,36.0,245.0,106.0,0.433,123.0,41.0,0.333,37.0,29.0,0.784,0.1510204081632653,,,,,,
1627785.0,Isaiah Whitehead,2016.0,2017,,76.0,213.0,Guard,73,1643.4716666666666,22.513310502283105,,543.0,184.0,192.0,42.0,36.0,142.0,508.0,204.0,0.402,149.0,44.0,0.295,113.0,91.0,0.805,0.2224409448818897,,,,,,
1627835.0,Paul Zipser,2016.0,2017,,80.0,226.0,Forward,44,843.38,19.16772727272728,,240.0,125.0,36.0,15.0,16.0,40.0,221.0,88.0,0.398,99.0,33.0,0.333,40.0,31.0,0.775,0.1809954751131221,,,,,,
1628366.0,Lonzo Ball,2017.0,2018,,77.0,190.0,Guard,52,1780.0566666666666,34.23185897435897,,528.0,360.0,376.0,88.0,43.0,136.0,564.0,203.0,0.36,295.0,90.0,0.305,71.0,32.0,0.451,0.125886524822695,,,,,,
1628369.0,Jayson Tatum,2017.0,2018,,80.0,210.0,Forward-Guard,80,2442.911666666667,30.536395833333337,,1112.0,402.0,128.0,83.0,58.0,114.0,835.0,397.0,0.475,242.0,105.0,0.434,258.0,213.0,0.826,0.3089820359281437,,,,,,
1628367.0,Josh Jackson,2017.0,2018,,80.0,207.0,Guard-Forward,77,1959.2183333333328,25.444393939393937,,1012.0,351.0,119.0,80.0,35.0,146.0,932.0,389.0,0.417,217.0,57.0,0.263,279.0,177.0,0.634,0.2993562231759656,,,,,,
1628368.0,De'Aaron Fox,2017.0,2018,,75.0,185.0,Guard,73,2025.53,27.746986301369866,,844.0,204.0,320.0,70.0,20.0,173.0,797.0,328.0,0.412,153.0,47.0,0.307,195.0,141.0,0.723,0.2446675031367628,,,,,,
1628374.0,Lauri Markkanen,2017.0,2018,,85.0,240.0,Forward-Center,68,2020.02,29.70617647058824,,1033.0,508.0,79.0,39.0,40.0,83.0,862.0,374.0,0.434,401.0,145.0,0.362,166.0,140.0,0.843,0.1925754060324826,,,,,,
1628373.0,Frank Ntilikina,2017.0,2018,,76.0,200.0,Guard,78,1705.6483333333333,21.867286324786324,,463.0,177.0,250.0,65.0,18.0,131.0,500.0,182.0,0.364,157.0,50.0,0.318,68.0,49.0,0.721,0.136,,,,,,
1628372.0,Dennis Smith Jr.,2017.0,2018,,75.0,205.0,Guard,69,2049.105,29.69717391304348,,1048.0,260.0,358.0,71.0,18.0,194.0,1024.0,404.0,0.395,339.0,106.0,0.313,193.0,134.0,0.694,0.1884765625,,,,,,
1628370.0,Malik Monk,2017.0,2018,,75.0,200.0,Guard,63,853.505,13.547698412698413,,421.0,66.0,91.0,20.0,9.0,49.0,425.0,153.0,0.36,243.0,83.0,0.342,38.0,32.0,0.842,0.0894117647058823,,,,,,
1628379.0,Luke Kennard,2017.0,2018,,77.0,206.0,Guard,73,1462.7733333333333,20.037990867579907,,558.0,176.0,124.0,44.0,13.0,69.0,465.0,206.0,0.443,195.0,81.0,0.415,76.0,65.0,0.855,0.1634408602150537,,,,,,
1628378.0,Donovan Mitchell,2017.0,2018,,74.0,215.0,Guard,79,2638.11,33.393797468354435,,1616.0,296.0,291.0,118.0,27.0,215.0,1362.0,595.0,0.437,550.0,187.0,0.34,297.0,239.0,0.805,0.2180616740088105,,,,,,
1628389.0,Bam Adebayo,2017.0,2018,,81.0,255.0,Center-Forward,69,1368.185,19.82876811594203,,477.0,381.0,101.0,32.0,41.0,66.0,340.0,174.0,0.512,7.0,0.0,0.0,179.0,129.0,0.721,0.5264705882352941,,,,,,
1628382.0,Justin Jackson,2017.0,2018,,80.0,220.0,Forward,68,1506.2583333333334,22.150857843137256,,453.0,187.0,74.0,28.0,13.0,40.0,419.0,185.0,0.442,185.0,57.0,0.308,36.0,26.0,0.722,0.0859188544152744,,,,,,
1628388.0,T.J. Leaf,2017.0,2018,,82.0,222.0,Forward,53,459.2433333333333,8.66496855345912,,156.0,82.0,9.0,5.0,4.0,10.0,136.0,64.0,0.471,42.0,18.0,0.429,16.0,10.0,0.625,0.1176470588235294,,,,,,
1628381.0,John Collins,2017.0,2018,,81.0,226.0,Forward-Center,74,1784.62,24.116486486486487,,777.0,541.0,98.0,47.0,80.0,105.0,545.0,314.0,0.576,47.0,16.0,0.34,186.0,133.0,0.715,0.3412844036697248,,,,,,
1628386.0,Jarrett Allen,2017.0,2018,,81.0,243.0,Center,72,1441.115,20.015486111111112,,587.0,388.0,49.0,28.0,88.0,82.0,397.0,234.0,0.589,15.0,5.0,0.333,147.0,114.0,0.776,0.3702770780856423,,,,,,
1628384.0,OG Anunoby,2017.0,2018,,79.0,240.0,Forward-Guard,74,1481.4616666666666,20.01975225225225,,438.0,184.0,55.0,52.0,14.0,45.0,346.0,163.0,0.471,197.0,73.0,0.371,62.0,39.0,0.629,0.1791907514450867,,,,,,
1628398.0,Kyle Kuzma,2017.0,2018,,80.0,221.0,Forward,77,2400.905,31.18058441558442,,1242.0,483.0,141.0,49.0,34.0,140.0,1039.0,468.0,0.45,434.0,159.0,0.366,208.0,147.0,0.707,0.2001924927815206,,,,,,
1628404.0,Josh Hart,2017.0,2018,,77.0,215.0,Guard,63,1460.5216666666668,23.1828835978836,,496.0,263.0,80.0,47.0,16.0,47.0,375.0,176.0,0.469,197.0,78.0,0.396,94.0,66.0,0.702,0.2506666666666666,,,,,,
1628411.0,Wes Iwundu,2017.0,2018,,78.0,195.0,Forward,62,1020.305,16.456532258064517,,229.0,137.0,57.0,33.0,12.0,30.0,218.0,93.0,0.427,46.0,9.0,0.196,47.0,34.0,0.723,0.2155963302752293,,,,,,
1628412.0,Frank Mason III,2017.0,2018,,71.0,190.0,Guard,52,983.9933333333332,18.92294871794872,,413.0,130.0,147.0,34.0,10.0,65.0,380.0,144.0,0.379,86.0,31.0,0.36,115.0,94.0,0.817,0.3026315789473684,,,,,,
1628397.0,Ivan Rabb,2017.0,2018,,82.0,220.0,Forward,36,515.61,14.3225,,201.0,158.0,32.0,12.0,13.0,35.0,152.0,86.0,0.566,0.0,0.0,0.0,36.0,29.0,0.806,0.2368421052631578,,,,,,
1628400.0,Semi Ojeleye,2017.0,2018,,78.0,240.0,Forward,73,1150.21,15.756301369863014,,195.0,161.0,20.0,21.0,4.0,25.0,188.0,65.0,0.346,125.0,40.0,0.32,41.0,25.0,0.61,0.2180851063829787,,,,,,
1628395.0,Jordan Bell,2017.0,2018,,79.0,216.0,Forward,57,808.9133333333333,14.191461988304091,,262.0,207.0,102.0,35.0,56.0,51.0,185.0,116.0,0.627,4.0,0.0,0.0,44.0,30.0,0.682,0.2378378378378378,,,,,,
1628407.0,Dwayne Bacon,2017.0,2018,,78.0,221.0,Guard-Forward,53,712.9983333333333,13.452798742138365,,175.0,124.0,38.0,16.0,2.0,23.0,192.0,72.0,0.375,43.0,11.0,0.256,25.0,20.0,0.8,0.1302083333333333,,,,,,
1628416.0,Tyler Dorsey,2017.0,2018,,76.0,180.0,Guard,56,974.21,17.396607142857142,,405.0,130.0,79.0,17.0,5.0,37.0,382.0,144.0,0.377,199.0,72.0,0.362,63.0,45.0,0.714,0.1649214659685864,,,,,,
1628415.0,Dillon Brooks,2017.0,2018,,79.0,225.0,Guard-Forward,82,2349.8316666666665,28.656483739837395,,898.0,257.0,135.0,73.0,17.0,124.0,772.0,340.0,0.44,264.0,94.0,0.356,166.0,124.0,0.747,0.2150259067357512,,,,,,
1628425.0,Sterling Brown,2017.0,2018,,77.0,219.0,Guard-Forward,54,776.4466666666667,14.378641975308645,,217.0,143.0,25.0,31.0,13.0,25.0,205.0,82.0,0.4,91.0,32.0,0.352,24.0,21.0,0.875,0.1170731707317073,,,,,,
1628414.0,Sindarius Thornwell,2017.0,2018,,76.0,215.0,Guard,73,1155.88,15.833972602739728,,282.0,140.0,68.0,48.0,25.0,53.0,233.0,100.0,0.429,61.0,23.0,0.377,88.0,59.0,0.67,0.3776824034334764,,,,,,
1629028.0,Deandre Ayton,2018.0,2019,,84.0,252.0,Center,71,2182.688333333333,30.74208920187794,,1159.0,729.0,125.0,61.0,67.0,126.0,870.0,509.0,0.585,4.0,0.0,0.0,189.0,141.0,0.746,0.2172413793103448,,,,,,
1628963.0,Marvin Bagley III,2018.0,2019,,82.0,235.0,Forward,62,1567.495,25.28217741935484,,923.0,471.0,62.0,33.0,59.0,98.0,706.0,356.0,0.504,96.0,30.0,0.313,262.0,181.0,0.691,0.3711048158640226,,,,,,
1629029.0,Luka Dončić,2018.0,2019,,80.0,230.0,Forward-Guard,72,2317.74,32.19083333333333,,1526.0,563.0,429.0,77.0,25.0,247.0,1186.0,506.0,0.427,514.0,168.0,0.327,485.0,346.0,0.713,0.40893760539629,,,,,,
1628991.0,Jaren Jackson Jr.,2018.0,2019,,82.0,242.0,Forward-Center,58,1514.6883333333333,26.11531609195402,,798.0,272.0,64.0,52.0,82.0,98.0,589.0,298.0,0.506,142.0,51.0,0.359,197.0,151.0,0.766,0.3344651952461799,,,,,,
1629027.0,Trae Young,2018.0,2019,,74.0,164.0,Guard,81,2503.2816666666668,30.90471193415638,,1549.0,301.0,653.0,72.0,15.0,308.0,1256.0,525.0,0.418,482.0,156.0,0.324,414.0,343.0,0.829,0.3296178343949044,,,,,,
1628964.0,Mo Bamba,2018.0,2019,,84.0,231.0,Center,47,766.1933333333334,16.301985815602837,,292.0,233.0,39.0,13.0,64.0,43.0,243.0,117.0,0.481,70.0,21.0,0.3,63.0,37.0,0.587,0.2592592592592592,,,,,,
1628976.0,Wendell Carter Jr.,2018.0,2019,,82.0,270.0,Center-Forward,44,1109.8,25.22272727272728,,455.0,307.0,78.0,26.0,58.0,65.0,371.0,180.0,0.485,32.0,6.0,0.188,112.0,89.0,0.795,0.3018867924528302,,,,,,
1629012.0,Collin Sexton,2018.0,2019,,75.0,190.0,Guard,82,2605.023333333333,31.76857723577236,,1371.0,236.0,243.0,44.0,6.0,185.0,1206.0,519.0,0.43,296.0,119.0,0.402,255.0,214.0,0.839,0.2114427860696517,,,,,,
1628969.0,Mikal Bridges,2018.0,2019,,78.0,209.0,Guard-Forward,82,2417.115,29.477012195121947,,684.0,264.0,173.0,129.0,38.0,70.0,563.0,242.0,0.43,313.0,105.0,0.335,118.0,95.0,0.805,0.2095914742451154,,,,,,
1628983.0,Shai Gilgeous-Alexander,2018.0,2019,,78.0,195.0,Guard,82,2173.9066666666668,26.511056910569103,,889.0,232.0,270.0,96.0,45.0,141.0,716.0,341.0,0.476,139.0,51.0,0.367,195.0,156.0,0.8,0.2723463687150838,,,,,,
1628970.0,Miles Bridges,2018.0,2019,,79.0,225.0,Forward,80,1696.3333333333333,21.204166666666666,,597.0,323.0,95.0,55.0,49.0,50.0,511.0,237.0,0.464,200.0,65.0,0.325,77.0,58.0,0.753,0.1506849315068493,,,,,,
1629010.0,Jerome Robinson,2018.0,2019,,77.0,190.0,Guard,33,320.52,9.712727272727273,,112.0,41.0,19.0,11.0,3.0,13.0,110.0,44.0,0.4,57.0,18.0,0.316,9.0,6.0,0.667,0.0818181818181818,,,,,,
1628989.0,Kevin Huerter,2018.0,2019,,78.0,198.0,Guard-Forward,75,2048.53,27.31373333333333,,727.0,245.0,214.0,65.0,25.0,109.0,657.0,275.0,0.419,353.0,136.0,0.385,56.0,41.0,0.732,0.0852359208523592,,,,,,
1629006.0,Josh Okogie,2018.0,2019,,76.0,213.0,Guard,74,1757.17,23.745540540540546,,570.0,218.0,91.0,88.0,33.0,63.0,508.0,196.0,0.386,215.0,60.0,0.279,162.0,118.0,0.728,0.3188976377952756,,,,,,
1628960.0,Grayson Allen,2018.0,2019,,75.0,198.0,Guard,38,416.29333333333335,10.955087719298248,,211.0,23.0,25.0,6.0,6.0,33.0,178.0,67.0,0.376,99.0,32.0,0.323,60.0,45.0,0.75,0.3370786516853932,,,,,,
1628990.0,Chandler Hutchison,2018.0,2019,,78.0,210.0,Forward-Guard,44,894.615,20.33215909090909,,229.0,185.0,34.0,23.0,6.0,25.0,209.0,96.0,0.459,50.0,14.0,0.28,38.0,23.0,0.605,0.1818181818181818,,,,,,
1629021.0,Moritz Wagner,2018.0,2019,,83.0,245.0,Forward-Center,43,446.18,10.376279069767442,,207.0,85.0,24.0,11.0,13.0,39.0,171.0,71.0,0.415,77.0,22.0,0.286,53.0,43.0,0.811,0.3099415204678362,,,,,,
1629013.0,Landry Shamet,2018.0,2019,,77.0,190.0,Guard,79,1801.8933333333327,22.808776371308017,,722.0,134.0,117.0,37.0,10.0,45.0,557.0,240.0,0.431,396.0,167.0,0.422,93.0,75.0,0.806,0.1669658886894075,,,,,,
1629016.0,Omari Spellman,2018.0,2019,,80.0,245.0,Forward,46,804.5416666666666,17.49003623188406,,272.0,194.0,47.0,26.0,25.0,31.0,244.0,98.0,0.402,128.0,44.0,0.344,45.0,32.0,0.711,0.1844262295081967,,,,,,
1629059.0,Elie Okobo,2018.0,2019,,75.0,190.0,Forward-Guard,53,958.19,18.079056603773587,,304.0,98.0,127.0,32.0,7.0,69.0,290.0,114.0,0.393,132.0,39.0,0.295,47.0,37.0,0.787,0.1620689655172413,,,,,,
1628975.0,Jevon Carter,2018.0,2019,,72.0,200.0,Guard,39,576.5016666666667,14.782094017094018,,172.0,66.0,69.0,26.0,11.0,33.0,185.0,56.0,0.303,102.0,34.0,0.333,32.0,26.0,0.813,0.1729729729729729,,,,,,
1628973.0,Jalen Brunson,2018.0,2019,,74.0,190.0,Guard,73,1591.2583333333334,21.7980593607306,,678.0,169.0,230.0,37.0,4.0,88.0,565.0,264.0,0.467,181.0,63.0,0.348,120.0,87.0,0.725,0.2123893805309734,,,,,,
1629011.0,Mitchell Robinson,2018.0,2019,,84.0,240.0,Center-Forward,66,1359.5083333333334,20.59861111111111,,485.0,423.0,37.0,52.0,161.0,35.0,291.0,202.0,0.694,0.0,0.0,0.0,135.0,81.0,0.6,0.4639175257731959,,,,,,
1629066.0,Rodions Kurucs,2018.0,2019,,81.0,228.0,Forward,63,1293.75,20.535714285714285,,534.0,246.0,52.0,41.0,25.0,77.0,449.0,202.0,0.45,184.0,58.0,0.315,92.0,72.0,0.783,0.2048997772828507,,,,,,
1628971.0,Bruce Brown,2018.0,2019,,76.0,202.0,Guard-Forward,74,1449.3166666666666,19.58536036036036,,319.0,185.0,91.0,40.0,36.0,46.0,314.0,125.0,0.398,93.0,24.0,0.258,60.0,45.0,0.75,0.1910828025477707,,,,,,
1628382.0,Justin Jackson,2018.0,2019,,80.0,220.0,Forward,81,1613.25,19.916666666666668,,583.0,212.0,96.0,32.0,14.0,29.0,485.0,217.0,0.447,245.0,87.0,0.355,79.0,62.0,0.785,0.1628865979381443,,,,,,
1628977.0,Hamidou Diallo,2018.0,2019,,77.0,202.0,Guard,51,526.28,10.319215686274507,,190.0,97.0,17.0,21.0,10.0,23.0,165.0,75.0,0.455,24.0,4.0,0.167,59.0,36.0,0.61,0.3575757575757576,,,,,,
1629001.0,De'Anthony Melton,2018.0,2019,,74.0,200.0,Guard,50,983.89,19.6778,,250.0,134.0,159.0,68.0,23.0,75.0,256.0,100.0,0.391,95.0,29.0,0.305,28.0,21.0,0.75,0.109375,,,,,,
1629004.0,Svi Mykhailiuk,2018.0,2019,,79.0,205.0,Guard-Forward,42,440.13,10.479285714285714,,133.0,36.0,37.0,14.0,1.0,21.0,140.0,46.0,0.329,89.0,29.0,0.326,20.0,12.0,0.6,0.1428571428571428,,,,,,
1628966.0,Keita Bates-Diop,2018.0,2019,,80.0,229.0,Forward,30,503.37666666666667,16.779222222222224,,151.0,83.0,17.0,18.0,14.0,14.0,142.0,60.0,0.423,52.0,13.0,0.25,28.0,18.0,0.643,0.1971830985915492,,,,,,
1629630.0,Ja Morant,2019.0,2020,,74.0,174.0,Guard,67,2074.3233333333333,30.96004975124378,,1193.0,259.0,488.0,58.0,18.0,220.0,937.0,447.0,0.477,179.0,60.0,0.335,308.0,239.0,0.776,0.3287086446104589,,,,,,
1629628.0,RJ Barrett,2019.0,2020,,78.0,214.0,Forward-Guard,56,1704.4216666666666,30.43610119047619,,803.0,279.0,143.0,55.0,17.0,124.0,727.0,292.0,0.402,197.0,63.0,0.32,254.0,156.0,0.614,0.3493810178817056,,,,,,
1629631.0,De'Andre Hunter,2019.0,2020,,79.0,221.0,Forward-Guard,63,2017.935,32.03071428571428,,778.0,286.0,112.0,44.0,18.0,103.0,683.0,280.0,0.41,304.0,108.0,0.355,144.0,110.0,0.764,0.2108345534407028,,,,,,
1629636.0,Darius Garland,2019.0,2020,,73.0,192.0,Guard,59,1823.9683333333328,30.91471751412429,,728.0,111.0,229.0,42.0,4.0,151.0,699.0,280.0,0.401,296.0,105.0,0.355,72.0,63.0,0.875,0.1030042918454935,,,,,,
1629633.0,Jarrett Culver,2019.0,2020,,78.0,195.0,Guard-Forward,63,1505.6066666666666,23.89851851851852,,580.0,212.0,110.0,57.0,38.0,81.0,569.0,230.0,0.404,221.0,66.0,0.299,117.0,54.0,0.462,0.2056239015817223,,,,,,
1629632.0,Coby White,2019.0,2020,,76.0,195.0,Guard,65,1674.0,25.753846153846155,,859.0,230.0,175.0,49.0,6.0,109.0,792.0,312.0,0.394,376.0,133.0,0.354,129.0,102.0,0.791,0.1628787878787878,,,,,,
1629637.0,Jaxson Hayes,2019.0,2020,,84.0,220.0,Center-Forward,64,1079.715,16.870546875,,472.0,259.0,56.0,26.0,55.0,53.0,259.0,174.0,0.672,4.0,1.0,0.25,190.0,123.0,0.647,0.7335907335907336,,,,,,
1629060.0,Rui Hachimura,2019.0,2020,,80.0,230.0,Forward,48,1444.0316666666668,30.08399305555556,,649.0,294.0,87.0,37.0,8.0,53.0,545.0,254.0,0.466,87.0,25.0,0.287,140.0,116.0,0.829,0.2568807339449541,,,,,,
1629629.0,Cam Reddish,2019.0,2020,,79.0,217.0,Forward-Guard,58,1550.745,26.736982758620687,,610.0,216.0,87.0,62.0,28.0,96.0,554.0,213.0,0.384,250.0,83.0,0.332,126.0,101.0,0.802,0.2274368231046931,,,,,,
1629023.0,P.J. Washington,2019.0,2020,,79.0,230.0,Forward,58,1758.9916666666666,30.32744252873563,,710.0,316.0,123.0,51.0,44.0,93.0,589.0,268.0,0.455,230.0,86.0,0.374,136.0,88.0,0.647,0.230899830220713,,,,,,
1629639.0,Tyler Herro,2019.0,2020,,77.0,195.0,Guard,55,1508.08,27.41963636363636,,743.0,224.0,121.0,34.0,9.0,87.0,631.0,270.0,0.428,298.0,116.0,0.389,100.0,87.0,0.87,0.1584786053882725,,,,,,
1629635.0,Sekou Doumbouya,2019.0,2020,,81.0,230.0,Forward,38,753.7266666666667,19.834912280701754,,243.0,118.0,19.0,20.0,8.0,35.0,236.0,92.0,0.39,98.0,28.0,0.286,46.0,31.0,0.674,0.1949152542372881,,,,,,
1629638.0,Nickeil Alexander-Walker,2019.0,2020,,77.0,205.0,Guard,47,590.8033333333333,12.57028368794326,,267.0,84.0,89.0,17.0,8.0,54.0,266.0,98.0,0.368,133.0,46.0,0.346,37.0,25.0,0.676,0.1390977443609022,,,,,,
1629048.0,Goga Bitadze,2019.0,2020,,83.0,250.0,Center-Forward,54,471.2916666666667,8.727623456790123,,172.0,106.0,23.0,10.0,37.0,28.0,150.0,70.0,0.467,42.0,8.0,0.19,33.0,24.0,0.727,0.22,,,,,,
1629680.0,Matisse Thybulle,2019.0,2020,,77.0,202.0,Guard-Forward,65,1287.4316666666666,19.806641025641024,,305.0,107.0,79.0,93.0,47.0,51.0,265.0,112.0,0.423,157.0,56.0,0.357,41.0,25.0,0.61,0.1547169811320754,,,,,,
1629634.0,Brandon Clarke,2019.0,2020,,80.0,215.0,Forward,58,1300.02,22.41413793103448,,700.0,345.0,81.0,32.0,48.0,55.0,479.0,296.0,0.618,64.0,23.0,0.359,112.0,85.0,0.759,0.2338204592901878,,,,,,
1629684.0,Grant Williams,2019.0,2020,,79.0,236.0,Forward,69,1043.2233333333334,15.119178743961353,,237.0,178.0,68.0,30.0,36.0,50.0,211.0,87.0,0.412,96.0,24.0,0.25,54.0,39.0,0.722,0.2559241706161137,,,,,,
1629660.0,Ty Jerome,2019.0,2020,,77.0,195.0,Guard-Forward,31,327.59,10.567419354838709,,102.0,46.0,44.0,15.0,3.0,18.0,113.0,38.0,0.336,50.0,14.0,0.28,16.0,12.0,0.75,0.1415929203539823,,,,,,
1629642.0,Nassir Little,2019.0,2020,,78.0,220.0,Forward-Guard,48,572.485,11.926770833333334,,172.0,108.0,22.0,13.0,14.0,15.0,151.0,65.0,0.43,59.0,14.0,0.237,44.0,28.0,0.636,0.2913907284768212,,,,,,
1629673.0,Jordan Poole,2019.0,2020,,76.0,194.0,Guard,57,1273.89,22.34894736842105,,503.0,118.0,134.0,35.0,10.0,74.0,502.0,167.0,0.333,265.0,74.0,0.279,119.0,95.0,0.798,0.2370517928286852,,,,,,
1629645.0,Kevin Porter Jr.,2019.0,2020,,77.0,203.0,Guard-Forward,50,1161.72,23.2344,,498.0,162.0,109.0,46.0,14.0,93.0,421.0,186.0,0.442,158.0,53.0,0.335,101.0,73.0,0.723,0.2399049881235154,,,,,,
1628998.0,Cody Martin,2019.0,2020,,78.0,205.0,Forward,48,902.695,18.806145833333336,,238.0,158.0,95.0,39.0,9.0,44.0,207.0,89.0,0.43,77.0,18.0,0.234,65.0,42.0,0.646,0.3140096618357488,,,,,,
1629655.0,Daniel Gafford,2019.0,2020,,82.0,265.0,Forward-Center,43,609.0533333333333,14.164031007751936,,220.0,106.0,21.0,13.0,56.0,29.0,134.0,94.0,0.701,0.0,0.0,0.0,60.0,32.0,0.533,0.4477611940298507,,,,,,
1629672.0,Eric Paschall,2019.0,2020,,78.0,255.0,Forward,60,1653.795,27.56325,,837.0,275.0,127.0,32.0,13.0,94.0,640.0,318.0,0.497,129.0,37.0,0.287,212.0,164.0,0.774,0.33125,,,,,,
1629611.0,Terance Mann,2019.0,2020,,78.0,215.0,Guard-Forward,41,362.12,8.83219512195122,,99.0,55.0,53.0,11.0,5.0,18.0,79.0,37.0,0.468,20.0,7.0,0.35,27.0,18.0,0.667,0.3417721518987341,,,,,,
1630162.0,Anthony Edwards,2020.0,2021,,76.0,225.0,Guard,72,2314.1666666666665,32.1412037037037,,1392.0,336.0,211.0,82.0,36.0,160.0,1211.0,505.0,0.417,520.0,171.0,0.329,272.0,211.0,0.776,0.2246077621800165,,,,,,
1630163.0,LaMelo Ball,2020.0,2021,,79.0,180.0,Guard,51,1468.5733333333333,28.79555555555556,,803.0,302.0,313.0,81.0,18.0,145.0,672.0,293.0,0.436,261.0,92.0,0.352,165.0,125.0,0.758,0.2455357142857142,,,,,,
1630172.0,Patrick Williams,2020.0,2021,,78.0,215.0,Forward,71,1983.3566666666663,27.934600938967133,,655.0,327.0,99.0,64.0,46.0,98.0,528.0,255.0,0.483,138.0,54.0,0.391,125.0,91.0,0.728,0.2367424242424242,,,,,,
1630171.0,Isaac Okoro,2020.0,2021,,76.0,225.0,Forward-Guard,67,2173.235,32.43634328358209,,646.0,206.0,128.0,62.0,24.0,86.0,559.0,235.0,0.42,214.0,62.0,0.29,157.0,114.0,0.726,0.2808586762075134,,,,,,
1630168.0,Onyeka Okongwu,2020.0,2021,,82.0,240.0,Forward-Center,50,601.2083333333334,12.024166666666668,,228.0,163.0,18.0,23.0,33.0,29.0,149.0,96.0,0.644,3.0,0.0,0.0,57.0,36.0,0.632,0.3825503355704698,,,,,,
1630167.0,Obi Toppin,2020.0,2021,,81.0,220.0,Forward,62,683.08,11.01741935483871,,253.0,138.0,29.0,17.0,15.0,23.0,209.0,104.0,0.498,85.0,26.0,0.306,26.0,19.0,0.731,0.124401913875598,,,,,,
1630169.0,Tyrese Haliburton,2020.0,2021,,77.0,185.0,Guard,58,1745.6766666666667,30.0978735632184,,753.0,173.0,309.0,77.0,28.0,92.0,619.0,292.0,0.472,296.0,121.0,0.409,56.0,48.0,0.857,0.0904684975767366,,,,,,
1630184.0,Kira Lewis Jr.,2020.0,2021,,73.0,170.0,Guard,54,904.4433333333334,16.748950617283953,,343.0,71.0,124.0,38.0,10.0,34.0,337.0,130.0,0.386,120.0,40.0,0.333,51.0,43.0,0.843,0.1513353115727003,,,,,,
1630174.0,Aaron Nesmith,2020.0,2021,,77.0,215.0,Guard-Forward,46,668.7316666666667,14.537644927536231,,218.0,127.0,23.0,15.0,9.0,23.0,178.0,78.0,0.438,108.0,40.0,0.37,28.0,22.0,0.786,0.1573033707865168,,,,,,
1630191.0,Isaiah Stewart,2020.0,2021,,80.0,250.0,Forward-Center,68,1454.8283333333334,21.39453431372549,,537.0,453.0,59.0,39.0,86.0,67.0,409.0,226.0,0.553,63.0,21.0,0.333,92.0,64.0,0.696,0.2249388753056234,,,,,,
1630197.0,Aleksej Pokusevski,2020.0,2021,,84.0,210.0,Forward,45,1089.915,24.220333333333333,,367.0,212.0,97.0,20.0,42.0,99.0,408.0,139.0,0.341,207.0,58.0,0.28,42.0,31.0,0.738,0.1029411764705882,,,,,,
1630182.0,Josh Green,2020.0,2021,,78.0,200.0,Guard,39,444.63166666666666,11.400811965811966,,101.0,78.0,28.0,16.0,3.0,17.0,93.0,42.0,0.452,25.0,4.0,0.16,23.0,13.0,0.565,0.2473118279569892,,,,,,
1630180.0,Saddiq Bey,2020.0,2021,,80.0,215.0,Guard-Forward,70,1909.0166666666669,27.271666666666665,,857.0,318.0,95.0,52.0,14.0,60.0,691.0,279.0,0.404,460.0,175.0,0.38,147.0,124.0,0.844,0.2127351664254703,,,,,,
1630192.0,Zeke Nnaji,2020.0,2021,,82.0,240.0,Forward-Center,42,397.2783333333333,9.459007936507936,,136.0,65.0,10.0,8.0,4.0,7.0,104.0,50.0,0.481,59.0,24.0,0.407,15.0,12.0,0.8,0.1442307692307692,,,,,,
1630202.0,Payton Pritchard,2020.0,2021,,73.0,195.0,Guard,66,1267.5583333333334,19.205429292929296,,510.0,158.0,120.0,37.0,9.0,53.0,418.0,184.0,0.44,248.0,102.0,0.411,45.0,40.0,0.889,0.1076555023923445,,,,,,
1630183.0,Jaden McDaniels,2020.0,2021,,81.0,185.0,Forward,63,1510.7833333333333,23.98068783068783,,427.0,232.0,71.0,35.0,60.0,47.0,367.0,164.0,0.447,198.0,72.0,0.364,45.0,27.0,0.6,0.1226158038147139,,,,,,
1630201.0,Malachi Flynn,2020.0,2021,,73.0,185.0,Guard,47,927.545,19.735,,353.0,116.0,137.0,38.0,7.0,43.0,340.0,127.0,0.374,168.0,54.0,0.321,56.0,45.0,0.804,0.1647058823529411,,,,,,
1630217.0,Desmond Bane,2020.0,2021,,78.0,215.0,Guard,68,1518.965,22.33772058823529,,625.0,210.0,118.0,41.0,16.0,59.0,499.0,234.0,0.469,271.0,117.0,0.432,49.0,40.0,0.816,0.0981963927855711,,,,,,
1630177.0,Théo Maledon,2020.0,2021,,76.0,175.0,Guard,65,1777.7016666666666,27.34925641025641,,658.0,211.0,227.0,56.0,11.0,141.0,614.0,226.0,0.368,313.0,105.0,0.335,135.0,101.0,0.748,0.2198697068403908,,,,,,
1630240.0,Saben Lee,2020.0,2021,,74.0,183.0,Guard,48,780.595,16.262395833333333,,267.0,97.0,174.0,32.0,13.0,55.0,210.0,99.0,0.471,23.0,8.0,0.348,89.0,61.0,0.685,0.4238095238095238,,,,,,
1630198.0,Isaiah Joe,2020.0,2021,,76.0,165.0,Guard,41,382.8233333333333,9.337154471544714,,153.0,36.0,20.0,12.0,4.0,11.0,133.0,48.0,0.361,106.0,39.0,0.368,24.0,18.0,0.75,0.1804511278195488,,,,,,
1630595.0,Cade Cunningham,2021.0,2022,,78.0,220.0,Guard,64,2088.055,32.625859375,,1114.0,354.0,356.0,78.0,43.0,234.0,1031.0,429.0,0.416,363.0,114.0,0.314,168.0,142.0,0.845,0.1629485935984481,,,,,,
1630224.0,Jalen Green,2021.0,2022,,76.0,186.0,Guard,67,2137.7233333333334,31.9063184079602,,1157.0,226.0,176.0,44.0,18.0,135.0,954.0,406.0,0.426,458.0,157.0,0.343,236.0,188.0,0.797,0.2473794549266247,,,,,,
1630596.0,Evan Mobley,2021.0,2022,,83.0,215.0,Center,69,2331.036666666667,33.78314009661836,,1034.0,570.0,174.0,56.0,115.0,133.0,830.0,422.0,0.508,92.0,23.0,0.25,252.0,167.0,0.663,0.3036144578313253,,,,,,
1630567.0,Scottie Barnes,2021.0,2022,,80.0,237.0,Forward-Guard,74,2617.2883333333334,35.36876126126126,,1134.0,557.0,256.0,80.0,55.0,136.0,932.0,459.0,0.492,193.0,58.0,0.301,215.0,158.0,0.735,0.2306866952789699,,,,,,
1630591.0,Jalen Suggs,2021.0,2022,,77.0,205.0,Guard,48,1306.6533333333334,27.221944444444446,,564.0,171.0,209.0,59.0,19.0,143.0,548.0,198.0,0.361,196.0,42.0,0.214,163.0,126.0,0.773,0.2974452554744525,,,,,,
1630581.0,Josh Giddey,2021.0,2022,,79.0,216.0,Guard,54,1700.3516666666667,31.48799382716049,,674.0,421.0,345.0,51.0,20.0,171.0,670.0,281.0,0.419,213.0,56.0,0.263,79.0,56.0,0.709,0.117910447761194,,,,,,
1630532.0,Franz Wagner,2021.0,2022,,82.0,220.0,Forward,79,2429.0466666666666,30.74742616033756,,1197.0,356.0,231.0,68.0,34.0,119.0,975.0,456.0,0.468,271.0,96.0,0.354,219.0,189.0,0.863,0.2246153846153846,,,,,,
1630558.0,Davion Mitchell,2021.0,2022,,72.0,202.0,Guard,75,2075.825,27.677666666666664,,861.0,166.0,313.0,55.0,24.0,114.0,843.0,352.0,0.418,320.0,101.0,0.316,85.0,56.0,0.659,0.1008303677342823,,,,,,
1630533.0,Ziaire Williams,2021.0,2022,,81.0,185.0,Forward,62,1346.4666666666667,21.71720430107527,,501.0,129.0,65.0,35.0,12.0,41.0,424.0,191.0,0.45,242.0,76.0,0.314,55.0,43.0,0.782,0.1297169811320754,,,,,,
1630547.0,James Bouknight,2021.0,2022,,76.0,190.0,Guard,31,304.4766666666667,9.821827956989248,,142.0,52.0,26.0,7.0,1.0,15.0,141.0,49.0,0.348,49.0,17.0,0.347,31.0,27.0,0.871,0.2198581560283688,,,,,,
1630537.0,Chris Duarte,2021.0,2022,,77.0,190.0,Guard,55,1540.8266666666666,28.0150303030303,,720.0,226.0,114.0,56.0,10.0,90.0,621.0,268.0,0.432,255.0,94.0,0.369,112.0,90.0,0.804,0.180354267310789,,,,,,
1630541.0,Moses Moody,2021.0,2022,,77.0,211.0,Guard,52,607.12,11.675384615384615,,228.0,80.0,23.0,7.0,10.0,13.0,183.0,80.0,0.437,110.0,40.0,0.364,36.0,28.0,0.778,0.1967213114754098,,,,,,
1630557.0,Corey Kispert,2021.0,2022,,78.0,224.0,Forward,77,1801.0583333333334,23.390367965367965,,634.0,209.0,85.0,35.0,22.0,50.0,514.0,234.0,0.455,320.0,112.0,0.35,62.0,54.0,0.871,0.1206225680933852,,,,,,
1630578.0,Alperen Şengün,2021.0,2022,,83.0,243.0,Center,72,1489.2933333333333,20.68462962962963,,692.0,393.0,185.0,59.0,68.0,145.0,525.0,249.0,0.474,117.0,29.0,0.248,232.0,165.0,0.711,0.4419047619047619,,,,,,
1630544.0,Tre Mann,2021.0,2022,,76.0,178.0,Guard,60,1366.925,22.782083333333333,,625.0,171.0,91.0,47.0,12.0,71.0,588.0,231.0,0.393,272.0,98.0,0.36,82.0,65.0,0.793,0.1394557823129251,,,,,,
1630553.0,Keon Johnson,2021.0,2022,,77.0,185.0,Guard,37,696.2466666666667,18.81747747747748,,267.0,81.0,76.0,28.0,12.0,46.0,272.0,96.0,0.353,100.0,34.0,0.34,51.0,41.0,0.804,0.1875,,,,,,
1630543.0,Isaiah Jackson,2021.0,2022,,80.0,205.0,Forward,36,541.045,15.029027777777776,,297.0,149.0,10.0,25.0,52.0,40.0,206.0,116.0,0.563,16.0,5.0,0.313,88.0,60.0,0.682,0.4271844660194174,,,,,,
1630528.0,Josh Christopher,2021.0,2022,,76.0,215.0,Guard,74,1333.7416666666666,18.023536036036035,,587.0,186.0,150.0,65.0,13.0,114.0,500.0,224.0,0.448,189.0,56.0,0.296,113.0,83.0,0.735,0.226,,,,,,
1630538.0,Bones Hyland,2021.0,2022,,74.0,169.0,Guard,69,1309.8583333333331,18.983454106280192,,698.0,188.0,191.0,41.0,20.0,86.0,571.0,230.0,0.403,358.0,131.0,0.366,125.0,107.0,0.856,0.2189141856392294,,,,,,
1630560.0,Cam Thomas,2021.0,2022,,75.0,210.0,Guard,67,1176.06,17.553134328358208,,570.0,161.0,78.0,33.0,8.0,55.0,503.0,218.0,0.433,174.0,47.0,0.27,105.0,87.0,0.829,0.2087475149105367,,,,,,
1630549.0,Day'Ron Sharpe,2021.0,2022,,82.0,265.0,Center,32,390.67,12.2084375,,198.0,160.0,17.0,10.0,15.0,30.0,149.0,86.0,0.577,7.0,2.0,0.286,41.0,24.0,0.585,0.2751677852348993,,,,,,
1630526.0,Jeremiah Robinson-Earl,2021.0,2022,,81.0,240.0,Forward,49,1087.1083333333331,22.185884353741496,,366.0,274.0,49.0,29.0,15.0,39.0,324.0,134.0,0.414,165.0,58.0,0.352,54.0,40.0,0.741,0.1666666666666666,,,,,,
1630529.0,Herbert Jones,2021.0,2022,,79.0,206.0,Forward,78,2335.1833333333334,29.938247863247863,,742.0,296.0,167.0,130.0,60.0,100.0,576.0,274.0,0.476,169.0,57.0,0.337,163.0,137.0,0.84,0.2829861111111111,,,,,,
1630540.0,Miles McBride,2021.0,2022,,74.0,195.0,Guard,40,372.2116666666666,9.305291666666664,,89.0,42.0,41.0,14.0,1.0,5.0,108.0,32.0,0.296,68.0,17.0,0.25,12.0,8.0,0.667,0.1111111111111111,,,,,,
1630245.0,Ayo Dosunmu,2021.0,2022,,76.0,200.0,Guard,77,2109.641666666667,27.39794372294373,,679.0,214.0,256.0,60.0,29.0,108.0,535.0,278.0,0.52,186.0,70.0,0.376,78.0,53.0,0.679,0.1457943925233644,,,,,,
1630587.0,Isaiah Livers,2021.0,2022,,78.0,232.0,Forward,19,383.25666666666666,20.17140350877193,,121.0,57.0,21.0,13.0,7.0,15.0,90.0,41.0,0.456,64.0,27.0,0.422,14.0,12.0,0.857,0.1555555555555555,,,,,,
1630556.0,Kessler Edwards,2021.0,2022,,79.0,203.0,Forward,48,987.195,20.5665625,,284.0,172.0,31.0,29.0,24.0,42.0,267.0,110.0,0.412,136.0,48.0,0.353,19.0,16.0,0.842,0.0711610486891385,,,,,,
1630572.0,Sandro Mamukelashvili,2021.0,2022,,81.0,240.0,Forward-Center,41,407.00166666666667,9.926869918699188,,154.0,82.0,22.0,9.0,9.0,15.0,115.0,57.0,0.496,52.0,22.0,0.423,22.0,18.0,0.818,0.1913043478260869,,,,,,
1630598.0,Aaron Wiggins,2021.0,2022,,77.0,190.0,Guard,50,1208.75,24.175,,416.0,178.0,68.0,30.0,10.0,54.0,337.0,156.0,0.463,138.0,42.0,0.304,85.0,62.0,0.729,0.2522255192878338,,,,,,
1630579.0,Jericho Sims,2021.0,2022,,82.0,250.0,Center,41,555.0433333333333,13.537642276422764,,90.0,169.0,21.0,11.0,22.0,20.0,54.0,39.0,0.722,0.0,0.0,0.0,29.0,12.0,0.414,0.5370370370370371,,,,,,
1631094.0,Paolo Banchero,2022.0,2023,,82.0,250.0,Forward,72,2429.7233333333334,33.74615740740741,,1437.0,497.0,269.0,60.0,39.0,200.0,1122.0,479.0,0.427,285.0,85.0,0.298,534.0,394.0,0.738,0.4759358288770053,,,,,,
1631095.0,Jabari Smith Jr.,2022.0,2023,,83.0,220.0,Forward,79,2450.5466666666666,31.01957805907173,,1010.0,569.0,101.0,43.0,74.0,104.0,892.0,364.0,0.408,391.0,120.0,0.307,206.0,162.0,0.786,0.2309417040358744,,,,,,
1631099.0,Keegan Murray,2022.0,2023,,80.0,225.0,Forward,80,2381.673333333333,29.770916666666665,,976.0,371.0,98.0,61.0,42.0,60.0,782.0,354.0,0.453,501.0,206.0,0.411,81.0,62.0,0.765,0.1035805626598465,,,,,,
1631093.0,Jaden Ivey,2022.0,2023,,75.0,195.0,Guard,74,2304.3166666666666,31.13941441441441,,1204.0,288.0,387.0,61.0,17.0,237.0,983.0,409.0,0.416,350.0,120.0,0.343,356.0,266.0,0.747,0.3621566632756867,,,,,,
1631097.0,Bennedict Mathurin,2022.0,2023,,77.0,210.0,Guard-Forward,78,2222.38,28.49205128205128,,1302.0,318.0,116.0,48.0,13.0,152.0,951.0,413.0,0.434,310.0,100.0,0.323,454.0,376.0,0.828,0.4773922187171398,,,,,,
1631101.0,Shaedon Sharpe,2022.0,2023,,77.0,210.0,Guard,80,1778.6033333333332,22.232541666666663,,789.0,236.0,94.0,38.0,24.0,83.0,648.0,306.0,0.472,283.0,102.0,0.36,105.0,75.0,0.714,0.162037037037037,,,,,,
1631110.0,Jeremy Sochan,2022.0,2023,,80.0,230.0,Forward,56,1457.7,26.030357142857145,,614.0,295.0,142.0,43.0,23.0,97.0,552.0,250.0,0.453,134.0,33.0,0.246,116.0,81.0,0.698,0.2101449275362318,,,,,,
1631098.0,Johnny Davis,2022.0,2023,,76.0,195.0,Guard,28,422.575,15.091964285714283,,163.0,65.0,28.0,10.0,8.0,17.0,171.0,66.0,0.386,70.0,17.0,0.243,27.0,14.0,0.519,0.1578947368421052,,,,,,
1631172.0,Ousmane Dieng,2022.0,2023,,81.0,185.0,Forward,39,568.71,14.582307692307694,,193.0,105.0,46.0,14.0,7.0,26.0,181.0,76.0,0.42,98.0,26.0,0.265,23.0,15.0,0.652,0.1270718232044199,,,,,,
1631114.0,Jalen Williams,2022.0,2023,,77.0,211.0,Guard-Forward,75,2275.5916666666667,30.34122222222222,,1056.0,337.0,248.0,103.0,35.0,123.0,794.0,414.0,0.521,205.0,73.0,0.356,191.0,155.0,0.812,0.2405541561712846,,,,,,
1631105.0,Jalen Duren,2022.0,2023,,82.0,250.0,Center,67,1670.145,24.92753731343284,,612.0,595.0,75.0,44.0,59.0,92.0,398.0,258.0,0.648,2.0,0.0,0.0,157.0,96.0,0.611,0.3944723618090452,,,,,,
1631109.0,Mark Williams,2022.0,2023,,85.0,240.0,Center,43,827.975,19.255232558139536,,387.0,304.0,18.0,28.0,45.0,40.0,251.0,160.0,0.637,0.0,0.0,0.0,97.0,67.0,0.691,0.3864541832669322,,,,,,
1631100.0,AJ Griffin,2022.0,2023,,78.0,220.0,Forward,72,1401.435,19.464375,,639.0,153.0,73.0,42.0,12.0,42.0,533.0,248.0,0.465,259.0,101.0,0.39,47.0,42.0,0.894,0.0881801125703564,,,,,,
1631106.0,Tari Eason,2022.0,2023,,80.0,215.0,Forward,82,1767.22,21.551463414634146,,760.0,496.0,88.0,96.0,47.0,101.0,660.0,296.0,0.448,172.0,59.0,0.343,145.0,109.0,0.752,0.2196969696969697,,,,,,
1631222.0,Jake LaRavia,2022.0,2023,,79.0,235.0,Forward,35,414.2866666666667,11.836761904761904,,105.0,63.0,21.0,12.0,4.0,18.0,95.0,37.0,0.389,71.0,24.0,0.338,9.0,7.0,0.778,0.0947368421052631,,,,,,
1631103.0,Malaki Branham,2022.0,2023,,76.0,180.0,Forward,66,1549.5966666666666,23.47873737373737,,673.0,181.0,127.0,33.0,7.0,76.0,611.0,269.0,0.44,255.0,77.0,0.302,70.0,58.0,0.829,0.1145662847790507,,,,,,
1631117.0,Walker Kessler,2022.0,2023,,86.0,245.0,Center,74,1703.2066666666667,23.01630630630631,,679.0,620.0,69.0,26.0,173.0,58.0,414.0,298.0,0.72,3.0,1.0,0.333,159.0,82.0,0.516,0.3840579710144927,,,,,,
1631223.0,David Roddy,2022.0,2023,,76.0,255.0,Forward,70,1258.5016666666668,17.978595238095238,,466.0,193.0,59.0,29.0,19.0,57.0,420.0,180.0,0.429,212.0,65.0,0.307,65.0,41.0,0.631,0.1547619047619047,,,,,,
1630699.0,MarJon Beauchamp,2022.0,2023,,79.0,199.0,Forward,52,701.3816666666667,13.488108974358974,,266.0,115.0,35.0,21.0,7.0,45.0,243.0,96.0,0.395,142.0,47.0,0.331,37.0,27.0,0.73,0.1522633744855967,,,,,,
1631104.0,Blake Wesley,2022.0,2023,,76.0,190.0,Guard,37,669.055,18.082567567567565,,184.0,82.0,98.0,25.0,5.0,65.0,215.0,69.0,0.321,52.0,20.0,0.385,44.0,26.0,0.591,0.2046511627906976,,,,,,
1629614.0,Andrew Nembhard,2022.0,2023,,76.0,191.0,Guard-Forward,75,2073.5316666666668,27.64708888888889,,709.0,199.0,341.0,70.0,13.0,126.0,644.0,284.0,0.441,263.0,92.0,0.35,62.0,49.0,0.79,0.0962732919254658,,,,,,
1631216.0,Caleb Houstan,2022.0,2023,,80.0,205.0,Guard,51,812.19,15.92529411764706,,193.0,99.0,30.0,12.0,7.0,18.0,182.0,66.0,0.363,136.0,46.0,0.338,18.0,15.0,0.833,0.0989010989010989,,,,,,
1631119.0,Jaylin Williams,2022.0,2023,,81.0,240.0,Forward,49,914.1583333333332,18.6562925170068,,288.0,241.0,76.0,28.0,12.0,37.0,234.0,102.0,0.436,113.0,46.0,0.407,54.0,38.0,0.704,0.2307692307692307,,,,,,
1631108.0,Max Christie,2022.0,2023,,77.0,190.0,Guard,41,512.425,12.498170731707315,,128.0,75.0,21.0,9.0,7.0,13.0,106.0,44.0,0.415,62.0,26.0,0.419,16.0,14.0,0.875,0.1509433962264151,,,,,,
1630702.0,Jaden Hardy,2022.0,2023,,75.0,198.0,Guard,48,708.39,14.758125,,420.0,89.0,65.0,17.0,7.0,46.0,333.0,146.0,0.438,156.0,63.0,0.404,79.0,65.0,0.823,0.2372372372372372,,,,,,
1631121.0,Bryce McGowens,2022.0,2023,,78.0,190.0,Guard,46,786.9966666666667,17.108623188405797,,246.0,93.0,54.0,15.0,6.0,43.0,202.0,80.0,0.396,80.0,26.0,0.325,80.0,60.0,0.75,0.396039603960396,,,,,,
1641705.0,Victor Wembanyama,2023.0,2024,,88.0,235.0,Forward-Center,71,2106.235,29.665281690140848,,1522.0,755.0,274.0,88.0,254.0,260.0,1186.0,551.0,0.465,394.0,128.0,0.325,367.0,292.0,0.796,0.3094435075885329,,,,,,
1641706.0,Brandon Miller,2023.0,2024,,79.0,200.0,Forward,74,2382.963333333333,32.2022072072072,,1279.0,315.0,175.0,66.0,42.0,132.0,1083.0,476.0,0.44,493.0,184.0,0.373,173.0,143.0,0.827,0.1597414589104339,,,,,,
1630703.0,Scoot Henderson,2023.0,2024,,75.0,207.0,Guard,62,1765.3933333333334,28.47408602150538,,868.0,194.0,336.0,48.0,13.0,212.0,797.0,307.0,0.385,268.0,87.0,0.325,204.0,167.0,0.819,0.2559598494353827,,,,,,
1641708.0,Amen Thompson,2023.0,2024,,79.0,200.0,Guard-Forward,62,1388.5316666666668,22.395672043010755,,592.0,409.0,163.0,78.0,38.0,90.0,446.0,239.0,0.536,58.0,8.0,0.138,155.0,106.0,0.684,0.3475336322869955,,,,,,
1641709.0,Ausar Thompson,2023.0,2024,,79.0,205.0,Guard-Forward,63,1582.805,25.12388888888889,,556.0,402.0,120.0,68.0,59.0,84.0,480.0,232.0,0.483,113.0,21.0,0.186,119.0,71.0,0.597,0.2479166666666666,,,,,,
1641731.0,Bilal Coulibaly,2023.0,2024,,79.0,195.0,Guard,63,1715.25,27.226190476190474,,532.0,256.0,110.0,57.0,48.0,87.0,432.0,188.0,0.435,185.0,64.0,0.346,131.0,92.0,0.702,0.3032407407407407,,,,,,
1641716.0,Jarace Walker,2023.0,2024,,79.0,235.0,Forward,33,340.42333333333335,10.315858585858589,,120.0,63.0,40.0,15.0,11.0,17.0,110.0,45.0,0.409,55.0,22.0,0.4,9.0,8.0,0.889,0.0818181818181818,,,,,,
1641717.0,Cason Wallace,2023.0,2024,,75.0,195.0,Guard,82,1691.9216666666666,20.63319105691057,,561.0,187.0,120.0,76.0,37.0,45.0,442.0,217.0,0.491,234.0,98.0,0.419,37.0,29.0,0.784,0.083710407239819,,,,,,
1641726.0,Dereck Lively II,2023.0,2024,,85.0,230.0,Center,55,1294.2816666666668,23.53239393939394,,483.0,378.0,60.0,36.0,77.0,50.0,296.0,221.0,0.747,2.0,0.0,0.0,81.0,41.0,0.506,0.2736486486486486,,,,,,
1641718.0,Keyonte George,2023.0,2024,,76.0,185.0,Guard,75,2022.5766666666664,26.967688888888887,,974.0,211.0,332.0,36.0,7.0,188.0,815.0,319.0,0.391,440.0,147.0,0.334,223.0,189.0,0.848,0.2736196319018404,,,,,,
1631170.0,Jaime Jaquez Jr.,2023.0,2024,,78.0,225.0,Guard,75,2113.195,28.175933333333337,,889.0,285.0,195.0,77.0,20.0,110.0,697.0,341.0,0.489,202.0,65.0,0.322,175.0,142.0,0.811,0.2510760401721664,,,,,,
1641764.0,Brandin Podziemski,2023.0,2024,,76.0,205.0,Guard,74,1968.253333333333,26.598018018018017,,682.0,427.0,273.0,61.0,14.0,88.0,597.0,271.0,0.454,234.0,90.0,0.385,79.0,50.0,0.633,0.1323283082077052,,,,,,
1641715.0,Cam Whitmore,2023.0,2024,,78.0,230.0,Forward,47,880.3333333333334,18.73049645390071,,579.0,180.0,33.0,30.0,17.0,46.0,467.0,212.0,0.454,220.0,79.0,0.359,112.0,76.0,0.679,0.2398286937901499,,,,,,
1641730.0,Noah Clowney,2023.0,2024,,82.0,210.0,Forward-Center,23,369.85833333333335,16.080797101449274,,133.0,81.0,18.0,8.0,16.0,15.0,93.0,50.0,0.538,33.0,12.0,0.364,30.0,21.0,0.7,0.3225806451612903,,,,,,
1631200.0,Kris Murray,2023.0,2024,,80.0,218.0,Forward,62,1348.2716666666668,21.746317204301075,,376.0,224.0,80.0,53.0,21.0,55.0,366.0,145.0,0.396,183.0,49.0,0.268,56.0,37.0,0.661,0.1530054644808743,,,,,,
1641765.0,Olivier-Maxence Prosper,2023.0,2024,,79.0,230.0,Forward,40,336.21166666666664,8.405291666666667,,121.0,79.0,22.0,7.0,4.0,8.0,104.0,40.0,0.385,45.0,13.0,0.289,41.0,28.0,0.683,0.3942307692307692,,,,,,
1631204.0,Marcus Sasser,2023.0,2024,,73.0,195.0,Guard,71,1351.11,19.029718309859152,,586.0,125.0,236.0,44.0,12.0,90.0,512.0,219.0,0.428,240.0,90.0,0.375,66.0,58.0,0.879,0.12890625,,,,,,
1641767.0,Ben Sheppard,2023.0,2024,,78.0,190.0,Guard,57,814.26,14.285263157894736,,252.0,89.0,53.0,33.0,2.0,15.0,229.0,90.0,0.393,156.0,49.0,0.314,26.0,23.0,0.885,0.1135371179039301,,,,,,
1641763.0,Julian Phillips,2023.0,2024,,78.0,198.0,Forward,40,322.55,8.06375,,89.0,36.0,13.0,7.0,7.0,10.0,77.0,32.0,0.416,38.0,12.0,0.316,19.0,13.0,0.684,0.2467532467532467,,,,,,
1641748.0,Andre Jackson Jr.,2023.0,2024,,78.0,209.0,Guard,57,572.3283333333334,10.040847953216376,,125.0,113.0,50.0,16.0,6.0,28.0,100.0,50.0,0.5,46.0,17.0,0.37,11.0,8.0,0.727,0.11,,,,,,
1641712.0,Rayan Rupert,2023.0,2024,,79.0,205.0,Guard-Forward,39,633.225,16.236538461538462,,155.0,92.0,62.0,12.0,3.0,31.0,161.0,54.0,0.335,78.0,28.0,0.359,25.0,19.0,0.76,0.15527950310559,,,,,,
1641739.0,Toumani Camara,2023.0,2024,,79.0,230.0,Forward,70,1739.32,24.84742857142857,,527.0,343.0,87.0,66.0,33.0,84.0,438.0,197.0,0.45,172.0,58.0,0.337,99.0,75.0,0.758,0.2260273972602739,,,,,,
1631218.0,Trayce Jackson-Davis,2023.0,2024,,81.0,245.0,Forward,68,1130.4516666666666,16.624289215686275,,540.0,341.0,82.0,29.0,76.0,49.0,332.0,233.0,0.702,1.0,0.0,0.0,132.0,74.0,0.561,0.3975903614457831,,,,,,
1642258.0,Zaccharie Risacher,2024.0,2025,,80.0,200.0,Forward,75,1843.3866666666668,24.57848888888889,,942.0,268.0,92.0,52.0,37.0,92.0,779.0,357.0,0.458,344.0,122.0,0.355,149.0,106.0,0.711,0.1912708600770218,,,,,,
1642259.0,Alex Sarr,2024.0,2025,,84.0,205.0,Center,67,1814.2283333333328,27.078034825870645,,869.0,435.0,161.0,44.0,101.0,114.0,828.0,326.0,0.394,341.0,105.0,0.308,165.0,112.0,0.679,0.1992753623188405,,,,,,
1642263.0,Reed Sheppard,2024.0,2025,,74.0,185.0,Guard,52,654.3516666666667,12.583685897435895,,229.0,78.0,75.0,35.0,17.0,37.0,239.0,84.0,0.351,142.0,48.0,0.338,16.0,13.0,0.813,0.0669456066945606,,,,,,
1642264.0,Stephon Castle,2024.0,2025,,78.0,215.0,Guard,81,2162.0216666666665,26.69162551440329,,1190.0,297.0,332.0,74.0,22.0,177.0,988.0,423.0,0.428,333.0,95.0,0.285,344.0,249.0,0.724,0.3481781376518219,,,,,,
1642275.0,Tidjane Salaün,2024.0,2025,,82.0,207.0,Forward,60,1244.3533333333332,20.73922222222222,,353.0,280.0,74.0,29.0,14.0,58.0,345.0,114.0,0.33,205.0,58.0,0.283,94.0,67.0,0.713,0.272463768115942,,,,,,
1642270.0,Donovan Clingan,2024.0,2025,,86.0,280.0,Center,67,1323.6433333333334,19.75587064676617,,436.0,527.0,77.0,34.0,110.0,72.0,334.0,180.0,0.539,49.0,14.0,0.286,104.0,62.0,0.596,0.311377245508982,,,,,,
1641744.0,Zach Edey,2024.0,2025,,87.0,305.0,Center,66,1415.765,21.45098484848485,,610.0,548.0,65.0,36.0,85.0,88.0,433.0,251.0,0.58,52.0,18.0,0.346,127.0,90.0,0.709,0.2933025404157043,,,,,,
1641824.0,Matas Buzelis,2024.0,2025,,80.0,209.0,Forward,80,1511.295,18.8911875,,688.0,278.0,79.0,29.0,75.0,74.0,555.0,252.0,0.454,266.0,96.0,0.361,108.0,88.0,0.815,0.1945945945945946,,,,,,
1642267.0,Bub Carrington,2024.0,2025,,76.0,190.0,Guard,82,2457.79,29.973048780487805,,807.0,341.0,364.0,54.0,21.0,141.0,748.0,300.0,0.401,407.0,138.0,0.339,85.0,69.0,0.812,0.1136363636363636,,,,,,
1642276.0,Kel'el Ware,2024.0,2025,,84.0,230.0,Center,64,1422.486666666667,22.226354166666667,,595.0,473.0,60.0,39.0,71.0,57.0,464.0,257.0,0.554,111.0,35.0,0.315,67.0,46.0,0.687,0.1443965517241379,,,,,,
1642272.0,Jared McCain,2024.0,2025,,75.0,195.0,Guard,23,591.7916666666666,25.73007246376812,,352.0,56.0,60.0,15.0,0.0,37.0,274.0,126.0,0.46,133.0,51.0,0.383,56.0,49.0,0.875,0.2043795620437956,,,,,,
1642261.0,Dalton Knecht,2024.0,2025,,78.0,215.0,Forward,78,1493.795,19.15121794871795,,706.0,216.0,66.0,24.0,8.0,37.0,557.0,257.0,0.461,340.0,128.0,0.376,84.0,64.0,0.762,0.1508078994614003,,,,,,
1641783.0,Tristan Da Silva,2024.0,2025,,80.0,217.0,Forward,74,1628.611666666667,22.008265765765767,,533.0,245.0,113.0,33.0,18.0,56.0,483.0,199.0,0.412,239.0,80.0,0.335,63.0,55.0,0.873,0.1304347826086956,,,,,,
1642266.0,Ja'Kobe Walter,2024.0,2025,,76.0,180.0,Guard,52,1103.235,21.21605769230769,,449.0,160.0,81.0,43.0,10.0,50.0,393.0,159.0,0.405,186.0,65.0,0.349,83.0,66.0,0.795,0.2111959287531806,,,,,,
1642281.0,Jaylon Tyson,2024.0,2025,,78.0,215.0,Guard-Forward,47,452.96,9.63744680851064,,167.0,96.0,44.0,13.0,3.0,26.0,149.0,64.0,0.43,58.0,20.0,0.345,24.0,19.0,0.792,0.1610738255033557,,,,,,
1642274.0,Yves Missi,2024.0,2025,,83.0,235.0,Center,73,1955.79,26.79164383561644,,665.0,601.0,99.0,37.0,98.0,82.0,492.0,269.0,0.547,1.0,0.0,0.0,204.0,127.0,0.623,0.4146341463414634,,,,,,
1642273.0,Kyshawn George,2024.0,2025,,80.0,200.0,Forward,68,1802.1833333333327,26.502696078431374,,590.0,285.0,169.0,68.0,50.0,97.0,546.0,203.0,0.372,354.0,114.0,0.322,93.0,70.0,0.753,0.1703296703296703,,,,,,
1642346.0,Ryan Dunn,2024.0,2025,,79.0,216.0,Forward,74,1410.4166666666667,19.059684684684687,,511.0,267.0,57.0,44.0,40.0,40.0,477.0,205.0,0.43,264.0,82.0,0.311,39.0,19.0,0.487,0.0817610062893081,,,,,,
1642268.0,Isaiah Collier,2024.0,2025,,76.0,210.0,Guard,71,1839.1066666666663,25.902910798122065,,615.0,235.0,446.0,66.0,16.0,208.0,555.0,234.0,0.422,169.0,42.0,0.249,154.0,105.0,0.682,0.2774774774774775,,,,,,
1631248.0,Baylor Scheierman,2024.0,2025,,78.0,205.0,Guard,31,383.8883333333333,12.383494623655912,,113.0,65.0,33.0,17.0,2.0,12.0,110.0,39.0,0.355,82.0,26.0,0.317,12.0,9.0,0.75,0.109090909090909,,,,,,
1642271.0,Kyle Filipowski,2024.0,2025,,83.0,250.0,Center,72,1521.54,21.1325,,690.0,440.0,140.0,48.0,22.0,102.0,518.0,260.0,0.502,220.0,77.0,0.35,143.0,93.0,0.65,0.276061776061776,,,,,,
1642349.0,Ajay Mitchell,2024.0,2025,,76.0,190.0,Guard,36,596.955,16.582083333333333,,234.0,68.0,64.0,25.0,4.0,29.0,184.0,91.0,0.495,60.0,23.0,0.383,35.0,29.0,0.829,0.1902173913043478,,,,,,
1642377.0,Jaylen Wells,2024.0,2025,,79.0,,Forward,79,2043.4816666666663,25.866856540084388,,823.0,268.0,135.0,44.0,8.0,69.0,676.0,287.0,0.425,392.0,138.0,0.352,135.0,111.0,0.822,0.1997041420118343,,,,,,
1642345.0,Oso Ighodaro,2024.0,2025,,83.0,235.0,Forward,61,1045.545,17.140081967213117,,255.0,222.0,71.0,28.0,29.0,39.0,187.0,113.0,0.604,2.0,0.0,0.0,50.0,29.0,0.58,0.267379679144385,,,,,,
1641737.0,Adem Bona,2024.0,2025,,82.0,235.0,Forward,58,904.55,15.595689655172412,,337.0,245.0,27.0,26.0,69.0,61.0,192.0,135.0,0.703,1.0,0.0,0.0,100.0,67.0,0.67,0.5208333333333334,,,,,,
1641796.0,Pelle Larsson,2024.0,2025,,77.0,215.0,Guard,55,781.9466666666667,14.217212121212125,,251.0,92.0,65.0,32.0,7.0,24.0,203.0,89.0,0.438,95.0,32.0,0.337,61.0,41.0,0.672,0.3004926108374384,,,,,,
1642347.0,Jamal Shead,2024.0,2025,,73.0,200.0,Guard,75,1466.825,19.557666666666663,,533.0,115.0,316.0,58.0,10.0,117.0,504.0,204.0,0.405,223.0,72.0,0.323,69.0,53.0,0.768,0.1369047619047619,,,,,,
1642366.0,Quinten Post,2024.0,2025,,84.0,238.0,Center,42,685.7566666666667,16.327539682539683,,340.0,148.0,56.0,16.0,18.0,33.0,274.0,123.0,0.449,179.0,73.0,0.408,27.0,21.0,0.778,0.0985401459854014,,,,,,
,Kon Knueppel,2025.0,2026,,,,G-F,34,1126.0,,,,,,,,,,,,,,,,,,,,,,,,
,Cooper Flagg,2025.0,2026,,,,F-G,35,1212.0,,,,,,,,,,,,,,,,,,,,,,,,
,Ryan Kalkbrenner,2025.0,2026,,,,C,26,665.0,,,,,,,,,,,,,,,,,,,,,,,,
,Cedric Coward,2025.0,2026,,,,F-G,34,908.0,,,,,,,,,,,,,,,,,,,,,,,,
,VJ Edgecombe,2025.0,2026,,,,G-F,29,1031.0,,,,,,,,,,,,,,,,,,,,,,,,
,Will Richard,2025.0,2026,,,,G,31,605.0,,,,,,,,,,,,,,,,,,,,,,,,
,Derik Queen,2025.0,2026,,,,F-C,36,933.0,,,,,,,,,,,,,,,,,,,,,,,,
,Collin Murray-Boyles,2025.0,2026,,,,F,29,545.0,,,,,,,,,,,,,,,,,,,,,,,,
,Sion James,2025.0,2026,,,,G,35,909.0,,,,,,,,,,,,,,,,,,,,,,,,
,Maxime Raynaud,2025.0,2026,,,,F,28,641.0,,,,,,,,,,,,,,,,,,,,,,,,
,Dylan Harper,2025.0,2026,,,,G,25,540.0,,,,,,,,,,,,,,,,,,,,,,,,
,Hugo González,2025.0,2026,,,,G-F,29,430.0,,,,,,,,,,,,,,,,,,,,,,,,
,Asa Newell,2025.0,2026,,,,F,27,299.0,,,,,,,,,,,,,,,,,,,,,,,,
,Jase Richardson,2025.0,2026,,,,G,25,278.0,,,,,,,,,,,,,,,,,,,,,,,,
,Walter Clayton,2025.0,2026,,,,G,30,501.0,,,,,,,,,,,,,,,,,,,,,,,,
,Noah Penda,2025.0,2026,,,,G-F,21,224.0,,,,,,,,,,,,,,,,,,,,,,,,
,Drake Powell,2025.0,2026,,,,G-F,24,437.0,,,,,,,,,,,,,,,,,,,,,,,,
,Liam McNeeley,2025.0,2026,,,,G-F,24,301.0,,,,,,,,,,,,,,,,,,,,,,,,
,Brooks Barnhizer,2025.0,2026,,,,G,20,153.0,,,,,,,,,,,,,,,,,,,,,,,,
,Yanic Konan Niederhäuser,2025.0,2026,,,,F,18,158.0,,,,,,,,,,,,,,,,,,,,,,,,
,Egor Dёmin,2025.0,2026,,,,G,30,732.0,,,,,,,,,,,,,,,,,,,,,,,,
,Chaz Lanier,2025.0,2026,,,,G,14,136.0,,,,,,,,,,,,,,,,,,,,,,,,
,Tre Johnson,2025.0,2026,,,,G,27,642.0,,,,,,,,,,,,,,,,,,,,,,,,
,Kasparas Jakučionis,2025.0,2026,,,,G,11,164.0,,,,,,,,,,,,,,,,,,,,,,,,
,Jamir Watkins,2025.0,2026,,,,F-G,14,162.0,,,,,,,,,,,,,,,,,,,,,,,,
,Tyrese Proctor,2025.0,2026,,,,G,26,289.0,,,,,,,,,,,,,,,,,,,,,,,,
,Mohamed Diawara,2025.0,2026,,,,F-C,27,143.0,,,,,,,,,,,,,,,,,,,,,,,,
,Javon Small,2025.0,2026,,,,G,12,139.0,,,,,,,,,,,,,,,,,,,,,,,,
,Joan Beringer,2025.0,2026,,,,C,12,53.0,,,,,,,,,,,,,,,,,,,,,,,,
,Rasheer Fleming,2025.0,2026,,,,F,19,134.0,,,,,,,,,,,,,,,,,,,,,,,,
,Kam Jones,2025.0,2026,,,,G,7,46.0,,,,,,,,,,,,,,,,,,,,,,,,
,Amari Williams,2025.0,2026,,,,F,6,31.0,,,,,,,,,,,,,,,,,,,,,,,,
,Adou Thiero,2025.0,2026,,,,G-F,15,87.0,,,,,,,,,,,,,,,,,,,,,,,,
,Kobe Sanders,2025.0,2026,,,,G,26,499.0,,,,,,,,,,,,,,,,,,,,,,,,
,Danny Wolf,2025.0,2026,,,,F-C,19,370.0,,,,,,,,,,,,,,,,,,,,,,,,
,Will Riley,2025.0,2026,,,,F,28,353.0,,,,,,,,,,,,,,,,,,,,,,,,
,Koby Brea,2025.0,2026,,,,G,2,8.0,,,,,,,,,,,,,,,,,,,,,,,,
,Micah Peavy,2025.0,2026,,,,G,31,460.0,,,,,,,,,,,,,,,,,,,,,,,,
,Alijah Martin,2025.0,2026,,,,G,3,8.0,,,,,,,,,,,,,,,,,,,,,,,,
,Khaman Maluach,2025.0,2026,,,,C,16,75.0,,,,,,,,,,,,,,,,,,,,,,,,
,Noa Essengue,2025.0,2026,,,,F,2,6.0,,,,,,,,,,,,,,,,,,,,,,,,
,Jahmai Mashack,2025.0,2026,,,,G,6,21.0,,,,,,,,,,,,,,,,,,,,,,,,
,Lachlan Olbrich,2025.0,2026,,,,F-C,5,36.0,,,,,,,,,,,,,,,,,,,,,,,,
,Ace Bailey,2025.0,2026,,,,G-F,30,715.0,,,,,,,,,,,,,,,,,,,,,,,,
,Taelon Peter,2025.0,2026,,,,G,21,122.0,,,,,,,,,,,,,,,,,,,,,,,,
,Carter Bryant,2025.0,2026,,,,G-F,27,207.0,,,,,,,,,,,,,,,,,,,,,,,,
,Johni Broome,2025.0,2026,,,,F-C,7,40.0,,,,,,,,,,,,,,,,,,,,,,,,
,Nolan Traoré,2025.0,2026,,,,G,13,193.0,,,,,,,,,,,,,,,,,,,,,,,,
,Ben Saraf,2025.0,2026,,,,G,12,203.0,,,,,,,,,,,,,,,,,,,,,,,,
,Yang Hansen,2025.0,2026,,,,C,19,152.0,,,,,,,,,,,,,,,,,,,,,,,,
,Nique Clifford,2025.0,2026,,,,G,32,598.0,,,,,,,,,,,,,,,,,,,,,,,,
,Jeremiah Fears,2025.0,2026,,,,G,37,990.0,,,,,,,,,,,,,,,,,,,,,,,,
