player_id,minutes,rookie_season
920,1411.8183333333334,2001
2062,628.5383333333333,2001
243,2390.7266666666665,2001
1425,2334.0016666666666,2001
228,841.8583333333333,2001
1502,1460.31,2001
1559,375.875,2001
1733,1892.62,2001
673,1807.9883333333332,2001
275,2857.846666666667,2001
947,2975.858333333333,2001
297,305.96666666666664,2001
1541,2391.286666666667,2001
1889,2846.5316666666668,2001
692,900.0216666666666,2001
1950,0.5516666666666666,2001
358,110.295,2001
1712,3393.12,2001
1853,1633.555,2001
924,200.045,2001
1533,510.66833333333335,2001
193,3254.9816666666666,2001
292,11.483333333333333,2001
324,2121.68,2001
952,3393.445,2001
1498,2062.608333333333,2001
213,2731.105,2001
176,71.4,2001
686,2556.5866666666666,2001
1609,18.69,2001
717,1294.69,2001
1506,1873.8383333333334,2001
422,1288.3966666666668,2001
1884,3189.1266666666666,2001
1112,2761.3566666666666,2001
223,192.33166666666668,2001
182,796.4333333333333,2001
902,802.515,2001
448,2537.3966666666665,2001
682,1682.26,2001
1517,1647.63,2001
1719,1995.535,2001
1802,1437.0666666666666,2001
699,1780.8233333333333,2001
85,29.866666666666667,2001
1510,1461.455,2001
2073,124.26166666666667,2001
258,2773.8166666666666,2001
216,1831.02,2001
1730,582.8716666666667,2001
1477,2687.4,2001
1743,122.35333333333334,2001
735,1829.255,2001
179,2506.8083333333334,2001
1724,1303.49,2001
935,2474.26,2001
1898,374.0883333333333,2001
384,152.27166666666668,2001
1916,929.3366666666667,2001
435,546.9166666666666,2001
76,557.0633333333334,2001
1538,961.24,2001
891,2767.24,2001
369,1494.6066666666666,2001
1497,1793.3116666666667,2001
685,1053.7133333333334,2001
713,306.94666666666666,2001
164,1853.9033333333334,2001
1544,904.5466666666666,2001
201,610.99,2001
1612,148.505,2001
423,1673.8883333333333,2001
1914,408.27166666666665,2001
2036,1164.9966666666667,2001
168,493.6666666666667,2001
904,372.9166666666667,2001
2084,1145.0166666666667,2001
185,2834.9266666666667,2001
43,1533.2616666666668,2001
363,1658.8933333333334,2001
1088,2364.028333333333,2001
359,339.91,2001
221,2777.3233333333333,2001
361,2751.7183333333332,2001
1736,856.49,2001
1894,1361.42,2001
916,1306.105,2001
722,1686.7566666666667,2001
724,223.43833333333333,2001
2042,1373.9116666666666,2001
1749,3006.2233333333334,2001
905,2159.995,2001
2053,259.945,2001
1800,1415.665,2001
757,2652.83,2001
2061,240.67833333333334,2001
105,1305.83,2001
2082,58.46666666666667,2001
344,1082.6766666666667,2001
2091,579.66,2001
198,1687.07,2001
1504,203.01833333333335,2001
330,1300.1866666666667,2001
2032,2139.1633333333334,2001
353,2774.2316666666666,2001
239,174.81666666666666,2001
1032,541.815,2001
128,443.83166666666665,2001
764,2370.9066666666668,2001
2128,410.14,2001
133,3105.4416666666666,2001
766,8.966666666666667,2001
2052,295.6933333333333,2001
1051,836.0316666666666,2001
244,155.92333333333335,2001
209,956.67,2001
2035,1309.915,2001
1507,2859.5183333333334,2001
965,710.5483333333333,2001
400,491.5316666666667,2001
934,682.31,2001
1760,204.33833333333334,2001
365,985.5383333333333,2001
2046,1523.5283333333334,2001
96,395.635,2001
1904,591.1533333333333,2001
87,2593.185,2001
1901,930.92,2001
1717,3122.7533333333336,2001
931,76.37333333333333,2001
690,761.325,2001
2051,63.876666666666665,2001
923,2328.6116666666667,2001
57,2940.67,2001
77,475.85,2001
28,172.65166666666667,2001
1434,599.0566666666666,2001
190,382.95666666666665,2001
1863,149.22833333333332,2001
2109,152.225,2001
2067,544.805,2001
224,2277.3866666666668,2001
1944,1202.2166666666667,2001
2059,432.59166666666664,2001
922,2338.625,2001
695,405.54,2001
386,498.50166666666667,2001
1882,2909.4883333333332,2001
1023,1290.17,2001
376,648.8616666666667,2001
15,2144.5216666666665,2001
727,1743.375,2001
677,1742.5383333333334,2001
2057,37.35666666666667,2001
956,1041.7233333333334,2001
1065,828.3833333333333,2001
911,1983.2783333333334,2001
1564,17.901666666666667,2001
1915,1335.345,2001
1732,1565.87,2001
280,112.28333333333333,2001
697,2245.1266666666666,2001
2123,15.7,2001
202,17.15,2001
56,3244.13,2001
718,322.0183333333333,2001
248,2648.5033333333336,2001
45,2002.7966666666666,2001
1562,704.7283333333334,2001
779,2211.681666666667,2001
299,2811.555,2001
255,132.20666666666668,2001
3,1511.2416666666666,2001
21,861.0266666666666,2001
1761,820.3733333333333,2001
323,453.49666666666667,2001
731,1488.3133333333333,2001
165,1543.205,2001
2069,988.685,2001
2045,1248.8116666666667,2001
765,679.0933333333334,2001
270,2389.0133333333333,2001
458,2429.29,2001
93,1693.6266666666668,2001
1134,846.2716666666666,2001
1085,19.261666666666667,2001
1956,182.055,2001
375,1205.71,2001
462,39.913333333333334,2001
2074,65.79,2001
1521,1626.2183333333332,2001
1751,1605.9066666666668,2001
2054,946.625,2001
2063,143.96166666666667,2001
147,2947.5466666666666,2001
2048,1097.425,2001
2037,1046.6216666666667,2001
469,2992.005,2001
1554,71.66166666666666,2001
1975,56.4,2001
1899,2256.585,2001
381,49.72833333333333,2001
994,149.02666666666667,2001
1114,114.66833333333334,2001
679,1457.8766666666668,2001
2044,218.92333333333335,2001
2078,9.916666666666666,2001
467,3067.173333333333,2001
1891,3090.56,2001
1715,2289.596666666667,2001
1902,1156.74,2001
976,2828.945,2001
1741,1139.9883333333332,2001
979,2637.665,2001
760,245.26333333333332,2001
2040,136.455,2001
966,1181.8083333333334,2001
711,3211.048333333333,2001
754,1690.2183333333332,2001
29,194.465,2001
693,1941.3766666666668,2001
2038,267.0566666666667,2001
680,1710.84,2001
715,32.068333333333335,2001
180,264.495,2001
317,2125.98,2001
304,2395.2183333333332,2001
961,527.2116666666667,2001
271,2050.6183333333333,2001
468,1009.325,2001
1886,572.18,2001
146,736.25,2001
1908,862.5416666666666,2001
436,2975.5666666666666,2001
252,2890.695,2001
1496,1731.09,2001
1509,624.26,2001
383,889.155,2001
72,849.9383333333334,2001
1903,1820.225,2001
2030,2273.3233333333333,2001
1721,1719.735,2001
236,632.88,2001
708,3202.6866666666665,2001
1563,924.85,2001
788,1828.7933333333333,2001
2039,1240.0666666666666,2001
2064,935.335,2001
977,2791.005,2001
1600,208.47666666666666,2001
703,2128.3633333333332,2001
111,1946.7816666666668,2001
1885,2829.8766666666666,2001
441,2224.52,2001
1930,5.988333333333333,2001
1919,604.475,2001
1716,1842.9,2001
913,2108.221666666667,2001
1683,631.9766666666667,2001
84,3012.74,2001
2068,168.11,2001
1444,697.6566666666666,2001
1924,467.50166666666667,2001
283,2003.6916666666666,2001
953,1986.9733333333334,2001
919,548.3783333333333,2001
26,298.7966666666667,2001
446,2070.8633333333332,2001
51,485.1716666666667,2001
990,1217.6583333333333,2001
2055,9.433333333333334,2001
1531,1407.3733333333332,2001
948,2131.2516666666666,2001
2033,1581.3533333333332,2001
53,1507.9933333333333,2001
1548,1099.155,2001
95,102.865,2001
349,2581.8316666666665,2001
2058,636.8783333333333,2001
998,941.3766666666667,2001
1110,722.1216666666667,2001
2043,1265.7883333333334,2001
672,1001.5466666666666,2001
761,543.8166666666667,2001
1723,1613.3083333333334,2001
1074,1400.8233333333333,2001
1508,1969.5383333333334,2001
1897,2363.1466666666665,2001
688,1490.0,2001
1722,2619.6783333333333,2001
1720,1395.52,2001
714,3444.16,2001
1138,75.08333333333333,2001
1709,2127.8866666666668,2001
2072,35.05166666666667,2001
1913,879.1533333333333,2001
63,1612.2166666666667,2001
1565,123.265,2001
1710,3190.425,2001
2034,2388.935,2001
2130,846.6183333333333,2001
2065,179.47666666666666,2001
1630,1151.575,2001
1960,1141.6583333333333,2001
782,1216.3383333333334,2001
42,1208.49,2001
983,1651.6383333333333,2001
302,2352.903333333333,2001
2050,1810.575,2001
177,33.641666666666666,2001
1737,915.1516666666666,2001
98,170.14833333333334,2001
89,2686.366666666667,2001
1918,281.5966666666667,2001
178,1620.38,2001
2071,220.48,2001
970,1815.5683333333334,2001
901,648.8533333333334,2001
136,2805.653333333333,2001
1727,1579.0616666666667,2001
121,2101.826666666667,2001
2101,593.355,2001
1718,3123.905,2001
978,2905.1266666666666,2001
2143,148.13166666666666,2001
442,39.928333333333335,2001
461,639.6933333333334,2001
2047,1356.0533333333333,2001
1900,399.97833333333335,2001
1711,2457.1966666666667,2001
1747,286.60833333333335,2001
1952,30.026666666666667,2001
753,1237.9833333333333,2001
988,6.583333333333333,2001
1740,2722.8416666666667,2001
739,2943.3316666666665,2001
1725,1239.4116666666666,2001
951,3131.068333333333,2001
397,3182.7966666666666,2001
1073,683.9366666666666,2001
1888,2519.88,2001
1594,206.605,2001
296,2293.5633333333335,2001
1729,71.18333333333334,2001
109,1589.68,2001
123,1261.445,2001
1714,1208.3333333333333,2001
393,1372.335,2001
1934,572.0116666666667,2001
915,2181.5033333333336,2001
166,1139.5,2001
1500,2534.375,2001
1728,917.7983333333333,2001
2092,73.30166666666666,2001
1739,2060.695,2001
2106,303.46,2001
1763,698.0333333333333,2001
208,2710.6666666666665,2001
1734,57.031666666666666,2001
417,981.8983333333333,2001
64,998.4066666666666,2001
955,965.7433333333333,2001
1513,1660.58,2001
197,39.95,2001
1909,126.13833333333334,2001
281,1270.495,2001
937,2130.8616666666667,2001
2173,44.68833333333333,2001
251,1229.7466666666667,2001
399,1551.6566666666668,2001
1742,1239.2233333333334,2001
1000,2397.72,2001
406,2921.806666666667,2001
949,3240.56,2001
762,2002.8666666666666,2001
431,1084.3566666666666,2001
1890,2858.69,2001
1035,142.02333333333334,2001
428,1089.8283333333334,2001
2098,37.35666666666667,2001
2066,223.105,2001
278,1183.9116666666666,2001
1536,1662.5716666666667,2001
950,2558.3116666666665,2001
1883,3193.963333333333,2001
1864,131.85166666666666,2001
70,652.2583333333333,2001
959,2386.6266666666666,2001
120,2541.2516666666666,2001
2031,1313.22,2001
1505,420.6983333333333,2001
2121,12.316666666666666,2001
210,2822.05,2001
426,225.25,2001
371,112.74166666666666,2001
345,1679.055,2001
689,1801.4883333333332,2001
1495,3173.9533333333334,2001
896,2613.9266666666667,2001
1906,198.775,2001
1501,2084.28,2001
103,340.73333333333335,2001
957,75.60333333333334,2001
1928,595.845,2001
339,1160.5116666666668,2001
67,30.245,2001
389,1597.8016666666667,2001
1499,845.3083333333333,2001
960,2287.588333333333,2001
763,818.9666666666667,2001
380,77.67333333333333,2001
1503,3093.661666666667,2001
145,588.5,2001
1892,1116.5133333333333,2001
696,2456.33,2001
969,254.59,2001
1607,1005.1383333333333,2001
895,116.97666666666667,2001
238,2365.0666666666666,2001
1838,1556.125,2001
1731,467.65,2001
721,260.77166666666665,2001
137,660.5616666666666,2001
452,2128.9383333333335,2001
1713,2980.056666666667,2001
219,919.53,2001
958,1901.08,2001
124,2416.2316666666666,2001
1735,279.1533333333333,2001
1907,1495.3633333333332,2001
702,2334.2383333333332,2001
1887,2855.89,2001
1005,1582.89,2001
962,474.15166666666664,2001
1917,38.805,2001
445,959.28,2001
781,56.165,2001
1895,460.4433333333333,2001
440,774.4833333333333,2001
1985,19.1,2001
980,613.9466666666667,2001
2062,603.93,2002
243,1469.0133333333333,2002
1425,1549.9183333333333,2002
1502,1485.29,2002
1559,1386.62,2002
1733,1309.385,2002
673,422.865,2002
275,2915.17,2002
947,2624.165,2002
297,2453.2233333333334,2002
2228,449.705,2002
2264,124.57333333333334,2002
1541,2932.87,2002
1043,153.22166666666666,2002
1889,3019.3316666666665,2002
1905,2153.6133333333332,2002
692,634.5433333333333,2002
358,2464.8733333333334,2002
1738,141.07666666666665,2002
1712,3033.31,2002
1853,1050.4883333333332,2002
1533,366.0683333333333,2002
193,3139.7433333333333,2002
324,2060.391666666667,2002
952,3406.435,2002
1498,2169.815,2002
213,2976.945,2002
176,47.58833333333333,2002
686,235.06833333333333,2002
2238,317.35,2002
1609,988.665,2002
1506,1282.7233333333334,2002
422,1353.5183333333334,2002
1884,3319.765,2002
1112,2918.931666666667,2002
902,693.685,2002
448,1928.595,2002
682,1783.7466666666667,2002
1517,1752.7916666666667,2002
2250,339.69666666666666,2002
1719,2350.475,2002
1802,2264.075,2002
2220,194.78833333333333,2002
2217,1266.54,2002
699,3038.235,2002
85,88.695,2002
1510,1149.3166666666666,2002
2073,42.583333333333336,2002
258,2256.3783333333336,2002
2243,291.41333333333336,2002
216,628.1316666666667,2002
1730,1107.8783333333333,2002
1477,1699.02,2002
1743,84.96833333333333,2002
179,663.2216666666667,2002
1724,771.6733333333333,2002
935,1998.4616666666666,2002
1898,584.645,2002
384,1637.3733333333332,2002
1916,278.02,2002
2306,369.93833333333333,2002
435,168.79,2002
1538,69.46666666666667,2002
891,1384.435,2002
1520,1143.4166666666667,2002
2294,41.99166666666667,2002
369,1057.48,2002
1497,2355.935,2002
685,232.71333333333334,2002
2365,260.65833333333336,2002
164,1578.8783333333333,2002
1544,131.05,2002
201,326.93666666666667,2002
423,810.1066666666667,2002
2036,1657.5816666666667,2002
168,1235.5033333333333,2002
185,2072.32,2002
43,2171.1316666666667,2002
363,1443.9883333333332,2002
1088,2280.545,2002
359,91.98,2002
221,1725.8983333333333,2002
361,2854.6716666666666,2002
1894,1616.74,2002
916,1429.545,2002
722,1707.23,2002
2042,1323.14,2002
1749,3115.8016666666667,2002
905,2446.366666666667,2002
2053,634.8816666666667,2002
1800,1088.7,2002
757,2793.278333333333,2002
2245,63.785,2002
2061,433.19166666666666,2002
105,1182.5866666666666,2002
344,586.0733333333334,2002
2091,24.316666666666666,2002
198,798.7666666666667,2002
1504,2219.346666666667,2002
330,553.9383333333334,2002
2032,2225.0383333333334,2002
353,2733.3216666666667,2002
239,22.413333333333334,2002
1032,1206.9133333333334,2002
764,2305.2266666666665,2002
133,2490.366666666667,2002
2205,109.49833333333333,2002
2052,1131.1933333333334,2002
1051,180.68166666666667,2002
2352,138.97,2002
244,65.81666666666666,2002
209,884.9483333333334,2002
2035,1722.395,2002
1507,1855.9366666666667,2002
965,1974.8133333333333,2002
934,2080.633333333333,2002
1760,298.68,2002
365,783.12,2002
2046,2418.048333333333,2002
1904,1762.5083333333334,2002
54,2.7666666666666666,2002
87,2905.63,2002
1901,1156.1816666666666,2002
1717,2890.955,2002
690,712.7083333333334,2002
2051,844.4416666666667,2002
681,118.55333333333333,2002
923,1749.1783333333333,2002
57,2796.0516666666667,2002
77,131.44333333333333,2002
1863,761.745,2002
2248,965.3983333333333,2002
2109,381.01666666666665,2002
2204,1895.4766666666667,2002
2067,1230.37,2002
224,3155.2183333333332,2002
1944,652.2233333333334,2002
2201,1150.7783333333334,2002
2059,1351.3816666666667,2002
922,2158.068333333333,2002
695,32.888333333333335,2002
386,47.6,2002
1882,3016.25,2002
1023,775.0166666666667,2002
376,656.0966666666667,2002
15,1716.6533333333334,2002
727,2225.258333333333,2002
677,1749.8983333333333,2002
2057,226.37333333333333,2002
956,1736.745,2002
1065,1640.0316666666668,2002
2081,21.43,2002
911,1659.1016666666667,2002
2041,620.485,2002
1915,299.12333333333333,2002
1732,573.1533333333333,2002
280,248.19166666666666,2002
697,1406.4083333333333,2002
56,3297.1433333333334,2002
718,1141.4316666666666,2002
248,892.8216666666667,2002
45,1831.8616666666667,2002
2222,431.71666666666664,2002
2240,1152.145,2002
779,606.5366666666666,2002
299,2347.625,2002
255,513.5566666666666,2002
3,1868.1016666666667,2002
21,1513.0316666666668,2002
1761,884.8166666666667,2002
323,25.016666666666666,2002
731,1110.0333333333333,2002
165,1374.51,2002
2069,1368.4183333333333,2002
1942,177.05666666666667,2002
2045,1969.3,2002
270,2211.463333333333,2002
458,610.205,2002
93,1231.765,2002
1134,306.47,2002
1829,76.005,2002
1085,29.116666666666667,2002
1956,1274.4583333333333,2002
375,173.66333333333333,2002
2074,180.68166666666667,2002
1521,1855.4983333333332,2002
1751,1347.0633333333333,2002
2054,1584.5466666666666,2002
2063,900.9633333333334,2002
147,3155.568333333333,2002
2048,1552.0366666666666,2002
2224,2443.415,2002
2037,481.705,2002
469,1596.3983333333333,2002
1899,2242.615,2002
2249,41.43333333333333,2002
1114,143.94833333333332,2002
2260,1444.6616666666666,2002
679,284.815,2002
2044,363.025,2002
2215,1403.1083333333333,2002
2078,92.57333333333334,2002
467,3056.0216666666665,2002
2202,2627.845,2002
1891,2967.53,2002
1715,2237.6466666666665,2002
1902,1784.6066666666666,2002
976,3031.7033333333334,2002
2244,76.11,2002
1741,104.11666666666666,2002
1983,277.995,2002
979,2707.8566666666666,2002
1744,951.7283333333334,2002
2040,74.58833333333334,2002
966,1636.26,2002
711,2685.9983333333334,2002
2219,34.211666666666666,2002
754,1823.5166666666667,2002
2343,154.45833333333334,2002
2207,1916.7366666666667,2002
693,1925.1166666666666,2002
2038,1126.0783333333334,2002
680,586.035,2002
180,799.4516666666667,2002
317,930.3533333333334,2002
304,2569.665,2002
961,485.04,2002
271,724.9266666666666,2002
468,1989.3016666666667,2002
1886,1646.215,2002
2218,38.028333333333336,2002
146,678.72,2002
1908,2143.2166666666667,2002
436,2634.2633333333333,2002
252,3037.535,2002
2208,245.14166666666668,2002
1496,2461.685,2002
1509,1918.6416666666667,2002
383,1414.5933333333332,2002
72,2427.47,2002
2261,559.8583333333333,2002
1903,2481.423333333333,2002
2030,2504.786666666667,2002
1721,2186.8083333333334,2002
954,2598.63,2002
708,3171.4783333333335,2002
1563,1724.36,2002
788,866.3383333333334,2002
2039,157.09833333333333,2002
2213,77.25,2002
977,3065.1316666666667,2002
703,2769.451666666667,2002
2198,817.1,2002
111,1683.7883333333334,2002
1885,999.47,2002
441,2310.645,2002
1716,2045.8116666666667,2002
1683,10.883333333333333,2002
84,3327.8633333333332,2002
2068,177.65,2002
1444,720.595,2002
1924,1912.7733333333333,2002
1910,100.71666666666667,2002
283,1614.5116666666668,2002
2254,515.7033333333334,2002
953,1250.7883333333334,2002
446,1555.8916666666667,2002
2124,160.835,2002
990,1728.06,2002
2055,46.77,2002
1531,498.07,2002
948,1008.9666666666667,2002
2033,1964.9083333333333,2002
1548,415.7816666666667,2002
95,201.79833333333335,2002
349,2364.035,2002
2058,648.74,2002
998,425.285,2002
1110,655.5266666666666,2002
2043,154.655,2002
672,350.2416666666667,2002
761,35.18333333333333,2002
1723,2547.2083333333335,2002
2230,42.96,2002
2370,407.62666666666667,2002
1897,1641.43,2002
2214,117.65,2002
688,1905.4083333333333,2002
1722,125.55,2002
1720,708.5966666666667,2002
714,2755.1783333333333,2002
893,2089.0016666666666,2002
1709,2569.633333333333,2002
2072,1417.1283333333333,2002
1913,168.74,2002
1565,91.33333333333333,2002
1710,2657.33,2002
2229,117.57833333333333,2002
2034,2127.891666666667,2002
2130,11.883333333333333,2002
1630,213.465,2002
1960,790.4116666666666,2002
782,711.02,2002
348,89.785,2002
42,1284.785,2002
983,2246.39,2002
302,599.6616666666666,2002
2050,1990.0766666666666,2002
1737,2170.035,2002
98,220.29166666666666,2002
89,2497.7,2002
2369,68.46333333333334,2002
1918,147.01166666666666,2002
2071,222.30166666666668,2002
2351,1076.9666666666667,2002
970,1563.8266666666666,2002
136,2563.3733333333334,2002
1727,2401.3033333333333,2002
121,899.4133333333333,2002
2200,3001.866666666667,2002
1718,3298.8566666666666,2002
978,2648.46,2002
461,1918.3033333333333,2002
1542,1173.6533333333334,2002
2056,160.615,2002
2047,2153.84,2002
1900,487.68666666666667,2002
1711,2453.845,2002
1747,596.1966666666667,2002
1952,892.535,2002
753,5.85,2002
988,176.19666666666666,2002
1740,2583.6183333333333,2002
739,2965.765,2002
1725,2220.335,2002
2237,5.65,2002
951,2525.7366666666667,2002
397,2890.68,2002
1073,47.475,2002
1888,2200.2533333333336,2002
2210,1919.4233333333334,2002
1594,519.8116666666666,2002
296,2290.2883333333334,2002
1729,1955.9683333333332,2002
109,2142.695,2002
123,253.69333333333333,2002
1714,677.5583333333333,2002
393,2291.125,2002
1934,1770.36,2002
915,1880.3833333333334,2002
2206,127.49333333333334,2002
1500,1717.8466666666666,2002
2257,244.90333333333334,2002
1739,1765.94,2002
1601,539.93,2002
1763,1687.8966666666668,2002
208,2606.616666666667,2002
694,160.66166666666666,2002
417,722.645,2002
955,1653.31,2002
2223,175.91,2002
1513,1881.8366666666666,2002
1909,1291.9016666666666,2002
281,735.5333333333333,2002
937,1998.9283333333333,2002
1752,319.4,2002
399,729.6883333333334,2002
1742,602.7983333333333,2002
1000,1595.48,2002
2203,3098.1,2002
406,2420.661666666667,2002
949,2978.0783333333334,2002
762,757.2383333333333,2002
431,1234.68,2002
1890,3107.508333333333,2002
1035,249.32833333333335,2002
2098,725.3383333333334,2002
2049,1529.9483333333333,2002
278,1316.2033333333334,2002
1536,225.91833333333332,2002
950,3186.4733333333334,2002
1883,2340.68,2002
1864,49.435,2002
70,773.6183333333333,2002
959,2837.9483333333333,2002
2212,514.0466666666666,2002
120,2212.1966666666667,2002
2031,1801.4166666666667,2002
2347,97.94666666666667,2002
1505,442.4033333333333,2002
2242,1115.2966666666666,2002
210,964.1883333333334,2002
345,1289.435,2002
689,82.15,2002
2357,401.62166666666667,2002
1495,3331.66,2002
896,1600.0666666666666,2002
1906,40.94,2002
1501,1991.5633333333333,2002
1928,1501.425,2002
339,1133.835,2002
389,1495.585,2002
1499,1820.495,2002
960,1446.2766666666666,2002
763,1244.9283333333333,2002
2225,2271.1783333333333,2002
1503,2908.86,2002
145,472.82666666666665,2002
1892,476.70166666666665,2002
696,1750.1183333333333,2002
969,429.8983333333333,2002
1762,340.62166666666667,2002
2239,2235.5783333333334,2002
1607,1857.9116666666666,2002
2211,1450.3916666666667,2002
238,809.255,2002
1838,1499.4233333333334,2002
1731,1462.1083333333333,2002
2199,1392.8166666666666,2002
2349,95.45666666666666,2002
452,1710.5783333333334,2002
1713,2385.645,2002
219,5.1883333333333335,2002
958,1343.775,2002
124,2418.1683333333335,2002
2209,1234.95,2002
1735,883.34,2002
1907,495.11333333333334,2002
702,1656.4266666666667,2002
1887,3120.6266666666666,2002
1005,1118.61,2002
962,719.3183333333334,2002
1917,594.3766666666667,2002
445,2793.076666666667,2002
2226,883.1916666666667,2002
1895,260.3566666666667,2002
2216,237.20166666666665,2002
1442,1178.4916666666666,2002
1985,846.24,2002
980,1330.2333333333333,2002
2062,8.533333333333333,2003
243,2377.64,2003
1425,1601.3783333333333,2003
2492,109.62166666666667,2003
1502,1786.2066666666667,2003
1559,1369.8666666666666,2003
1733,2467.7766666666666,2003
673,1493.645,2003
275,3109.7933333333335,2003
947,3484.07,2003
2228,29.18166666666667,2003
1541,2642.346666666667,2003
1043,69.805,2003
2405,2569.9383333333335,2003
1889,2913.2283333333335,2003
1905,2214.185,2003
692,1329.6083333333333,2003
358,1776.82,2003
1738,445.24,2003
1712,3229.3083333333334,2003
1853,913.4633333333334,2003
924,86.28333333333333,2003
1533,842.83,2003
193,2117.4533333333334,2003
324,2243.258333333333,2003
2541,89.39333333333333,2003
952,3235.3683333333333,2003
1498,870.5766666666667,2003
213,1897.7433333333333,2003
176,32.63,2003
1609,209.57166666666666,2003
717,1203.2933333333333,2003
1506,630.8783333333333,2003
422,427.13,2003
1884,1893.03,2003
1112,2871.2516666666666,2003
902,689.8016666666666,2003
448,1800.235,2003
682,1130.08,2003
1517,1672.9066666666668,2003
2250,373.6483333333333,2003
1719,2397.2083333333335,2003
2411,78.16666666666667,2003
1802,2270.9983333333334,2003
2220,69.61666666666666,2003
1585,19.933333333333334,2003
2217,1929.3933333333334,2003
699,2482.15,2003
1510,928.2966666666666,2003
2073,14.35,2003
258,2641.5233333333335,2003
2243,721.4433333333334,2003
216,897.6683333333333,2003
1730,1384.3616666666667,2003
1477,2568.326666666667,2003
1743,138.70333333333335,2003
1724,79.83166666666666,2003
935,1389.585,2003
384,2352.9016666666666,2003
1916,575.325,2003
2306,283.8933333333333,2003
2430,2047.9583333333333,2003
2406,2855.6516666666666,2003
2418,1145.2383333333332,2003
2456,88.31833333333333,2003
891,515.3983333333333,2003
1520,13.221666666666666,2003
369,1467.255,2003
1497,2330.205,2003
685,646.1733333333333,2003
2365,902.555,2003
164,105.40333333333334,2003
1544,38.083333333333336,2003
201,10.456666666666667,2003
2423,666.605,2003
2036,806.4683333333334,2003
168,264.015,2003
2442,6.316666666666666,2003
185,2617.325,2003
43,1050.3,2003
2404,479.74,2003
363,2211.39,2003
1088,1397.9016666666666,2003
221,2026.035,2003
361,2824.951666666667,2003
1736,150.49666666666667,2003
1894,2004.775,2003
916,836.065,2003
722,2060.318333333333,2003
2042,1358.69,2003
1749,3040.923333333333,2003
2402,1384.9083333333333,2003
905,2280.885,2003
2053,75.61666666666666,2003
1800,711.425,2003
757,1314.0383333333334,2003
2245,115.235,2003
2424,518.12,2003
2429,759.3583333333333,2003
2061,537.7783333333333,2003
198,599.775,2003
1504,220.695,2003
330,87.985,2003
2032,2005.9916666666666,2003
353,2349.31,2003
1032,924.7433333333333,2003
764,1671.6866666666667,2003
133,2710.6716666666666,2003
2205,945.5866666666667,2003
2052,760.8633333333333,2003
2352,94.29,2003
1507,2553.095,2003
965,2829.0333333333333,2003
934,1742.185,2003
2046,2764.92,2003
1904,1612.1566666666668,2003
2484,92.18,2003
87,514.6733333333333,2003
1901,1887.8883333333333,2003
1717,3121.16,2003
690,10.033333333333333,2003
2051,1613.6633333333334,2003
681,6.266666666666667,2003
923,2375.835,2003
57,2709.6383333333333,2003
2400,1875.57,2003
1863,1321.535,2003
2248,1361.9616666666666,2003
2204,1882.4316666666666,2003
2067,1025.1866666666667,2003
224,1788.1133333333332,2003
1944,1354.3616666666667,2003
2201,1576.3216666666667,2003
2059,1100.4466666666667,2003
981,143.38166666666666,2003
922,867.9583333333334,2003
1882,2450.0716666666667,2003
1023,340.14666666666665,2003
15,1360.8183333333334,2003
727,3108.895,2003
677,2350.3116666666665,2003
956,1976.5416666666667,2003
1065,1277.6383333333333,2003
911,1170.6833333333334,2003
2041,514.0566666666666,2003
1915,135.20833333333334,2003
2436,62.90833333333333,2003
2421,167.415,2003
697,786.4316666666666,2003
2410,112.55833333333334,2003
56,3209.615,2003
718,1223.045,2003
248,1496.105,2003
2222,572.825,2003
2240,2867.895,2003
779,1533.8933333333334,2003
299,2591.7833333333333,2003
1921,2154.391666666667,2003
255,840.79,2003
3,489.72833333333335,2003
1761,1516.2366666666667,2003
323,539.005,2003
731,1926.885,2003
2462,3.225,2003
2045,1178.155,2003
270,85.06166666666667,2003
458,2244.7366666666667,2003
93,322.98,2003
2080,240.12166666666667,2003
1956,1927.2883333333334,2003
2452,1500.9383333333333,2003
1521,1689.7966666666666,2003
1751,230.31333333333333,2003
2054,542.3716666666667,2003
2063,947.105,2003
147,3351.891666666667,2003
2048,2444.1566666666668,2003
2224,2237.9883333333332,2003
2037,1987.9183333333333,2003
469,3325.806666666667,2003
2441,8.818333333333333,2003
1899,2517.903333333333,2003
2249,80.435,2003
2457,339.12,2003
2407,290.34166666666664,2003
2260,420.84,2003
679,894.5666666666667,2003
2044,105.325,2003
2215,1897.5716666666667,2003
467,2988.5583333333334,2003
2202,2696.705,2003
1891,3083.8483333333334,2003
1715,2405.0933333333332,2003
2398,1961.19,2003
1902,802.6783333333333,2003
976,1312.2566666666667,2003
2244,96.75,2003
1741,1367.2833333333333,2003
1983,554.6816666666666,2003
979,2862.5033333333336,2003
1744,765.2133333333334,2003
2040,635.7733333333333,2003
966,2342.76,2003
711,2747.6833333333334,2003
2219,1024.31,2003
754,1309.9633333333334,2003
2412,229.95333333333335,2003
2207,2253.325,2003
693,1118.0583333333334,2003
2038,542.6616666666666,2003
680,474.5733333333333,2003
180,179.505,2003
2422,495.165,2003
304,2273.43,2003
468,1476.5883333333334,2003
1886,818.615,2003
2218,84.57666666666667,2003
2413,648.4683333333334,2003
1038,680.8,2003
1908,2200.8683333333333,2003
2454,2000.345,2003
436,2733.1066666666666,2003
2416,874.7516666666667,2003
252,2934.75,2003
2208,667.1916666666667,2003
1496,2340.72,2003
1509,1252.0983333333334,2003
2256,155.59833333333333,2003
383,2069.9766666666665,2003
72,1134.685,2003
2261,498.68666666666667,2003
1903,1979.82,2003
2030,2625.6483333333335,2003
1721,1778.6266666666668,2003
954,1955.27,2003
708,3321.7883333333334,2003
1563,1900.33,2003
788,842.46,2003
2039,969.825,2003
2213,58.16,2003
977,3403.8566666666666,2003
703,2575.135,2003
2198,1777.9583333333333,2003
111,781.005,2003
1885,1678.165,2003
1716,2136.846666666667,2003
84,2857.635,2003
2068,98.58333333333333,2003
1444,227.58833333333334,2003
1924,405.85,2003
283,672.4133333333333,2003
2437,683.6466666666666,2003
2254,350.9866666666667,2003
953,1984.3866666666668,2003
446,1971.54,2003
1766,104.115,2003
2124,2320.34,2003
990,1926.265,2003
2055,366.01166666666666,2003
1938,1434.42,2003
1531,1040.6583333333333,2003
948,615.3933333333333,2003
2033,807.555,2003
2409,441.32666666666665,2003
1548,1407.105,2003
95,99.255,2003
349,1468.8533333333332,2003
2058,783.13,2003
1110,13.243333333333334,2003
2060,1383.6583333333333,2003
2043,54.85,2003
1723,2556.195,2003
1074,102.89833333333333,2003
1508,1379.7316666666666,2003
2246,1365.9433333333334,2003
2408,802.9716666666667,2003
2370,46.90833333333333,2003
1897,2317.4383333333335,2003
2214,1311.5066666666667,2003
688,1555.39,2003
1722,87.36833333333334,2003
1720,1040.09,2003
714,2641.8533333333335,2003
893,3029.0383333333334,2003
1709,1369.5416666666667,2003
2072,2318.733333333333,2003
1565,250.685,2003
2471,1249.4916666666666,2003
1710,1834.8016666666667,2003
2399,1306.145,2003
2229,1722.93,2003
2034,2185.2433333333333,2003
2366,689.7216666666667,2003
1630,42.63333333333333,2003
1960,1974.1433333333334,2003
42,276.5283333333333,2003
983,1375.925,2003
2050,2944.9533333333334,2003
1572,78.10833333333333,2003
1737,450.3666666666667,2003
2403,2258.3283333333334,2003
89,2033.0716666666667,2003
2401,1319.9883333333332,2003
2071,143.945,2003
2351,103.95166666666667,2003
970,1845.6583333333333,2003
136,2616.286666666667,2003
2469,786.1816666666666,2003
1727,2586.548333333333,2003
2200,2945.9783333333335,2003
1718,3096.575,2003
2321,5.85,2003
978,2451.3566666666666,2003
2143,35.806666666666665,2003
461,223.34,2003
1542,1982.2,2003
2453,255.87,2003
2056,107.77666666666667,2003
2047,1368.205,2003
2417,334.97833333333335,2003
1711,1610.0416666666667,2003
1747,982.4716666666667,2003
1952,1174.1083333333333,2003
753,259.89166666666665,2003
988,11.816666666666666,2003
1740,3041.1266666666666,2003
739,2686.3616666666667,2003
1725,2338.07,2003
2446,1515.2966666666666,2003
951,2879.7366666666667,2003
2501,1369.15,2003
397,2121.0233333333335,2003
1073,142.24166666666667,2003
1888,2639.798333333333,2003
2210,2874.045,2003
1594,193.79833333333335,2003
296,2183.346666666667,2003
1729,3137.0233333333335,2003
2425,72.18166666666667,2003
109,2343.715,2003
123,438.01166666666666,2003
1714,846.6233333333333,2003
393,955.74,2003
915,1307.1133333333332,2003
2206,1565.0766666666666,2003
2427,114.24,2003
1500,1670.435,2003
2257,4.683333333333334,2003
1739,1657.5866666666666,2003
2106,23.583333333333332,2003
1763,995.6816666666666,2003
2415,443.26166666666666,2003
208,2698.5516666666667,2003
955,1244.3166666666666,2003
1513,323.925,2003
1909,1322.7166666666667,2003
281,875.0183333333333,2003
937,1912.34,2003
2253,487.7816666666667,2003
1752,224.125,2003
399,1343.39,2003
1742,1876.34,2003
1000,1729.4633333333334,2003
2203,2381.9983333333334,2003
406,2533.29,2003
949,3079.3716666666664,2003
762,1728.2683333333334,2003
431,1630.005,2003
1890,3374.7266666666665,2003
2098,619.73,2003
2470,1101.3616666666667,2003
2066,76.99166666666666,2003
2049,469.255,2003
278,859.7283333333334,2003
1536,2251.7383333333332,2003
950,3248.3683333333333,2003
1883,3321.548333333333,2003
70,950.2716666666666,2003
959,2712.3733333333334,2003
2212,447.19,2003
120,1032.3816666666667,2003
2031,1474.1233333333332,2003
2447,273.64166666666665,2003
1505,203.58333333333334,2003
2419,435.4533333333333,2003
2242,632.4983333333333,2003
689,2524.0666666666666,2003
2357,167.765,2003
1495,3182.445,2003
896,126.25666666666666,2003
1501,2359.56,2003
2432,34.028333333333336,2003
1928,809.3333333333334,2003
339,445.00166666666667,2003
389,1701.64,2003
1499,1685.0183333333334,2003
960,1872.7283333333332,2003
763,789.9133333333333,2003
2225,2780.1466666666665,2003
1503,2949.775,2003
145,188.89333333333335,2003
696,1804.585,2003
969,287.35,2003
1762,572.925,2003
2239,1996.7333333333333,2003
1607,2601.795,2003
2211,2515.92,2003
238,1353.1266666666668,2003
1731,1987.385,2003
2199,1825.3116666666667,2003
452,945.145,2003
1713,1470.3483333333334,2003
2428,1379.2516666666668,2003
958,401.38,2003
124,2386.6133333333332,2003
2209,1910.44,2003
1735,1594.4,2003
702,1928.17,2003
1887,1833.8483333333334,2003
1005,1162.4566666666667,2003
962,1948.72,2003
1917,411.51166666666666,2003
445,1939.4683333333332,2003
2397,2381.8933333333334,2003
2216,1300.935,2003
1442,490.3933333333333,2003
1985,11.136666666666667,2003
980,2433.681666666667,2003
243,2116.925,2004
1425,1335.8466666666666,2004
1502,574.5683333333334,2004
1559,122.095,2004
1733,2440.8633333333332,2004
673,68.07833333333333,2004
2682,12.678333333333333,2004
275,1794.1733333333334,2004
947,2046.8416666666667,2004
297,215.87666666666667,2004
2228,40.41166666666667,2004
1541,1736.96,2004
1043,634.025,2004
2405,2025.02,2004
1889,2847.3233333333333,2004
1905,2905.9166666666665,2004
692,1209.1766666666667,2004
358,2095.278333333333,2004
1738,575.33,2004
1712,2378.895,2004
1853,87.21666666666667,2004
924,83.49,2004
1533,1603.4183333333333,2004
324,1383.4033333333334,2004
952,2837.135,2004
1498,1515.8183333333334,2004
213,2578.5616666666665,2004
686,930.2016666666667,2004
1506,1043.445,2004
422,636.9633333333334,2004
1884,2686.9766666666665,2004
1052,171.47833333333332,2004
1112,3059.3366666666666,2004
902,168.16166666666666,2004
448,1613.8516666666667,2004
682,1657.3133333333333,2004
1517,1189.105,2004
2250,1373.5166666666667,2004
1719,1871.8633333333332,2004
2564,1915.235,2004
2411,507.50166666666667,2004
1802,2626.555,2004
2220,426.49333333333334,2004
2599,404.8016666666667,2004
2217,1493.1783333333333,2004
699,1802.4833333333333,2004
1510,1033.295,2004
2073,1631.355,2004
2567,437.77166666666665,2004
258,2302.23,2004
2243,917.0016666666667,2004
1730,1579.975,2004
2639,291.81166666666667,2004
1477,2627.1866666666665,2004
1743,30.72,2004
1724,76.06333333333333,2004
935,934.9216666666666,2004
384,2061.8416666666667,2004
1916,1197.7283333333332,2004
2306,2002.5216666666668,2004
2430,2597.6033333333335,2004
2546,2991.2316666666666,2004
2406,2025.6733333333334,2004
2418,1831.1916666666666,2004
2456,12.811666666666667,2004
891,23.706666666666667,2004
369,1252.805,2004
1497,2772.2966666666666,2004
685,58.37,2004
2365,1028.5183333333334,2004
2547,2516.485,2004
1544,1209.41,2004
2423,197.58,2004
2549,1850.2966666666666,2004
2036,1327.845,2004
185,832.9016666666666,2004
43,183.465,2004
2404,1339.685,2004
363,983.1783333333333,2004
1088,1539.02,2004
221,872.5016666666667,2004
361,2841.806666666667,2004
1894,2629.8816666666667,2004
916,1042.8116666666667,2004
722,1574.2066666666667,2004
2414,257.4716666666667,2004
1749,3235.806666666667,2004
2563,154.38666666666666,2004
2402,709.89,2004
905,1684.0566666666666,2004
1800,2009.1516666666666,2004
757,3122.8483333333334,2004
2245,16.165,2004
2424,291.10333333333335,2004
2429,1251.71,2004
2061,35.025,2004
344,10.918333333333333,2004
2091,708.7516666666667,2004
1504,620.41,2004
2032,2080.1983333333333,2004
2443,973.665,2004
2545,159.595,2004
353,2244.615,2004
239,173.76333333333332,2004
1032,471.07666666666665,2004
133,2006.2866666666666,2004
2561,929.0383333333333,2004
2205,721.9733333333334,2004
2052,2444.41,2004
2035,283.30833333333334,2004
1507,1812.8316666666667,2004
965,1759.4316666666666,2004
934,845.7116666666667,2004
1760,82.74333333333334,2004
2724,30.71,2004
2046,2534.4333333333334,2004
2667,86.35666666666667,2004
1904,1952.775,2004
2484,619.3083333333333,2004
87,1499.1466666666668,2004
1901,1642.4483333333333,2004
1717,2919.845,2004
2051,789.015,2004
923,2982.055,2004
57,2782.8866666666668,2004
77,1036.11,2004
2400,2137.3866666666668,2004
2548,2135.85,2004
1863,1838.3316666666667,2004
2248,1673.0,2004
2109,153.23166666666665,2004
2067,1181.215,2004
224,3000.98,2004
1944,1022.5866666666667,2004
2201,2158.2633333333333,2004
2059,720.04,2004
922,898.415,2004
1882,2675.2166666666667,2004
15,702.0833333333334,2004
727,2976.185,2004
677,1881.35,2004
956,2407.9933333333333,2004
1065,572.96,2004
911,969.4683333333334,2004
2041,1899.7533333333333,2004
2436,2025.1033333333332,2004
1922,876.2216666666667,2004
2421,712.6433333333333,2004
697,1795.6933333333334,2004
2410,1499.8766666666668,2004
56,2836.045,2004
718,1022.24,2004
248,1690.7916666666667,2004
2222,335.7266666666667,2004
2240,2066.5116666666668,2004
779,260.50666666666666,2004
299,1344.84,2004
1921,2041.4566666666667,2004
1761,697.27,2004
731,2153.2366666666667,2004
2045,2079.9866666666667,2004
2673,42.526666666666664,2004
270,1109.6766666666667,2004
458,1459.4183333333333,2004
93,76.53666666666666,2004
2137,28.016666666666666,2004
1956,1245.415,2004
2452,438.3183333333333,2004
2074,170.05166666666668,2004
1521,1265.0566666666666,2004
1751,867.875,2004
2054,531.66,2004
2063,1598.65,2004
147,2511.9466666666667,2004
2048,2794.2483333333334,2004
2224,1376.065,2004
2037,2813.71,2004
469,729.6833333333333,2004
2441,130.67833333333334,2004
2592,26.015,2004
1899,2442.6966666666667,2004
2249,162.28666666666666,2004
2457,477.21166666666664,2004
2407,1917.2016666666666,2004
2260,1731.1233333333332,2004
2553,2043.9633333333334,2004
2044,546.4766666666667,2004
2215,2224.675,2004
2078,662.7616666666667,2004
2574,423.325,2004
467,2463.9533333333334,2004
2202,2940.483333333333,2004
1891,3013.2483333333334,2004
1715,2111.235,2004
1902,1953.2133333333334,2004
976,2377.4366666666665,2004
2244,96.71333333333334,2004
1741,13.25,2004
979,2788.9583333333335,2004
2602,5.116666666666666,2004
1744,992.1883333333334,2004
2040,415.1983333333333,2004
966,1623.8283333333334,2004
711,774.885,2004
754,3119.5516666666667,2004
2412,2185.285,2004
2207,3333.8683333333333,2004
693,2258.6033333333335,2004
2038,345.3183333333333,2004
2422,1588.6,2004
961,364.77666666666664,2004
468,1090.2716666666668,2004
1886,269.0466666666667,2004
2668,22.348333333333333,2004
2572,1586.435,2004
2413,1474.9433333333334,2004
1908,371.2133333333333,2004
436,2883.7733333333335,2004
2079,13.133333333333333,2004
2416,1248.3783333333333,2004
252,1379.5566666666666,2004
2208,968.93,2004
2586,1786.045,2004
2693,385.295,2004
1496,2342.03,2004
1509,1746.4733333333334,2004
383,1408.7683333333334,2004
2570,35.208333333333336,2004
72,909.9733333333334,2004
1903,2703.9983333333334,2004
2030,2258.721666666667,2004
1721,28.083333333333332,2004
954,2847.3983333333335,2004
708,3235.055,2004
1563,1390.5316666666668,2004
788,370.36333333333334,2004
2039,1131.7366666666667,2004
2550,2709.2683333333334,2004
2632,17.113333333333333,2004
977,2447.4416666666666,2004
703,2542.445,2004
2198,2230.0916666666667,2004
2594,861.7716666666666,2004
1885,3001.9566666666665,2004
441,521.325,2004
1716,2067.365,2004
84,3100.6683333333335,2004
2544,3126.865,2004
2571,1500.565,2004
1924,778.8716666666667,2004
1910,3.55,2004
283,653.2883333333333,2004
2669,732.4466666666667,2004
2437,764.0633333333334,2004
2254,502.09166666666664,2004
953,1677.1533333333334,2004
446,1504.525,2004
2557,1112.7166666666667,2004
2575,717.955,2004
2573,224.92166666666665,2004
2124,615.7333333333333,2004
990,1253.625,2004
2055,370.7183333333333,2004
1938,2254.65,2004
1531,597.125,2004
2556,1377.5166666666667,2004
948,2164.3983333333335,2004
2033,741.3,2004
2409,262.12166666666667,2004
1548,2405.115,2004
349,578.8766666666667,2004
2058,1242.8566666666666,2004
998,19.948333333333334,2004
2060,1760.2383333333332,2004
2605,1033.9666666666667,2004
2043,91.35666666666667,2004
2440,720.3866666666667,2004
2679,65.97166666666666,2004
1723,1130.855,2004
2466,109.0,2004
1508,2081.1383333333333,2004
2246,1588.025,2004
2408,507.525,2004
2370,39.11,2004
1897,2715.45,2004
2214,98.21,2004
688,1222.9883333333332,2004
1720,1024.7666666666667,2004
714,2782.21,2004
1709,924.4833333333333,2004
2072,3020.2966666666666,2004
1913,729.455,2004
1565,147.76166666666666,2004
2552,496.695,2004
2554,752.4333333333333,2004
1710,2982.3783333333336,2004
2399,2340.8483333333334,2004
2229,2196.608333333333,2004
2034,1764.545,2004
2366,140.25,2004
1630,394.74333333333334,2004
1960,1207.1883333333333,2004
348,554.4716666666667,2004
2590,772.9516666666667,2004
983,844.2783333333333,2004
2050,2139.3616666666667,2004
1737,1610.74,2004
2569,31.525,2004
2403,2511.225,2004
89,1257.1866666666667,2004
2401,305.73333333333335,2004
178,11.0,2004
932,504.9066666666667,2004
2241,138.145,2004
970,871.035,2004
136,2757.1583333333333,2004
1727,21.25,2004
2200,2451.6133333333332,2004
1514,96.33833333333334,2004
1718,3099.795,2004
2321,83.97166666666666,2004
978,3268.9883333333332,2004
461,9.986666666666666,2004
1542,952.2133333333334,2004
2056,69.91166666666666,2004
2047,2339.7283333333335,2004
1900,63.485,2004
2417,665.25,2004
1711,330.20666666666665,2004
1747,2584.78,2004
1952,2020.905,2004
988,48.25,2004
1740,2933.645,2004
739,2393.4666666666667,2004
1725,2359.355,2004
2446,675.315,2004
2221,1622.225,2004
951,2156.6666666666665,2004
2558,354.62666666666667,2004
2501,1286.1333333333334,2004
397,2267.28,2004
1888,2784.8483333333334,2004
2210,3136.165,2004
2499,458.67,2004
1594,406.9766666666667,2004
296,846.22,2004
1729,2474.3133333333335,2004
2425,252.46666666666667,2004
109,1288.4483333333333,2004
123,214.885,2004
1714,938.8283333333334,2004
393,1201.61,2004
1934,138.085,2004
915,1413.865,2004
2206,987.11,2004
2427,324.50166666666667,2004
1500,518.775,2004
2648,901.7766666666666,2004
2257,24.975,2004
1739,1651.8066666666666,2004
1601,19.05666666666667,2004
1763,388.68,2004
2415,11.683333333333334,2004
208,2847.9966666666664,2004
955,416.17333333333335,2004
2223,2203.4683333333332,2004
2562,1136.5083333333334,2004
1513,679.1966666666667,2004
1909,549.0083333333333,2004
281,535.2533333333333,2004
937,411.1166666666667,2004
2253,61.223333333333336,2004
399,588.16,2004
1742,760.6216666666667,2004
1000,1966.2366666666667,2004
2203,1948.0966666666666,2004
1049,68.865,2004
406,2465.4416666666666,2004
949,2690.3216666666667,2004
762,762.5766666666667,2004
1890,3209.87,2004
2098,1448.9116666666666,2004
2582,2.75,2004
2049,1594.5216666666668,2004
278,1418.63,2004
1536,2943.2266666666665,2004
950,3254.5433333333335,2004
2581,1387.2433333333333,2004
1883,3196.4216666666666,2004
959,2615.365,2004
2212,790.2116666666667,2004
120,922.2866666666666,2004
2031,1530.045,2004
2551,1484.0883333333334,2004
2447,158.82666666666665,2004
2419,2696.6666666666665,2004
689,2661.69,2004
2604,178.94,2004
2357,18.276666666666667,2004
1495,2524.8766666666666,2004
1501,2089.1266666666666,2004
339,818.4833333333333,2004
389,1514.6716666666666,2004
1499,1474.7316666666666,2004
960,514.6833333333333,2004
763,783.0133333333333,2004
2225,2578.985,2004
1765,149.80833333333334,2004
1503,2687.2383333333332,2004
145,35.00666666666667,2004
696,762.1766666666666,2004
2580,509.5516666666667,2004
2566,18.738333333333333,2004
1762,251.135,2004
2239,2263.2116666666666,2004
2559,34.9,2004
1607,505.46,2004
2211,612.4866666666667,2004
238,37.29,2004
1731,2336.0583333333334,2004
2199,786.7116666666667,2004
2617,1796.5316666666668,2004
452,1321.2266666666667,2004
1713,2786.52,2004
958,1422.4266666666667,2004
124,2313.24,2004
2209,2322.54,2004
1735,453.53333333333336,2004
702,2244.425,2004
1887,623.6766666666666,2004
962,1898.575,2004
1917,114.29333333333334,2004
445,1034.7716666666668,2004
2584,767.5016666666667,2004
2397,2701.445,2004
2216,3072.2383333333332,2004
2560,574.5916666666667,2004
2585,658.9166666666666,2004
1442,269.8383333333333,2004
1985,470.7366666666667,2004
2565,466.74333333333334,2004
980,2543.173333333333,2004
243,1126.0566666666666,2005
1425,311.5833333333333,2005
1502,1700.9766666666667,2005
1559,658.3666666666667,2005
1733,2546.4483333333333,2005
2744,1044.215,2005
673,1196.38,2005
1893,128.13166666666666,2005
2682,145.60666666666665,2005
275,534.225,2005
947,3176.088333333333,2005
297,703.6566666666666,2005
2405,2884.786666666667,2005
2760,868.7616666666667,2005
2857,476.95666666666665,2005
2765,25.94,2005
2738,2680.8433333333332,2005
1889,2849.3,2005
1905,1353.1466666666668,2005
2804,1895.4983333333332,2005
692,50.62833333333333,2005
2740,382.305,2005
358,895.2883333333333,2005
1738,127.885,2005
1712,2608.795,2005
1853,715.855,2005
924,530.34,2005
1533,1756.1733333333334,2005
292,9.7,2005
324,526.8783333333333,2005
952,2965.4366666666665,2005
2766,217.41166666666666,2005
1498,2025.9416666666666,2005
213,1842.7433333333333,2005
686,1805.085,2005
1506,1826.325,2005
2852,27.058333333333334,2005
1884,1581.7966666666666,2005
2732,2013.0933333333332,2005
1052,294.7083333333333,2005
1112,2673.775,2005
2757,1155.2,2005
2774,328.9533333333333,2005
2873,350.36333333333334,2005
448,214.69,2005
682,1925.2916666666667,2005
1517,540.2883333333333,2005
2250,2810.57,2005
1719,1488.87,2005
2564,1194.0133333333333,2005
2411,1339.7483333333332,2005
1802,2092.5,2005
2688,2.783333333333333,2005
2599,216.74166666666667,2005
2217,1868.695,2005
699,1736.195,2005
1510,1946.475,2005
2073,1433.1366666666668,2005
2567,1081.915,2005
258,1142.665,2005
2243,1164.3816666666667,2005
1730,943.5166666666667,2005
2639,83.705,2005
1477,2622.51,2005
1743,68.49333333333334,2005
935,1026.22,2005
384,945.5716666666667,2005
1916,453.7966666666667,2005
2306,1443.175,2005
2430,1780.7533333333333,2005
2568,462.335,2005
2546,2609.9366666666665,2005
2406,2742.161666666667,2005
2418,1805.0983333333334,2005
369,359.5466666666667,2005
1497,2873.86,2005
2365,1423.8583333333333,2005
2547,3013.4183333333335,2005
2768,2171.7633333333333,2005
2549,1634.945,2005
2036,1873.245,2005
185,2373.0933333333332,2005
2404,1007.0633333333334,2005
363,738.6683333333333,2005
1088,2911.81,2005
221,523.4416666666667,2005
361,1695.79,2005
1894,2446.5633333333335,2005
722,1534.4783333333332,2005
2451,110.03333333333333,2005
724,197.65833333333333,2005
2414,856.25,2005
1749,2394.19,2005
2788,56.61,2005
2563,643.685,2005
2402,101.83333333333333,2005
905,1307.16,2005
2863,516.2183333333334,2005
1800,2577.7766666666666,2005
757,2769.2933333333335,2005
2245,150.935,2005
2424,2080.135,2005
2429,1778.1283333333333,2005
2091,104.955,2005
1504,1046.5583333333334,2005
2032,1694.1416666666667,2005
2443,1658.48,2005
2545,252.21333333333334,2005
353,986.8533333333334,2005
239,189.58333333333334,2005
1032,256.55,2005
2758,759.9083333333333,2005
133,2777.405,2005
2561,548.9916666666667,2005
2205,305.15833333333336,2005
2052,1080.705,2005
2753,504.8233333333333,2005
2035,1223.4216666666666,2005
1507,1237.1416666666667,2005
965,2221.7,2005
934,49.333333333333336,2005
2046,2885.1883333333335,2005
1904,308.2,2005
2484,1232.2133333333334,2005
2734,1176.67,2005
87,1220.3616666666667,2005
1901,66.04833333333333,2005
1717,3028.193333333333,2005
2051,16.3,2005
2764,433.50166666666667,2005
923,1657.3816666666667,2005
2748,27.733333333333334,2005
57,1520.355,2005
2400,2524.4866666666667,2005
2730,2678.443333333333,2005
2548,2977.568333333333,2005
1863,2167.1,2005
2248,1814.3216666666667,2005
2109,1013.8466666666667,2005
2204,1492.6683333333333,2005
2067,884.1416666666667,2005
224,2837.255,2005
2201,1811.59,2005
2059,1182.61,2005
922,392.9583333333333,2005
1882,3004.6883333333335,2005
2731,2599.63,2005
15,839.175,2005
727,1841.0716666666667,2005
677,1324.8583333333333,2005
956,1605.845,2005
1065,1011.2616666666667,2005
2845,70.805,2005
911,409.3,2005
2041,979.0733333333334,2005
2436,879.1333333333333,2005
1922,939.935,2005
2421,69.92,2005
697,1267.3283333333334,2005
2410,2270.383333333333,2005
56,2550.625,2005
2367,15.406666666666666,2005
248,932.935,2005
2222,2149.0833333333335,2005
2240,3278.891666666667,2005
299,157.98166666666665,2005
1921,1652.6683333333333,2005
255,2342.775,2005
1761,1519.1566666666668,2005
731,557.1383333333333,2005
2775,100.16166666666666,2005
2045,1766.475,2005
2798,101.52,2005
458,1429.01,2005
2825,10.9,2005
1956,1825.9466666666667,2005
2747,1863.5216666666668,2005
2074,646.7883333333333,2005
2866,4.388333333333334,2005
2761,706.105,2005
1521,1400.02,2005
1751,132.93833333333333,2005
2054,280.945,2005
2063,362.2416666666667,2005
147,2714.1,2005
2048,707.2,2005
2224,1300.8216666666667,2005
2037,2684.635,2005
2441,327.245,2005
2749,1614.9766666666667,2005
2592,1323.655,2005
1899,1384.2133333333334,2005
2839,113.18166666666667,2005
2249,179.99666666666667,2005
2457,450.35833333333335,2005
2407,2006.015,2005
2876,131.77666666666667,2005
2260,959.6666666666666,2005
2553,1562.715,2005
2044,941.5116666666667,2005
2215,2545.991666666667,2005
2078,1888.125,2005
2574,1489.1233333333332,2005
467,2449.7166666666667,2005
2202,2719.94,2005
1891,2397.8983333333335,2005
1715,1949.9516666666666,2005
1902,1603.34,2005
976,2650.693333333333,2005
1741,85.73,2005
1983,224.83666666666667,2005
979,1539.54,2005
1744,1324.8216666666667,2005
2040,118.27,2005
966,1210.9466666666667,2005
711,1620.25,2005
754,1995.7633333333333,2005
2412,1320.6616666666666,2005
2207,3237.883333333333,2005
693,2270.8683333333333,2005
2038,1857.93,2005
2823,133.39,2005
2422,985.3216666666667,2005
1519,520.1933333333334,2005
468,1501.57,2005
1886,92.225,2005
2735,2371.7716666666665,2005
2668,318.815,2005
2572,2444.383333333333,2005
2746,2049.9416666666666,2005
2413,1053.5133333333333,2005
1908,1835.0466666666666,2005
2454,543.8133333333334,2005
2770,114.775,2005
436,1621.4916666666666,2005
2079,54.5,2005
2416,965.23,2005
2208,54.303333333333335,2005
2586,1795.5533333333333,2005
2693,1381.6366666666668,2005
1496,1503.03,2005
1509,1521.96,2005
383,283.53,2005
2570,540.8366666666667,2005
72,743.6683333333333,2005
1903,2171.0333333333333,2005
2030,2278.9166666666665,2005
954,243.01666666666668,2005
708,3120.785,2005
2755,458.13666666666666,2005
1563,160.08666666666667,2005
788,345.8,2005
2039,1184.4483333333333,2005
2550,2797.4666666666667,2005
2632,12.1,2005
2745,900.3616666666667,2005
977,2689.536666666667,2005
2743,869.0166666666667,2005
703,2859.5466666666666,2005
2198,906.8566666666667,2005
2594,2666.721666666667,2005
1885,2316.35,2005
441,915.5983333333334,2005
1919,419.9866666666667,2005
1716,2357.346666666667,2005
84,2447.7,2005
1444,21.581666666666667,2005
2544,3383.9683333333332,2005
2571,1084.8883333333333,2005
1924,2014.1266666666668,2005
283,1134.1283333333333,2005
2669,15.233333333333333,2005
2763,424.3616666666667,2005
2437,36.0,2005
2254,702.67,2005
953,2286.346666666667,2005
446,1127.31,2005
2784,74.34166666666667,2005
2739,43.083333333333336,2005
2557,2573.95,2005
2575,762.13,2005
2736,1661.07,2005
2573,379.375,2005
2124,515.8183333333334,2005
990,1481.77,2005
2055,72.925,2005
1938,2201.0016666666666,2005
1531,1970.065,2005
2556,1142.57,2005
948,2018.8433333333332,2005
2033,903.8816666666667,2005
2409,105.48166666666667,2005
2435,351.37666666666667,2005
1548,2143.8866666666668,2005
2891,115.14833333333333,2005
2058,602.2083333333334,2005
998,24.983333333333334,2005
2060,1662.0166666666667,2005
2605,1416.3333333333333,2005
2043,64.275,2005
2440,704.3633333333333,2005
2588,1545.0366666666666,2005
2679,433.165,2005
2782,436.9683333333333,2005
1723,2585.005,2005
2486,19.17,2005
2230,1225.215,2005
1508,1342.6966666666667,2005
2246,2303.88,2005
2408,1655.3833333333334,2005
1897,290.095,2005
2214,115.32333333333334,2005
688,252.225,2005
1720,1169.38,2005
714,2365.565,2005
1709,1217.6366666666668,2005
2072,2852.1633333333334,2005
1913,1256.9933333333333,2005
1565,142.65,2005
2552,1502.0933333333332,2005
2554,1336.2133333333334,2005
1710,3090.7116666666666,2005
2399,2569.4083333333333,2005
2229,1857.8066666666666,2005
2034,2281.0333333333333,2005
2366,269.085,2005
1630,1172.6283333333333,2005
1960,1528.3283333333334,2005
2590,2261.56,2005
983,356.24666666666667,2005
2050,2519.6716666666666,2005
1737,1938.4433333333334,2005
2569,53.9,2005
2420,1967.5666666666666,2005
2403,1315.3866666666668,2005
2555,1397.3666666666666,2005
89,1618.0583333333334,2005
2401,214.34333333333333,2005
1918,729.5533333333333,2005
2241,73.32,2005
970,1278.0633333333333,2005
136,2825.455,2005
2776,251.91666666666666,2005
1727,948.9983333333333,2005
2200,1783.255,2005
1718,2963.2833333333333,2005
2321,29.566666666666666,2005
2750,7.581666666666667,2005
978,2539.4133333333334,2005
2762,19.57,2005
1542,1437.8783333333333,2005
2056,2282.5416666666665,2005
2047,2844.695,2005
2624,1638.1833333333334,2005
2417,39.343333333333334,2005
1711,2200.8733333333334,2005
2737,735.595,2005
1747,2722.86,2005
1952,1796.6866666666667,2005
988,229.61166666666668,2005
1740,2702.2683333333334,2005
739,2696.3116666666665,2005
1725,1783.1066666666666,2005
2446,1198.8666666666666,2005
2221,516.6066666666667,2005
951,3068.548333333333,2005
2558,180.05333333333334,2005
2501,1878.985,2005
397,2111.6833333333334,2005
1888,2936.595,2005
2210,1363.9033333333334,2005
2499,489.90833333333336,2005
1594,1935.6316666666667,2005
1729,2691.9416666666666,2005
109,1410.1716666666666,2005
2741,69.68833333333333,2005
1714,1329.3366666666666,2005
393,197.53166666666667,2005
1934,1310.6133333333332,2005
915,1366.825,2005
2206,677.6583333333333,2005
1500,390.11,2005
2648,466.315,2005
2767,813.5316666666666,2005
1739,1964.0116666666668,2005
1763,580.8,2005
2415,317.26166666666666,2005
208,1524.1966666666667,2005
955,136.02166666666668,2005
2223,1790.815,2005
2562,867.0,2005
2756,402.43666666666667,2005
1513,866.97,2005
1909,939.1516666666666,2005
281,151.68333333333334,2005
1752,241.61,2005
2742,1330.14,2005
1000,1172.7916666666667,2005
2203,2518.5516666666667,2005
406,2497.43,2005
949,1874.06,2005
2733,820.0233333333333,2005
762,881.6066666666667,2005
1890,3143.5516666666667,2005
2098,421.01166666666666,2005
2470,139.60666666666665,2005
2049,1873.52,2005
278,654.4483333333334,2005
1536,1794.795,2005
950,3294.5116666666668,2005
2581,647.8133333333334,2005
1883,2974.8566666666666,2005
959,2568.6133333333332,2005
2212,1050.6666666666667,2005
120,745.0766666666667,2005
2031,1280.0766666666666,2005
2447,77.35,2005
2419,3043.4683333333332,2005
689,1723.905,2005
2604,507.4483333333333,2005
2357,1057.8916666666667,2005
1495,2205.3783333333336,2005
1501,1940.6583333333333,2005
339,963.085,2005
389,1100.2566666666667,2005
2754,1254.4733333333334,2005
1499,1909.5066666666667,2005
2800,11.933333333333334,2005
960,1348.215,2005
763,691.765,2005
2225,2735.79,2005
1765,22.276666666666667,2005
1503,3191.008333333333,2005
696,1457.1183333333333,2005
2566,792.7466666666667,2005
1762,51.343333333333334,2005
2239,2071.8216666666667,2005
2772,1380.6316666666667,2005
1607,1744.6516666666666,2005
2211,2381.3716666666664,2005
1731,2008.88,2005
2199,2187.5333333333333,2005
2617,2677.5516666666667,2005
2751,529.0633333333334,2005
452,203.40666666666667,2005
1713,2838.2083333333335,2005
958,335.4633333333333,2005
124,130.92166666666665,2005
2209,1860.8816666666667,2005
702,56.5,2005
1887,2566.755,2005
962,900.42,2005
1917,90.72333333333333,2005
445,670.835,2005
2584,1067.42,2005
2397,2459.3333333333335,2005
2657,17.283333333333335,2005
2216,1607.2483333333332,2005
2560,475.5133333333333,2005
2585,1395.9633333333334,2005
1442,928.3333333333334,2005
1985,160.91666666666666,2005
2565,510.5783333333333,2005
980,2615.3783333333336,2005
243,121.48833333333333,2006
101223,118.12333333333333,2006
1425,790.77,2006
1502,1823.6116666666667,2006
1559,1245.3766666666668,2006
1733,2781.5933333333332,2006
2744,1062.4166666666667,2006
101187,563.6,2006
673,530.7216666666667,2006
101165,35.10666666666667,2006
2637,0.15333333333333332,2006
947,3103.1883333333335,2006
297,1302.0033333333333,2006
1541,9.75,2006
2405,50.45,2006
101161,38.766666666666666,2006
2760,760.0116666666667,2006
101154,175.48166666666665,2006
2857,282.22333333333336,2006
2738,3085.7616666666668,2006
1889,2937.17,2006
101261,210.04166666666666,2006
1905,2604.1566666666668,2006
2804,2239.08,2006
101106,2348.13,2006
101115,338.32166666666666,2006
2740,1000.325,2006
358,71.73666666666666,2006
1712,3288.3116666666665,2006
1853,589.0016666666667,2006
924,21.906666666666666,2006
101219,108.00666666666666,2006
1533,1980.645,2006
101194,88.31166666666667,2006
952,2198.741666666667,2006
101120,370.1666666666667,2006
2766,570.1916666666667,2006
1498,2283.1833333333334,2006
213,940.1233333333333,2006
686,1733.1466666666668,2006
101178,134.51666666666668,2006
1506,1148.0133333333333,2006
2852,116.31666666666666,2006
1884,1971.2483333333332,2006
2732,2482.1066666666666,2006
1112,2889.641666666667,2006
2757,586.3333333333334,2006
2774,1303.0233333333333,2006
2873,131.08333333333334,2006
448,354.98333333333335,2006
1517,1775.4416666666666,2006
2250,2537.483333333333,2006
101238,151.53833333333333,2006
1719,1684.3383333333334,2006
2564,2873.92,2006
2411,501.77166666666665,2006
101152,135.10333333333332,2006
1802,2923.3566666666666,2006
101138,268.4033333333333,2006
2217,1878.6116666666667,2006
699,1258.5866666666666,2006
1510,2351.065,2006
2073,401.57,2006
2567,1535.18,2006
258,248.22666666666666,2006
2243,937.83,2006
1730,943.7233333333334,2006
1477,2755.2,2006
935,2.566666666666667,2006
101139,202.83833333333334,2006
384,448.35333333333335,2006
1916,249.77333333333334,2006
2306,1194.185,2006
2430,1025.2366666666667,2006
2568,725.6683333333333,2006
2546,2940.846666666667,2006
2406,2707.8866666666668,2006
101112,1572.355,2006
1520,209.96166666666667,2006
2294,1282.5033333333333,2006
101111,2361.0066666666667,2006
1497,2924.556666666667,2006
2365,569.8066666666666,2006
2547,2750.995,2006
2768,2154.4816666666666,2006
2549,2560.451666666667,2006
2036,1541.4066666666668,2006
101108,2808.475,2006
101147,143.91166666666666,2006
185,2892.471666666667,2006
2404,1529.83,2006
101236,535.1883333333334,2006
1088,1712.9816666666666,2006
361,1862.5133333333333,2006
1894,943.0316666666666,2006
722,362.31666666666666,2006
1749,2979.1,2006
2788,237.11666666666667,2006
2563,967.025,2006
905,177.745,2006
2863,1525.3966666666668,2006
1800,2088.5583333333334,2006
757,861.6833333333333,2006
2424,234.04666666666665,2006
2429,885.0083333333333,2006
101137,971.1533333333333,2006
1504,275.51166666666666,2006
101122,1765.335,2006
2032,1285.545,2006
2443,1328.745,2006
2545,766.6666666666666,2006
353,622.105,2006
239,338.97,2006
2758,1033.9433333333334,2006
101135,1128.5233333333333,2006
133,2371.693333333333,2006
2561,2526.0066666666667,2006
2205,1510.185,2006
2052,2648.115,2006
2753,2417.6383333333333,2006
101184,4.7683333333333335,2006
2035,923.9166666666666,2006
1507,1046.8133333333333,2006
965,2589.431666666667,2006
101114,2306.633333333333,2006
2583,31.883333333333333,2006
2046,2102.3433333333332,2006
1904,1542.3416666666667,2006
2484,1711.2316666666666,2006
101209,134.61333333333334,2006
2734,1274.465,2006
101159,42.526666666666664,2006
87,954.87,2006
1717,3088.9783333333335,2006
101182,465.23,2006
2764,127.20166666666667,2006
923,2077.3116666666665,2006
2748,132.365,2006
57,185.19666666666666,2006
2400,2173.931666666667,2006
101204,86.51333333333334,2006
2730,3020.61,2006
2548,2892.383333333333,2006
2853,44.873333333333335,2006
1863,1542.445,2006
2248,1577.66,2006
101188,141.20833333333334,2006
2109,122.18333333333334,2006
2204,1359.3366666666666,2006
2067,1421.125,2006
224,2436.61,2006
2201,1865.9333333333334,2006
2059,1449.4416666666666,2006
1882,3098.805,2006
2731,874.1383333333333,2006
15,228.23,2006
727,2351.338333333333,2006
677,351.74833333333333,2006
956,1934.0583333333334,2006
911,80.865,2006
101212,494.88166666666666,2006
2041,1121.2066666666667,2006
101177,489.86333333333334,2006
2436,2111.7833333333333,2006
1922,1579.2983333333334,2006
101128,1301.22,2006
2410,1836.54,2006
56,2304.8716666666664,2006
2809,239.45166666666665,2006
101123,373.68,2006
2222,1895.0333333333333,2006
2240,3384.255,2006
1921,956.17,2006
255,612.685,2006
1761,1758.1716666666666,2006
731,807.0433333333333,2006
2775,211.73666666666668,2006
101124,724.015,2006
2045,2615.2916666666665,2006
458,394.365,2006
101113,1031.4083333333333,2006
2137,114.27,2006
1956,353.34,2006
2747,989.1316666666667,2006
2866,739.66,2006
2761,405.6433333333333,2006
1521,1234.3116666666667,2006
2054,732.4,2006
2063,817.7266666666667,2006
147,1982.2616666666668,2006
2048,2464.4566666666665,2006
2224,1121.9633333333334,2006
2037,2555.4483333333333,2006
2441,38.516666666666666,2006
2749,1784.0166666666667,2006
2592,1771.65,2006
1899,1913.71,2006
101189,753.1883333333334,2006
2839,150.215,2006
2457,645.73,2006
2407,1950.8516666666667,2006
101127,1598.8116666666667,2006
2260,1729.4516666666666,2006
2553,515.8333333333334,2006
2215,1894.86,2006
2078,817.8083333333333,2006
2574,665.0633333333334,2006
467,2975.3966666666665,2006
101131,158.76666666666668,2006
2202,2876.7933333333335,2006
1891,2797.965,2006
1715,1873.8033333333333,2006
1902,1580.8416666666667,2006
976,486.025,2006
1983,202.07333333333332,2006
979,1802.3933333333334,2006
1744,405.9483333333333,2006
711,1525.1833333333334,2006
754,512.145,2006
2412,865.8583333333333,2006
2207,3339.66,2006
693,886.91,2006
2038,1395.335,2006
101121,1580.6016666666667,2006
101130,1282.2733333333333,2006
2823,295.99333333333334,2006
101249,106.64166666666667,2006
2422,2059.366666666667,2006
1519,127.45,2006
468,342.24666666666667,2006
1886,20.683333333333334,2006
101181,1486.7416666666666,2006
2735,2248.8333333333335,2006
2668,16.89666666666667,2006
2572,1915.19,2006
2694,429.0283333333333,2006
2746,2558.5633333333335,2006
2413,1920.2733333333333,2006
101125,33.016666666666666,2006
1908,2088.43,2006
2770,996.515,2006
436,2537.145,2006
2416,1111.2716666666668,2006
2586,1912.415,2006
2693,1232.0583333333334,2006
1496,1089.4683333333332,2006
1509,333.2033333333333,2006
2570,1332.27,2006
1903,2292.89,2006
2030,1545.9383333333333,2006
101207,340.18333333333334,2006
708,2957.3966666666665,2006
2755,1912.825,2006
1563,1069.27,2006
2039,1136.9866666666667,2006
2550,2954.6866666666665,2006
2745,1309.725,2006
977,3277.1,2006
2743,619.3766666666667,2006
703,1411.115,2006
2198,1978.285,2006
2594,2562.8333333333335,2006
1885,3220.7883333333334,2006
441,575.5416666666666,2006
1919,278.75666666666666,2006
1716,1281.1483333333333,2006
101160,180.75833333333333,2006
2544,3360.616666666667,2006
2571,1592.2616666666668,2006
1924,237.22833333333332,2006
101132,518.9433333333334,2006
283,353.245,2006
2669,524.4933333333333,2006
2437,400.54333333333335,2006
2254,324.02666666666664,2006
953,1688.795,2006
101150,144.70333333333335,2006
2739,315.3233333333333,2006
2557,2625.0066666666667,2006
101195,148.58333333333334,2006
2575,1332.6633333333334,2006
2736,2603.6233333333334,2006
101129,2309.971666666667,2006
2573,27.65,2006
2124,701.4716666666667,2006
990,1117.9266666666667,2006
1938,1812.965,2006
1531,1027.1,2006
2556,1496.0283333333334,2006
948,1856.9983333333332,2006
2033,38.983333333333334,2006
2435,212.70666666666668,2006
1548,2239.556666666667,2006
2058,676.3666666666667,2006
2060,2101.6383333333333,2006
2605,1766.3166666666666,2006
101110,1070.0,2006
101149,9.366666666666667,2006
101107,1952.2616666666668,2006
2043,230.475,2006
2440,630.8166666666667,2006
2588,1709.515,2006
2679,1275.3833333333334,2006
1723,1943.8033333333333,2006
101190,3.3833333333333333,2006
2230,1138.7483333333332,2006
1508,1209.4983333333332,2006
2246,2944.4933333333333,2006
2408,1348.05,2006
2684,112.93,2006
1897,2206.9566666666665,2006
2214,367.43666666666667,2006
1720,371.1383333333333,2006
714,2037.9183333333333,2006
1709,918.3133333333334,2006
2072,3129.8866666666668,2006
1913,1010.0783333333334,2006
2552,1222.3966666666668,2006
2554,1179.3633333333332,2006
1710,3166.766666666667,2006
2399,2577.53,2006
2229,2924.57,2006
2034,2267.5833333333335,2006
2366,347.4483333333333,2006
1630,583.1016666666667,2006
1960,1375.635,2006
2590,1531.205,2006
101145,885.965,2006
983,423.6333333333333,2006
2050,3140.2733333333335,2006
101126,1543.6516666666666,2006
1737,1389.1183333333333,2006
2420,2469.335,2006
2403,2.55,2006
2555,1448.045,2006
89,986.0233333333333,2006
2401,99.025,2006
101230,81.61333333333333,2006
101158,1234.59,2006
970,823.8333333333334,2006
136,2380.201666666667,2006
2776,589.7133333333334,2006
2469,346.0466666666667,2006
1727,937.6733333333333,2006
2200,3135.11,2006
1718,3084.465,2006
2750,18.066666666666666,2006
978,2601.255,2006
2056,2165.403333333333,2006
2047,1442.18,2006
2624,1515.1183333333333,2006
2417,1012.4666666666667,2006
1711,2032.5616666666667,2006
2737,600.8033333333333,2006
1747,2431.2,2006
1952,2958.8933333333334,2006
2450,10.52,2006
988,22.256666666666668,2006
101119,1362.2433333333333,2006
1740,2875.7766666666666,2006
739,2779.56,2006
1725,1515.0883333333334,2006
2446,1874.5966666666666,2006
101185,241.3,2006
951,3022.2233333333334,2006
101109,2405.7083333333335,2006
2558,53.846666666666664,2006
2501,1392.925,2006
1888,2824.785,2006
2210,3058.82,2006
2499,342.47,2006
1594,246.93,2006
1729,3206.8816666666667,2006
109,1181.7466666666667,2006
2741,986.5516666666666,2006
101156,211.83,2006
2648,265.32166666666666,2006
101179,149.95833333333334,2006
101142,161.23,2006
2767,977.6283333333333,2006
1739,1792.4683333333332,2006
1763,652.0083333333333,2006
101155,1376.235,2006
101136,1236.0583333333334,2006
208,2652.76,2006
955,21.89,2006
2223,1760.73,2006
101180,1557.2833333333333,2006
2562,812.7516666666667,2006
2756,1448.615,2006
1513,771.3883333333333,2006
1909,718.32,2006
1752,180.625,2006
101118,398.4316666666667,2006
2742,1641.1666666666667,2006
2752,343.06333333333333,2006
1000,638.1883333333334,2006
2203,2839.391666666667,2006
406,1805.7283333333332,2006
949,1961.3566666666666,2006
101213,13.033333333333333,2006
2733,1525.3566666666666,2006
101183,486.9166666666667,2006
1890,3263.225,2006
2098,6.233333333333333,2006
2470,2773.4733333333334,2006
2049,2018.8816666666667,2006
278,385.2783333333333,2006
101211,174.795,2006
1536,2909.7833333333333,2006
950,2193.4166666666665,2006
2581,1781.2183333333332,2006
1883,2393.345,2006
959,2795.8866666666668,2006
2212,1312.2966666666666,2006
2031,1344.0716666666667,2006
2551,2557.36,2006
2419,2898.12,2006
2242,191.9,2006
689,1301.3083333333334,2006
1495,2783.758333333333,2006
1501,665.2233333333334,2006
389,1017.7666666666667,2006
2754,978.0516666666666,2006
1499,2215.008333333333,2006
960,384.93333333333334,2006
2225,2714.69,2006
1503,1744.9866666666667,2006
101143,245.965,2006
2566,1153.275,2006
2239,2514.2116666666666,2006
2772,999.2666666666667,2006
1607,799.5966666666667,2006
2211,2516.181666666667,2006
1731,1233.7916666666667,2006
2199,2120.74,2006
2617,2490.445,2006
2751,1492.165,2006
452,85.00333333333333,2006
1713,2905.825,2006
958,352.72,2006
2209,1973.995,2006
101144,72.75833333333334,2006
702,457.72333333333336,2006
1887,2728.855,2006
962,353.1983333333333,2006
101134,414.27666666666664,2006
101198,162.31833333333333,2006
2584,152.66333333333333,2006
2397,1948.96,2006
101117,126.99666666666667,2006
2216,2545.068333333333,2006
2560,505.435,2006
2585,2451.955,2006
1442,412.40833333333336,2006
1985,48.45333333333333,2006
2565,595.5583333333333,2006
980,2283.1466666666665,2006
243,131.02333333333334,2007
1425,374.155,2007
200747,2325.83,2007
1502,475.0133333333333,2007
1559,584.7516666666667,2007
1733,2562.6566666666668,2007
2744,2319.0133333333333,2007
101187,255.62166666666667,2007
673,417.68833333333333,2007
200792,752.6716666666666,2007
200810,709.6083333333333,2007
947,2761.2716666666665,2007
297,1571.6366666666668,2007
1541,9.633333333333333,2007
2405,2689.005,2007
101161,124.2,2007
2760,1932.345,2007
101154,682.15,2007
2857,28.525,2007
2810,270.92333333333335,2007
2738,3061.5616666666665,2007
1889,2965.87,2007
200745,1629.45,2007
2601,80.55833333333334,2007
1905,2048.8783333333336,2007
2804,1405.825,2007
101106,2258.03,2007
101115,1793.4216666666666,2007
2740,2382.1,2007
1712,2661.53,2007
1853,37.20666666666666,2007
1533,1300.3616666666667,2007
1515,2437.1283333333336,2007
101194,226.59333333333333,2007
952,1817.7633333333333,2007
101120,1137.355,2007
1498,1761.0233333333333,2007
686,1729.1816666666666,2007
1506,727.4616666666667,2007
1884,2220.92,2007
2732,2703.7883333333334,2007
1112,2696.6483333333335,2007
2757,948.0883333333334,2007
2774,278.2416666666667,2007
448,459.8833333333333,2007
1517,1329.5966666666666,2007
200784,335.48833333333334,2007
1719,590.0966666666667,2007
2564,2267.5183333333334,2007
2411,1531.6466666666668,2007
101152,190.13833333333332,2007
1802,1783.3,2007
101138,161.505,2007
200750,2014.5066666666667,2007
2217,1739.9,2007
699,1631.0833333333333,2007
1510,1272.79,2007
2073,312.7583333333333,2007
2567,1018.37,2007
2243,1026.6233333333332,2007
1730,1522.605,2007
1477,2464.141666666667,2007
101139,372.4716666666667,2007
1916,379.57666666666665,2007
2306,1303.8583333333333,2007
2430,2556.741666666667,2007
2568,1371.7283333333332,2007
2546,2485.548333333333,2007
2406,2474.315,2007
200841,198.98666666666668,2007
200759,533.9433333333334,2007
101112,1896.1716666666666,2007
2294,2847.931666666667,2007
101111,984.3083333333333,2007
1497,2533.4683333333332,2007
2547,2657.6866666666665,2007
2768,1905.66,2007
2549,2175.8083333333334,2007
200840,11.786666666666667,2007
101108,2352.735,2007
200809,407.90833333333336,2007
185,1820.6316666666667,2007
2404,2585.82,2007
101236,1713.785,2007
1088,2063.9383333333335,2007
361,955.2866666666666,2007
1894,2290.8016666666667,2007
722,1337.2566666666667,2007
200783,1536.565,2007
1749,2841.0216666666665,2007
2788,78.585,2007
2563,1670.5666666666666,2007
2402,6.783333333333333,2007
905,464.0966666666667,2007
2863,2037.155,2007
200806,170.39,2007
1800,1172.8216666666667,2007
757,1501.4216666666666,2007
2424,444.195,2007
2429,840.2816666666666,2007
101137,711.905,2007
200789,987.575,2007
1504,158.03833333333333,2007
101122,2785.3083333333334,2007
2443,699.56,2007
2545,1913.0516666666667,2007
353,1275.34,2007
239,219.75333333333333,2007
2758,190.06,2007
101135,1730.545,2007
200786,791.7116666666667,2007
133,352.365,2007
2561,1899.6616666666666,2007
2205,1479.7633333333333,2007
2052,2419.3716666666664,2007
200793,449.53333333333336,2007
2753,2218.985,2007
2035,419.24333333333334,2007
1507,1190.375,2007
965,2286.8683333333333,2007
101114,2949.701666666667,2007
2824,31.81,2007
2046,2575.221666666667,2007
1904,1283.05,2007
2484,1661.945,2007
2734,2081.365,2007
101159,50.17166666666667,2007
87,1288.7616666666668,2007
1717,2820.3,2007
101182,368.61,2007
923,1359.9633333333334,2007
2748,1292.4216666666666,2007
57,81.95333333333333,2007
2400,2237.9583333333335,2007
101204,18.285,2007
2730,3023.42,2007
2548,1930.6216666666667,2007
2853,202.61166666666668,2007
1863,2031.16,2007
2248,2151.8966666666665,2007
2204,91.58833333333334,2007
2067,945.5266666666666,2007
224,1593.9116666666666,2007
2201,2848.595,2007
2059,1657.93,2007
1882,3077.45,2007
2731,2328.891666666667,2007
15,72.8,2007
727,1929.015,2007
677,121.21666666666667,2007
956,1915.3366666666666,2007
101141,972.9733333333334,2007
101212,81.21333333333334,2007
2041,1245.6866666666667,2007
101177,1365.01,2007
2436,1476.7966666666666,2007
1922,1332.7066666666667,2007
101128,1409.5083333333334,2007
2410,1319.445,2007
56,1502.7916666666667,2007
101123,1779.7366666666667,2007
2222,2640.3016666666667,2007
2240,2941.701666666667,2007
1921,1188.3583333333333,2007
255,2008.52,2007
1761,1371.715,2007
101124,2152.451666666667,2007
200801,495.45166666666665,2007
2045,2268.045,2007
200756,634.2066666666667,2007
101113,759.7683333333333,2007
2137,2143.5516666666667,2007
1956,129.08166666666668,2007
200829,41.305,2007
200826,191.295,2007
200755,622.32,2007
2747,1471.3533333333332,2007
2866,102.95833333333333,2007
1521,759.995,2007
2054,389.47,2007
2063,1043.19,2007
147,245.81666666666666,2007
2048,1703.2616666666668,2007
2224,2242.7616666666668,2007
2037,2197.87,2007
2441,124.52,2007
2749,2330.6033333333335,2007
200788,7.316666666666666,2007
2592,1375.8883333333333,2007
2591,54.61833333333333,2007
1899,1918.92,2007
101189,376.4116666666667,2007
200778,136.55833333333334,2007
2457,1710.1016666666667,2007
2407,1306.6583333333333,2007
2876,243.49666666666667,2007
101127,2650.74,2007
2260,913.28,2007
2553,1626.2883333333334,2007
2215,1843.725,2007
2078,845.245,2007
2574,1767.4616666666666,2007
467,2932.93,2007
101131,942.71,2007
2202,1674.9633333333334,2007
1891,2846.116666666667,2007
1715,1865.1166666666666,2007
1902,1739.7533333333333,2007
976,702.4583333333334,2007
200978,19.85,2007
979,2458.7933333333335,2007
1744,272.96,2007
711,1614.5316666666668,2007
2207,2359.425,2007
693,1503.2816666666668,2007
2038,700.68,2007
101121,1319.2233333333334,2007
101130,1510.0133333333333,2007
101249,383.4633333333333,2007
2422,2134.4733333333334,2007
200770,1089.73,2007
200816,1909.3083333333334,2007
101181,1613.6266666666668,2007
200767,668.6683333333333,2007
2735,2023.915,2007
2572,2455.4333333333334,2007
2694,353.005,2007
2746,2647.1583333333333,2007
2413,1925.9733333333334,2007
101125,64.33,2007
1908,138.12166666666667,2007
2454,542.955,2007
2770,318.12833333333333,2007
200818,333.32,2007
436,2122.5333333333333,2007
2586,989.675,2007
2693,717.8866666666667,2007
101235,669.26,2007
1509,95.415,2007
2570,1576.3583333333333,2007
1903,1411.7233333333334,2007
2030,62.59166666666667,2007
708,2995.0783333333334,2007
2755,2818.325,2007
1563,919.0166666666667,2007
788,42.6,2007
200838,99.96666666666667,2007
2039,1435.1433333333334,2007
2550,2838.9983333333334,2007
2745,562.5133333333333,2007
977,3139.675,2007
2743,670.155,2007
703,1208.42,2007
2198,1131.5366666666666,2007
2594,2288.145,2007
200768,175.42166666666665,2007
200746,1391.7566666666667,2007
1885,2202.1766666666667,2007
1716,2595.9566666666665,2007
101160,968.675,2007
2544,3190.29,2007
2571,2613.423333333333,2007
200796,719.8016666666666,2007
101132,1487.9966666666667,2007
283,744.585,2007
2669,720.0216666666666,2007
953,1035.4533333333334,2007
200811,88.93833333333333,2007
101150,688.4216666666666,2007
2739,137.56833333333333,2007
2557,2091.076666666667,2007
101195,118.03,2007
2575,1982.01,2007
2736,3071.3783333333336,2007
101129,2210.545,2007
2696,431.775,2007
1766,404.5683333333333,2007
2124,638.3333333333334,2007
990,809.9233333333333,2007
1938,2060.4216666666666,2007
1531,1024.6283333333333,2007
2556,502.8,2007
948,2368.835,2007
200790,103.35666666666667,2007
200766,1314.5116666666668,2007
200776,777.0866666666667,2007
1548,2544.3166666666666,2007
2058,473.315,2007
2060,1554.9433333333334,2007
2605,800.4166666666666,2007
101110,1759.385,2007
101107,2178.81,2007
2440,1812.73,2007
2588,653.4466666666667,2007
2679,1878.245,2007
2782,147.06166666666667,2007
1723,1964.6316666666667,2007
200772,214.365,2007
2230,1732.2016666666666,2007
1508,103.26333333333334,2007
2246,2664.4466666666667,2007
2408,308.7,2007
1897,2640.9483333333333,2007
1720,698.355,2007
714,1823.315,2007
1709,233.59166666666667,2007
2072,2036.0,2007
1913,270.49833333333333,2007
2552,385.27,2007
101153,1238.7033333333334,2007
2554,1937.2266666666667,2007
1710,2783.866666666667,2007
2399,2580.63,2007
200837,12.766666666666667,2007
2229,2069.0733333333333,2007
2034,2739.515,2007
2366,533.7633333333333,2007
1630,2081.5216666666665,2007
101148,5.87,2007
2590,2471.6883333333335,2007
101145,2637.91,2007
2050,1514.9016666666666,2007
200754,169.45333333333335,2007
101126,1355.7633333333333,2007
1737,773.3783333333333,2007
2420,848.3916666666667,2007
2403,1715.015,2007
2555,2378.14,2007
101158,253.79,2007
970,220.29333333333332,2007
136,1455.8366666666666,2007
200782,83.38833333333334,2007
2776,34.233333333333334,2007
2469,163.85666666666665,2007
1727,277.405,2007
200753,118.75,2007
2200,2132.508333333333,2007
200781,179.83166666666668,2007
200794,1472.1466666666668,2007
1718,1739.7433333333333,2007
978,425.08166666666665,2007
200822,71.30833333333334,2007
2056,838.3616666666667,2007
2047,1620.965,2007
200763,359.13666666666666,2007
2624,1700.4366666666667,2007
1711,352.2633333333333,2007
2737,247.49333333333334,2007
1747,3040.2466666666664,2007
1952,2917.3716666666664,2007
200765,1830.9383333333333,2007
201043,43.65,2007
200751,1879.3333333333333,2007
988,25.816666666666666,2007
101119,554.325,2007
1740,2347.838333333333,2007
739,2418.9533333333334,2007
1725,1676.295,2007
2446,2222.858333333333,2007
101185,361.37333333333333,2007
951,2218.9933333333333,2007
101109,2832.2316666666666,2007
2501,1126.9316666666666,2007
200764,1064.185,2007
200970,27.395,2007
1888,2763.405,2007
2210,1955.975,2007
1729,3021.425,2007
200823,135.69,2007
109,1124.055,2007
200760,1169.09,2007
2427,492.37833333333333,2007
101232,13.3,2007
2648,94.32333333333334,2007
200758,675.1033333333334,2007
101179,562.8033333333333,2007
101142,1086.9483333333333,2007
2767,538.5666666666667,2007
1739,2507.605,2007
200752,2103.31,2007
101155,2274.515,2007
200797,185.265,2007
101136,1034.05,2007
208,1407.3366666666666,2007
2223,2534.6633333333334,2007
101180,972.565,2007
2562,1534.3283333333334,2007
2756,934.4716666666667,2007
1513,108.76333333333334,2007
1909,230.82166666666666,2007
1752,17.2,2007
101118,837.98,2007
2742,1577.9033333333334,2007
200771,861.7866666666666,2007
1742,344.97833333333335,2007
2203,2988.3116666666665,2007
200769,201.52833333333334,2007
406,1134.5833333333333,2007
949,2014.6666666666667,2007
2733,1611.4133333333334,2007
101183,179.38,2007
1890,3010.3433333333332,2007
200761,556.22,2007
200749,1513.44,2007
2098,81.19833333333334,2007
2470,2457.39,2007
200780,665.735,2007
2049,1053.9816666666666,2007
101211,164.715,2007
1536,2478.5116666666668,2007
950,2748.035,2007
2581,2224.3216666666667,2007
1883,1237.1766666666667,2007
959,2682.435,2007
200779,190.58,2007
2212,1604.6166666666666,2007
200848,28.138333333333332,2007
2031,1029.2333333333333,2007
2551,2242.891666666667,2007
200814,966.7733333333333,2007
2419,3000.78,2007
200757,867.9233333333333,2007
689,43.68333333333333,2007
1495,2725.9333333333334,2007
1501,2053.81,2007
2754,804.595,2007
1499,1574.5716666666667,2007
2225,2498.9066666666668,2007
1503,2538.9533333333334,2007
101143,288.2583333333333,2007
2566,1532.2916666666667,2007
2239,2222.565,2007
2772,1277.9283333333333,2007
1607,554.13,2007
2211,1851.9216666666666,2007
1731,1487.855,2007
200748,966.235,2007
2199,2525.1366666666668,2007
2617,2482.9016666666666,2007
101166,71.99333333333334,2007
2779,271.9033333333333,2007
2751,230.82666666666665,2007
1713,3126.0066666666667,2007
958,12.883333333333333,2007
2209,986.0666666666667,2007
101144,0.8983333333333333,2007
1887,899.9366666666666,2007
200835,935.52,2007
101134,92.78333333333333,2007
200807,165.66666666666666,2007
101215,51.395,2007
2584,1842.0983333333334,2007
200821,1176.5983333333334,2007
2397,1623.72,2007
101117,40.605,2007
2216,2424.865,2007
2585,2025.445,2007
980,2129.7233333333334,2007
201166,608.11,2008
201189,612.9966666666667,2008
1425,296.9583333333333,2008
201151,865.36,2008
1502,773.7616666666667,2008
1559,306.9683333333333,2008
1733,2190.3016666666667,2008
201143,2539.8866666666668,2008
2744,2918.7683333333334,2008
201154,2157.6983333333333,2008
201169,47.96666666666667,2008
200792,548.725,2008
947,3423.806666666667,2008
297,389.39666666666665,2008
2405,2676.7916666666665,2008
101161,763.9366666666666,2008
2760,1319.4466666666667,2008
101154,1674.6266666666668,2008
2857,25.291666666666668,2008
2810,286.30333333333334,2008
2738,3241.77,2008
1889,3015.8766666666666,2008
101261,391.99333333333334,2008
200745,1861.1183333333333,2008
1905,2216.9283333333333,2008
2804,2020.6216666666667,2008
101106,2720.0333333333333,2008
101115,1008.25,2008
2740,2078.345,2008
358,324.665,2008
1712,3060.7766666666666,2008
1853,1959.7333333333333,2008
1533,1530.335,2008
1515,2633.891666666667,2008
952,892.3666666666667,2008
101120,1231.165,2008
1498,2160.705,2008
686,2284.8083333333334,2008
201167,970.3366666666667,2008
1506,456.87333333333333,2008
2852,258.48833333333334,2008
1884,3196.2116666666666,2008
2732,2291.2633333333333,2008
1112,2204.983333333333,2008
2757,2079.5033333333336,2008
2873,41.85666666666667,2008
201336,177.13,2008
448,6.616666666666666,2008
1517,1388.5833333333333,2008
200784,530.4233333333333,2008
2250,1521.2033333333334,2008
1719,1561.2466666666667,2008
2564,2307.575,2008
2411,1659.5316666666668,2008
1802,2512.5383333333334,2008
201148,375.69666666666666,2008
101138,1556.4833333333333,2008
200750,2792.0,2008
2217,2227.7733333333335,2008
699,554.125,2008
1510,1673.9183333333333,2008
2073,439.7816666666667,2008
2567,628.9283333333333,2008
2243,512.0183333333333,2008
1730,843.975,2008
1477,2447.5866666666666,2008
201228,367.90166666666664,2008
101139,689.4266666666666,2008
1916,203.95666666666668,2008
201171,711.3933333333333,2008
2306,1268.9566666666667,2008
2430,2826.6016666666665,2008
2568,1928.2016666666666,2008
2546,2806.225,2008
2406,2313.82,2008
2418,546.9366666666666,2008
200759,87.46833333333333,2008
101112,1341.96,2008
2294,1628.245,2008
101111,1828.7583333333334,2008
1497,2522.2116666666666,2008
200798,31.326666666666668,2008
2365,34.153333333333336,2008
2547,2424.465,2008
2768,1489.8616666666667,2008
2549,2082.69,2008
2036,278.11833333333334,2008
101108,3005.588333333333,2008
200809,1339.6083333333333,2008
201181,556.3316666666667,2008
185,125.835,2008
2404,1738.695,2008
101236,1575.275,2008
1088,351.61333333333334,2008
201207,70.56333333333333,2008
201147,1802.585,2008
1894,2501.7616666666668,2008
201235,11.133333333333333,2008
200783,1546.545,2008
1749,2701.7533333333336,2008
2788,325.64166666666665,2008
201199,270.22333333333336,2008
201161,1440.675,2008
2563,205.72,2008
2863,1843.45,2008
1800,1336.1066666666666,2008
757,1037.305,2008
2424,1039.5566666666666,2008
2429,533.9633333333334,2008
200789,1765.46,2008
101122,2875.64,2008
2443,1554.1616666666666,2008
200827,146.08333333333334,2008
2545,1663.2033333333334,2008
353,548.4783333333334,2008
239,141.38166666666666,2008
201208,71.27333333333333,2008
2758,702.2616666666667,2008
101135,2355.76,2008
2561,2869.555,2008
2205,1295.535,2008
2052,2564.075,2008
2753,1533.5616666666667,2008
201193,44.39666666666667,2008
2035,27.516666666666666,2008
1507,396.145,2008
965,2248.9266666666667,2008
101114,3058.931666666667,2008
2046,1701.7016666666666,2008
1904,821.0533333333333,2008
2484,1762.44,2008
2734,2022.385,2008
87,619.045,2008
1717,2768.6483333333335,2008
201187,695.1433333333333,2008
923,340.095,2008
2748,1103.8616666666667,2008
2400,2121.5916666666667,2008
101204,472.45666666666665,2008
2730,3087.7266666666665,2008
2548,1953.9633333333334,2008
2853,889.1016666666667,2008
1863,576.71,2008
2248,2269.0616666666665,2008
2109,153.24666666666667,2008
2067,1480.4633333333334,2008
224,922.325,2008
2201,1530.16,2008
2059,1663.6983333333333,2008
1882,273.815,2008
2731,2718.1183333333333,2008
15,112.66666666666667,2008
727,305.395,2008
956,1754.985,2008
101177,1643.68,2008
2436,873.3183333333334,2008
1922,813.4616666666667,2008
101128,2095.95,2008
2410,1756.5466666666666,2008
201172,94.60666666666667,2008
101123,361.34833333333336,2008
2222,2375.5983333333334,2008
2240,424.81,2008
201175,940.4383333333334,2008
1921,830.7333333333333,2008
255,2222.096666666667,2008
1761,519.5216666666666,2008
200799,17.981666666666666,2008
101124,1753.67,2008
2045,3026.201666666667,2008
200756,732.2533333333333,2008
101133,22.553333333333335,2008
101113,304.7816666666667,2008
2137,1315.9783333333332,2008
1956,697.9966666666667,2008
200826,459.83166666666665,2008
200755,276.12666666666667,2008
2747,1420.97,2008
1521,1139.2383333333332,2008
2063,385.895,2008
2048,285.80333333333334,2008
2224,1293.2333333333333,2008
2037,3189.608333333333,2008
200081,2165.951666666667,2008
2749,1960.805,2008
200788,148.82,2008
2592,1275.6916666666666,2008
1899,1821.4466666666667,2008
2457,1497.3983333333333,2008
201162,1383.8166666666666,2008
2407,1324.62,2008
101127,2229.41,2008
2260,702.3433333333334,2008
2553,1287.18,2008
2215,1172.1366666666668,2008
2078,605.75,2008
2574,1529.7466666666667,2008
467,2905.515,2008
101131,1767.8333333333333,2008
2202,3149.31,2008
201160,1106.4966666666667,2008
1891,2578.6033333333335,2008
1715,1886.2333333333333,2008
201159,678.16,2008
1902,1883.48,2008
201145,2253.0666666666666,2008
976,1410.355,2008
1741,33.28333333333333,2008
200978,131.75166666666667,2008
979,1205.9966666666667,2008
201176,321.595,2008
1744,4.566666666666666,2008
711,1412.3583333333333,2008
201149,1533.715,2008
2207,3342.7933333333335,2008
693,1725.805,2008
201202,498.13666666666666,2008
2038,1819.4083333333333,2008
101121,330.635,2008
101130,1310.27,2008
2422,2517.0333333333333,2008
200770,1689.8883333333333,2008
200816,73.805,2008
101181,2483.515,2008
200767,1772.7383333333332,2008
2735,2274.1033333333335,2008
2572,2757.1516666666666,2008
201177,28.126666666666665,2008
2694,1227.4783333333332,2008
2746,2873.1666666666665,2008
2434,2117.16,2008
2413,668.1366666666667,2008
201153,640.0766666666667,2008
200818,122.78833333333333,2008
436,352.49666666666667,2008
2079,11.76,2008
2416,1504.2,2008
2867,304.195,2008
2586,2197.725,2008
101247,9.6,2008
101235,1732.05,2008
2570,1911.9566666666667,2008
1903,281.425,2008
2030,2158.536666666667,2008
201142,2767.9683333333332,2008
708,2327.98,2008
2755,2216.1116666666667,2008
1563,299.78333333333336,2008
2039,1334.2233333333334,2008
2550,2379.508333333333,2008
2745,760.9433333333334,2008
977,3192.2766666666666,2008
200785,37.95,2008
2743,925.0333333333333,2008
703,1584.155,2008
2198,713.4166666666666,2008
2594,1732.71,2008
200768,2088.983333333333,2008
201178,70.11166666666666,2008
200746,2648.9133333333334,2008
1885,2921.2616666666668,2008
200984,10.081666666666667,2008
1716,2020.185,2008
2544,3026.798333333333,2008
2571,2420.9616666666666,2008
200796,809.3066666666666,2008
101132,1888.86,2008
283,215.25833333333333,2008
2669,63.06666666666667,2008
2254,16.911666666666665,2008
953,160.53333333333333,2008
200811,64.05,2008
101150,1862.0266666666666,2008
2449,2023.5783333333334,2008
2739,228.11,2008
2557,1223.0016666666668,2008
2575,1729.47,2008
2736,2127.8966666666665,2008
101129,1378.7516666666668,2008
1766,103.21666666666667,2008
2124,1095.7383333333332,2008
990,494.24666666666667,2008
1938,2299.0816666666665,2008
101162,40.67333333333333,2008
201158,240.565,2008
2556,568.9183333333333,2008
948,2757.725,2008
200790,69.10333333333334,2008
200766,853.8366666666667,2008
201173,36.038333333333334,2008
200776,633.795,2008
201238,268.9633333333333,2008
1548,1541.6383333333333,2008
2058,151.335,2008
2060,2188.5066666666667,2008
2605,1545.665,2008
101110,2132.35,2008
101107,2765.326666666667,2008
2440,1413.7666666666667,2008
2588,852.5566666666666,2008
2679,2015.865,2008
1723,1374.0233333333333,2008
200772,165.09333333333333,2008
2230,1720.595,2008
2246,2389.7116666666666,2008
2408,620.6383333333333,2008
1897,2172.048333333333,2008
1720,257.32166666666666,2008
714,2203.875,2008
2072,2702.1283333333336,2008
1913,631.645,2008
101153,464.96166666666664,2008
2554,1315.5716666666667,2008
1710,1573.245,2008
201144,1381.3366666666666,2008
2399,2953.2166666666667,2008
200839,159.39166666666668,2008
2229,719.7116666666667,2008
2034,2473.9866666666667,2008
2366,187.92166666666665,2008
1630,2385.201666666667,2008
2590,2410.0866666666666,2008
101145,3070.895,2008
201165,39.196666666666665,2008
2050,1795.7466666666667,2008
200754,62.156666666666666,2008
101126,1882.84,2008
1737,1649.795,2008
2420,811.5783333333334,2008
2403,265.52666666666664,2008
2555,2222.675,2008
201174,268.94166666666666,2008
201156,1157.7366666666667,2008
200762,319.5133333333333,2008
101158,60.70166666666667,2008
970,166.17666666666668,2008
136,209.12666666666667,2008
1727,283.92333333333335,2008
200753,99.31666666666666,2008
2200,2350.78,2008
200781,194.03,2008
200794,1701.7333333333333,2008
1718,2873.6766666666667,2008
978,2711.2816666666668,2008
2056,474.52666666666664,2008
2047,1840.9866666666667,2008
200763,876.49,2008
2624,1504.715,2008
1711,291.3183333333333,2008
1747,2525.9283333333333,2008
1952,2646.2433333333333,2008
200765,2305.7233333333334,2008
201196,449.5283333333333,2008
201043,180.88333333333333,2008
200751,1258.73,2008
101119,2019.58,2008
1740,3076.1133333333332,2008
739,2346.3283333333334,2008
1725,1486.13,2008
2446,875.4083333333333,2008
951,2623.535,2008
101109,2972.1716666666666,2008
2501,1879.015,2008
200764,951.9733333333334,2008
1888,2424.2383333333332,2008
2210,3200.2883333333334,2008
2499,163.16833333333332,2008
1729,2963.3933333333334,2008
109,582.7283333333334,2008
2741,97.69666666666667,2008
200760,1038.6516666666666,2008
201155,1080.8733333333332,2008
2427,1707.6216666666667,2008
2648,20.801666666666666,2008
200758,2087.71,2008
101179,588.4383333333334,2008
101142,1457.8183333333334,2008
2767,1436.7216666666666,2008
1739,326.94666666666666,2008
200752,2999.721666666667,2008
1763,659.65,2008
101155,2433.895,2008
200797,531.5816666666667,2008
101136,401.59,2008
208,1273.3733333333332,2008
2223,2724.2883333333334,2008
2562,1188.1666666666667,2008
2756,1279.0733333333333,2008
1513,172.89333333333335,2008
1752,129.8,2008
201157,1278.3083333333334,2008
2742,1932.7433333333333,2008
200771,627.91,2008
2203,2906.6766666666667,2008
200769,239.845,2008
406,1748.0666666666666,2008
949,50.556666666666665,2008
101183,27.491666666666667,2008
1890,2315.1383333333333,2008
200761,966.9566666666667,2008
200749,775.99,2008
2470,592.4333333333333,2008
200780,145.08833333333334,2008
201150,931.2533333333333,2008
201186,303.31666666666666,2008
101211,127.81666666666666,2008
1536,2855.33,2008
950,804.9883333333333,2008
2581,2424.29,2008
1883,199.305,2008
959,2779.865,2008
200779,263.9716666666667,2008
2212,119.695,2008
2031,844.6416666666667,2008
2551,1199.4416666666666,2008
200814,96.05333333333333,2008
201192,73.78333333333333,2008
2419,2693.855,2008
200757,1435.7366666666667,2008
201152,1554.415,2008
689,436.9683333333333,2008
201242,44.733333333333334,2008
1495,2650.786666666667,2008
1501,1939.7283333333332,2008
2754,1372.9283333333333,2008
2225,2312.366666666667,2008
1503,2439.9933333333333,2008
101143,1356.24,2008
2566,2185.765,2008
2239,773.3783333333333,2008
2772,546.4966666666667,2008
1607,93.325,2008
2211,2105.673333333333,2008
1731,736.27,2008
200748,1330.2433333333333,2008
2199,2782.721666666667,2008
2617,1805.49,2008
2751,104.70833333333333,2008
1713,2959.0033333333336,2008
2209,1483.2016666666666,2008
101144,153.82666666666665,2008
1887,1736.4966666666667,2008
200835,372.915,2008
2584,1970.015,2008
201163,685.065,2008
200821,542.1566666666666,2008
2397,2043.8683333333333,2008
201146,1646.6016666666667,2008
2216,2243.96,2008
2585,943.8733333333333,2008
980,2221.846666666667,2008
201166,1998.17,2009
201189,715.1083333333333,2009
201151,559.5233333333333,2009
200747,711.0516666666666,2009
1502,61.93333333333333,2009
1733,2546.4616666666666,2009
201143,2242.2116666666666,2009
2744,1835.7866666666666,2009
201154,2654.05,2009
201169,282.3883333333333,2009
101165,199.57833333333335,2009
201582,182.25666666666666,2009
947,2092.43,2009
2405,1947.8833333333334,2009
101161,910.9966666666667,2009
2760,2305.795,2009
101154,1702.9383333333333,2009
2810,41.355,2009
2738,3268.97,2009
1889,2976.225,2009
200745,2453.3566666666666,2009
1905,1831.0733333333333,2009
2804,1991.6166666666666,2009
101106,1123.6633333333334,2009
101115,1446.0816666666667,2009
2740,1863.0433333333333,2009
1712,3095.71,2009
1853,1786.5766666666666,2009
1533,1481.0216666666668,2009
201627,1515.2983333333334,2009
1515,2636.47,2009
201576,1129.1266666666668,2009
101194,275.78333333333336,2009
201229,208.05,2009
101120,1551.8733333333332,2009
1498,1020.7983333333333,2009
686,1866.1616666666666,2009
201167,1233.825,2009
1506,99.95666666666666,2009
1884,2248.3483333333334,2009
2732,2998.97,2009
1112,1313.5383333333334,2009
2757,2270.06,2009
201336,18.8,2009
201628,931.4816666666667,2009
1517,1484.125,2009
2250,1729.2416666666666,2009
2564,2753.79,2009
1802,2100.1516666666666,2009
201148,688.2666666666667,2009
101138,1574.33,2009
200750,2903.315,2009
201575,1802.895,2009
2217,175.4,2009
699,856.7883333333333,2009
1510,937.6283333333333,2009
2073,908.7766666666666,2009
2567,170.66666666666666,2009
2243,504.45166666666665,2009
1730,843.0216666666666,2009
201572,2501.4016666666666,2009
1477,1505.8633333333332,2009
201228,1883.11,2009
101139,1622.66,2009
1916,55.45,2009
201171,1466.7583333333334,2009
2430,1196.53,2009
2546,2277.0866666666666,2009
2406,2584.8616666666667,2009
201858,265.6066666666667,2009
200759,84.08166666666666,2009
101112,745.69,2009
2294,1782.5283333333334,2009
101111,2094.8716666666664,2009
1497,2788.465,2009
200798,83.12833333333333,2009
2365,1459.6316666666667,2009
2547,2927.865,2009
201604,584.5416666666666,2009
2768,2906.295,2009
2549,920.6316666666667,2009
2036,104.81333333333333,2009
101108,3002.0916666666667,2009
200809,962.1866666666666,2009
2404,1049.6266666666668,2009
101236,857.6933333333334,2009
1088,412.315,2009
201147,307.01666666666665,2009
1894,1587.8783333333333,2009
201584,1938.745,2009
201235,13.283333333333333,2009
200783,1460.1783333333333,2009
1749,364.62,2009
201571,1907.9333333333334,2009
2788,181.31333333333333,2009
201591,129.49833333333333,2009
201161,1832.99,2009
2563,1425.7033333333334,2009
2863,635.9933333333333,2009
1800,107.71833333333333,2009
2429,941.235,2009
200789,1794.51,2009
201568,411.745,2009
101122,2424.22,2009
2032,297.57166666666666,2009
2443,1521.2633333333333,2009
2545,1034.3816666666667,2009
201616,429.5516666666667,2009
201589,1464.1783333333333,2009
101135,2824.06,2009
2561,2981.8233333333333,2009
201599,771.3916666666667,2009
201634,170.73166666666665,2009
2205,1036.295,2009
2052,886.1616666666666,2009
200793,261.18833333333333,2009
2753,2151.64,2009
201193,14.216666666666667,2009
965,2440.7966666666666,2009
101114,2505.18,2009
201565,3000.048333333333,2009
2824,53.916666666666664,2009
2046,1064.4566666666667,2009
1904,707.7016666666667,2009
2484,869.12,2009
2734,2494.266666666667,2009
87,96.29833333333333,2009
1717,3050.4583333333335,2009
201187,2072.266666666667,2009
201590,725.3633333333333,2009
200971,83.78166666666667,2009
923,188.86166666666668,2009
2748,73.32,2009
2400,1264.0883333333334,2009
101204,52.46333333333333,2009
2730,2821.235,2009
2548,3048.0416666666665,2009
2248,1776.4666666666667,2009
2109,43.145,2009
2067,1479.2333333333333,2009
2201,11.76,2009
2059,318.81666666666666,2009
1882,920.4133333333333,2009
2731,2691.338333333333,2009
201569,2676.6516666666666,2009
956,1835.9033333333334,2009
2041,305.655,2009
101177,676.615,2009
2436,1974.8183333333334,2009
1922,977.2633333333333,2009
101128,1975.2983333333334,2009
2410,1495.0383333333334,2009
201172,366.09833333333336,2009
201588,1269.8033333333333,2009
101123,375.525,2009
2222,2669.2716666666665,2009
2240,62.666666666666664,2009
201175,1637.07,2009
201609,728.2416666666667,2009
255,2444.79,2009
1761,878.02,2009
201141,1313.8933333333334,2009
101124,2029.43,2009
201632,119.67666666666666,2009
200801,51.91,2009
2045,2815.105,2009
201611,215.83,2009
200756,1092.0066666666667,2009
101113,215.31,2009
2137,1035.3416666666667,2009
200826,1600.33,2009
201592,7.611666666666666,2009
201581,704.7016666666667,2009
200755,1110.6416666666667,2009
2747,2244.5616666666665,2009
201580,1142.5916666666667,2009
1521,291.79833333333335,2009
2063,239.79833333333335,2009
2048,708.925,2009
2037,2478.305,2009
200081,2068.2233333333334,2009
2749,1309.18,2009
2592,629.6983333333334,2009
1899,2140.0716666666667,2009
101189,884.285,2009
200778,11.2,2009
201162,1155.7416666666666,2009
2407,1309.6966666666667,2009
101127,2716.451666666667,2009
2260,201.335,2009
2553,1831.8133333333333,2009
2215,422.17,2009
2078,347.545,2009
2574,1831.3766666666668,2009
467,2886.035,2009
101131,1407.6183333333333,2009
2202,2410.451666666667,2009
1891,2490.9166666666665,2009
201574,2302.8766666666666,2009
201159,1174.0683333333334,2009
101214,20.265,2009
1902,1827.8133333333333,2009
201145,2873.01,2009
200978,92.71166666666667,2009
979,2027.575,2009
201176,111.04333333333334,2009
1744,9.833333333333334,2009
711,162.30333333333334,2009
201573,654.75,2009
201149,1938.27,2009
201570,716.3883333333333,2009
201621,22.833333333333332,2009
2207,3124.383333333333,2009
693,1101.7833333333333,2009
201202,1048.3016666666667,2009
2038,1952.01,2009
201595,6.366666666666666,2009
101121,1540.6666666666667,2009
101130,558.7116666666667,2009
2422,2959.0066666666667,2009
200770,1191.8733333333332,2009
101181,2332.943333333333,2009
200767,994.675,2009
2572,1662.8916666666667,2009
201177,279.385,2009
2694,703.12,2009
2746,2420.525,2009
2413,815.8933333333333,2009
201153,771.55,2009
436,471.97,2009
2416,198.84833333333333,2009
2586,1272.0516666666667,2009
101235,2374.555,2009
2570,2253.28,2009
1903,61.77166666666667,2009
2030,2110.5233333333335,2009
201142,2884.891666666667,2009
708,1771.4833333333333,2009
201567,2047.7016666666666,2009
2755,1946.9266666666667,2009
1563,849.975,2009
2039,2073.5633333333335,2009
2550,1338.54,2009
977,2960.0333333333333,2009
201585,565.1883333333334,2009
2743,265.13166666666666,2009
703,1403.695,2009
2198,998.6933333333334,2009
2594,1874.3033333333333,2009
200768,1679.2433333333333,2009
201602,1165.6983333333333,2009
201178,156.005,2009
200746,3003.8133333333335,2009
1885,2315.8116666666665,2009
1716,1479.5866666666666,2009
2544,3054.0633333333335,2009
2571,1705.3466666666666,2009
200796,1226.8266666666666,2009
101132,1824.0866666666666,2009
283,265.5283333333333,2009
2669,55.223333333333336,2009
953,124.91,2009
200811,1043.7316666666666,2009
101150,1919.2816666666668,2009
201601,2113.6916666666666,2009
2449,2487.94,2009
2557,2033.0866666666666,2009
2575,1166.245,2009
2736,1665.2283333333332,2009
101129,497.42333333333335,2009
1766,217.10833333333332,2009
2124,578.625,2009
201612,155.05,2009
990,469.30333333333334,2009
1938,1180.7383333333332,2009
201188,2520.98,2009
101162,794.0683333333334,2009
201158,881.875,2009
2556,205.79666666666665,2009
948,1925.365,2009
200766,53.538333333333334,2009
201173,3.385,2009
200776,889.7683333333333,2009
201596,2625.8433333333332,2009
201238,268.96166666666664,2009
1548,207.14666666666668,2009
2058,115.68833333333333,2009
2060,604.705,2009
2605,1700.3733333333332,2009
201578,1262.4233333333334,2009
101110,5.25,2009
101107,2093.465,2009
2440,2082.1566666666668,2009
2588,1927.7266666666667,2009
2679,615.5233333333333,2009
1723,693.47,2009
200772,97.31666666666666,2009
2230,1840.17,2009
2246,2409.08,2009
2408,373.06333333333333,2009
1897,2451.8216666666667,2009
201563,2008.59,2009
714,2335.8616666666667,2009
2072,1202.7183333333332,2009
1913,35.27166666666667,2009
2554,1328.6966666666667,2009
1710,2739.855,2009
201144,2508.195,2009
2399,494.8433333333333,2009
2229,1648.4333333333334,2009
2034,2356.245,2009
201446,770.485,2009
1630,1201.635,2009
2590,2834.095,2009
101145,891.9083333333333,2009
201165,254.58166666666668,2009
2050,515.085,2009
200754,28.116666666666667,2009
101126,2208.57,2009
201605,18.858333333333334,2009
1737,341.12833333333333,2009
2420,1141.265,2009
2403,2510.43,2009
2555,1831.2933333333333,2009
201156,1836.605,2009
201587,1453.7716666666668,2009
201564,3120.3033333333333,2009
200762,277.3016666666667,2009
201629,91.56,2009
200753,254.975,2009
2200,2999.3516666666665,2009
200781,319.62,2009
200794,2290.3783333333336,2009
1718,3035.451666666667,2009
978,2088.54,2009
200822,282.6016666666667,2009
2047,1893.8833333333334,2009
200763,300.615,2009
2624,1164.1383333333333,2009
1747,2446.665,2009
1952,2315.38,2009
200765,2642.19,2009
201196,2172.6483333333335,2009
201043,88.51166666666667,2009
200751,2494.26,2009
101119,1100.3683333333333,2009
1740,2858.965,2009
739,2122.505,2009
1725,1214.2666666666667,2009
2446,2613.525,2009
951,2875.73,2009
101109,3086.298333333333,2009
2501,1137.29,2009
200764,779.7633333333333,2009
1888,2278.97,2009
2210,2938.645,2009
1729,785.215,2009
201633,441.91333333333336,2009
2741,342.605,2009
201577,614.3333333333334,2009
200760,1198.75,2009
201155,2516.585,2009
2427,2496.0783333333334,2009
101146,889.535,2009
200758,2604.6783333333333,2009
101179,737.9083333333333,2009
101142,1695.6833333333334,2009
201579,1009.1016666666667,2009
2767,860.7416666666667,2009
201164,1992.945,2009
200752,2945.451666666667,2009
201566,2668.035,2009
201583,1312.425,2009
1763,218.99833333333333,2009
101155,2613.665,2009
200797,444.37166666666667,2009
2223,2036.0983333333334,2009
2562,1052.9933333333333,2009
2756,1292.475,2009
1752,837.87,2009
101118,300.93333333333334,2009
201606,302.9716666666667,2009
201157,366.38666666666666,2009
2742,2094.4983333333334,2009
200771,1224.99,2009
2203,2031.1966666666667,2009
200769,477.37166666666667,2009
406,2252.115,2009
2733,231.31166666666667,2009
101183,37.038333333333334,2009
1890,2470.5383333333334,2009
200761,169.65833333333333,2009
200749,512.625,2009
200780,675.3083333333333,2009
201603,55.03333333333333,2009
2049,15.083333333333334,2009
201150,2258.8966666666665,2009
101211,684.0933333333334,2009
1536,2339.0583333333334,2009
950,414.0133333333333,2009
2581,2188.028333333333,2009
959,2483.983333333333,2009
200779,1160.9716666666666,2009
201631,2.433333333333333,2009
2031,184.41833333333332,2009
201180,28.148333333333333,2009
2551,2257.931666666667,2009
200814,276.78333333333336,2009
2419,3057.3483333333334,2009
200757,1453.1416666666667,2009
201152,2579.735,2009
689,578.47,2009
201242,97.72333333333333,2009
1495,2524.0183333333334,2009
1501,1246.54,2009
2754,887.3016666666666,2009
1499,1202.4133333333334,2009
2225,2455.705,2009
1503,1181.4283333333333,2009
101143,719.1316666666667,2009
2566,2246.025,2009
2239,1094.23,2009
2772,1998.8866666666668,2009
201234,14.133333333333333,2009
2211,2482.385,2009
1731,520.9566666666667,2009
200748,2174.795,2009
2199,1444.7333333333333,2009
2617,2560.36,2009
1713,2946.193333333333,2009
2209,1445.13,2009
101144,1224.7516666666668,2009
1887,1526.76,2009
200835,630.2233333333334,2009
201594,19.53,2009
101198,802.6566666666666,2009
2226,711.9016666666666,2009
2584,1827.6416666666667,2009
201163,2734.7883333333334,2009
200821,850.49,2009
2397,2588.9066666666668,2009
201146,1421.2133333333334,2009
2216,1756.3983333333333,2009
2585,1472.9,2009
980,1765.3916666666667,2009
201985,865.3116666666666,2010
201166,2919.423333333333,2010
201189,310.92833333333334,2010
201151,233.70666666666668,2010
200747,240.92333333333335,2010
1733,2195.298333333333,2010
201143,2844.9416666666666,2010
2744,2463.16,2010
201154,2079.2366666666667,2010
201169,95.48333333333333,2010
201582,29.516666666666666,2010
947,864.3233333333334,2010
202087,181.68333333333334,2010
2405,2837.5616666666665,2010
101161,1452.6533333333334,2010
2760,2165.6233333333334,2010
101154,2255.951666666667,2010
2738,3192.6783333333333,2010
1889,2499.6883333333335,2010
200745,2799.285,2010
1905,1680.5733333333333,2010
2804,1477.28,2010
101106,2229.37,2010
101115,1976.9466666666667,2010
2740,762.945,2010
1712,2405.8033333333333,2010
1853,858.795,2010
1533,406.025,2010
201627,2018.1233333333332,2010
1515,2288.8333333333335,2010
201576,749.0666666666667,2010
201229,1427.63,2010
101120,1392.0583333333334,2010
202079,14.616666666666667,2010
686,1617.1216666666667,2010
201167,2220.9966666666664,2010
201948,914.915,2010
1884,2522.6916666666666,2010
2732,1729.5716666666667,2010
1112,1975.38,2010
2757,2476.5583333333334,2010
201628,519.075,2010
2250,394.6816666666667,2010
2564,2906.1683333333335,2010
1802,1949.6933333333334,2010
101138,648.295,2010
201943,2670.721666666667,2010
200750,2418.5416666666665,2010
201575,2490.9183333333335,2010
2217,2354.83,2010
2073,267.1116666666667,2010
2567,44.458333333333336,2010
2243,471.895,2010
1730,123.32166666666667,2010
201572,3026.7066666666665,2010
201957,54.295,2010
201228,1787.945,2010
101139,1496.985,2010
201171,2468.8816666666667,2010
2306,1584.54,2010
2430,2672.713333333333,2010
2568,2279.4,2010
2546,2634.225,2010
2406,2783.61,2010
201858,389.75,2010
202132,74.53833333333333,2010
101112,2190.0816666666665,2010
2294,1610.94,2010
101111,1847.5566666666666,2010
201978,1488.2883333333334,2010
1497,2489.596666666667,2010
2365,1694.965,2010
2547,2525.525,2010
201604,1729.8766666666668,2010
2768,2071.825,2010
201805,782.9366666666666,2010
2549,2608.4016666666666,2010
101108,1712.3883333333333,2010
200809,223.37666666666667,2010
201181,223.68,2010
2404,440.89166666666665,2010
101236,1772.815,2010
1088,643.7966666666666,2010
201207,113.24833333333333,2010
201147,2481.9783333333335,2010
1894,2081.133333333333,2010
201584,2375.02,2010
200783,1231.9983333333332,2010
201571,1472.4933333333333,2010
2788,355.095,2010
201591,101.86666666666666,2010
201969,405.12333333333333,2010
201161,691.195,2010
2563,1891.765,2010
2863,1585.1666666666667,2010
2429,313.92833333333334,2010
200789,1068.3666666666666,2010
201568,2746.635,2010
101122,2278.22,2010
201980,114.81333333333333,2010
201967,707.3833333333333,2010
2443,1409.7033333333334,2010
2545,684.9516666666667,2010
201616,122.37833333333333,2010
201589,457.30333333333334,2010
201954,2109.1316666666667,2010
2431,890.8033333333333,2010
101135,3018.98,2010
2561,2948.6516666666666,2010
201599,1137.335,2010
201971,1494.3166666666666,2010
201942,1663.6416666666667,2010
201960,795.2683333333333,2010
2205,261.805,2010
2052,882.7616666666667,2010
2753,1500.0716666666667,2010
965,2227.465,2010
101114,2801.5,2010
201974,535.4066666666666,2010
201565,2870.95,2010
2046,65.5,2010
1904,760.6883333333334,2010
2484,1059.9916666666666,2010
2734,2220.641666666667,2010
1717,3038.681666666667,2010
201187,307.28833333333336,2010
201590,1630.1566666666668,2010
2748,1495.97,2010
2400,1755.3666666666666,2010
101204,6.933333333333334,2010
2730,2842.8016666666667,2010
2548,2792.435,2010
2853,231.94666666666666,2010
1863,1117.0233333333333,2010
201947,383.39,2010
2248,2322.0316666666668,2010
2067,1216.7733333333333,2010
2201,62.016666666666666,2010
2059,684.665,2010
1882,2297.12,2010
2731,2370.065,2010
201569,2228.9966666666664,2010
201953,1269.4933333333333,2010
956,1280.145,2010
101141,1897.6866666666667,2010
2041,320.74,2010
101177,649.93,2010
2436,1673.0783333333334,2010
1922,65.715,2010
101128,575.4083333333333,2010
202066,334.10333333333335,2010
201588,2276.3333333333335,2010
201945,355.025,2010
2222,3119.4183333333335,2010
2240,1168.5133333333333,2010
201175,933.1733333333333,2010
201609,1442.2283333333332,2010
255,2430.36,2010
201141,501.7633333333333,2010
101124,1557.22,2010
201632,240.14833333333334,2010
201934,883.2966666666666,2010
2045,2271.5533333333333,2010
201611,768.255,2010
200756,335.3183333333333,2010
101133,164.64333333333335,2010
2137,944.24,2010
200826,1545.5633333333333,2010
201592,239.09333333333333,2010
201581,1691.3383333333334,2010
200755,1808.1566666666668,2010
2747,2081.825,2010
201580,967.905,2010
2048,359.4033333333333,2010
2224,588.7716666666666,2010
2037,2459.9866666666667,2010
200081,1052.17,2010
2749,1860.0516666666667,2010
201935,1738.36,2010
201949,757.1766666666666,2010
2592,503.4816666666667,2010
1899,1731.4683333333332,2010
101189,977.8766666666667,2010
201191,0.065,2010
2457,828.5233333333333,2010
201162,1990.8616666666667,2010
2407,1793.4833333333333,2010
101127,2243.44,2010
2260,260.46,2010
2553,1032.48,2010
2215,114.72666666666667,2010
2078,22.145,2010
2574,975.99,2010
467,2880.89,2010
101131,1549.6916666666666,2010
2202,2485.0583333333334,2010
201160,658.3433333333334,2010
1891,2539.5016666666666,2010
201574,2357.3516666666665,2010
1715,1702.9183333333333,2010
101214,742.1216666666667,2010
201965,405.0233333333333,2010
1902,254.79666666666665,2010
201145,3043.0666666666666,2010
201952,718.4983333333333,2010
979,1991.3366666666666,2010
201966,302.6983333333333,2010
711,854.7383333333333,2010
201573,1304.24,2010
201149,1924.69,2010
201975,718.8166666666667,2010
201570,28.898333333333333,2010
2207,2885.775,2010
693,591.9383333333334,2010
201202,1322.3783333333333,2010
2038,681.2983333333333,2010
201595,106.75166666666667,2010
101121,758.8283333333334,2010
101130,435.49,2010
2422,2824.596666666667,2010
201972,653.6566666666666,2010
201973,2232.2,2010
1886,292.4483333333333,2010
201938,2339.4166666666665,2010
200770,1474.0433333333333,2010
201941,624.0983333333334,2010
101181,1817.2666666666667,2010
200767,1045.4633333333334,2010
2572,917.8416666666667,2010
201177,524.0316666666666,2010
2694,580.8333333333334,2010
2746,2870.483333333333,2010
201950,1766.7616666666668,2010
201153,870.7,2010
436,1631.5233333333333,2010
2416,57.77166666666667,2010
2586,1559.2266666666667,2010
101235,231.055,2010
2570,2153.52,2010
1903,313.18333333333334,2010
2030,1986.2283333333332,2010
201142,3239.325,2010
708,2060.1716666666666,2010
201567,1713.9383333333333,2010
2755,1632.965,2010
1563,263.2133333333333,2010
2039,970.52,2010
2550,2481.4816666666666,2010
977,2835.383333333333,2010
201585,172.42333333333335,2010
2743,1221.3683333333333,2010
703,1049.265,2010
2198,659.6266666666667,2010
2594,951.77,2010
200768,1651.2283333333332,2010
201602,144.435,2010
201178,407.725,2010
200746,2921.6383333333333,2010
1885,2584.5816666666665,2010
1716,1114.5233333333333,2010
2544,2965.73,2010
2571,785.6033333333334,2010
200796,235.70333333333335,2010
201991,131.42666666666668,2010
283,121.815,2010
200811,1168.0916666666667,2010
101150,1911.9766666666667,2010
201601,1866.3283333333334,2010
2449,2671.2933333333335,2010
2557,1758.575,2010
2575,271.7733333333333,2010
2736,2650.6866666666665,2010
101129,813.115,2010
2124,456.43,2010
201612,317.13,2010
1938,2149.826666666667,2010
201188,2468.92,2010
101162,1087.95,2010
201158,1120.9516666666666,2010
2556,243.83833333333334,2010
948,2314.2933333333335,2010
2409,43.766666666666666,2010
202068,110.65,2010
201977,1871.5966666666666,2010
200766,872.3616666666667,2010
200776,470.3433333333333,2010
201596,1806.86,2010
201238,142.22,2010
2605,936.89,2010
201578,1015.8416666666667,2010
101110,2005.1616666666666,2010
101107,2468.471666666667,2010
2440,2097.2733333333335,2010
2588,1160.8116666666667,2010
2679,120.84166666666667,2010
2230,1317.205,2010
2246,2148.925,2010
1897,2604.7716666666665,2010
201563,2328.13,2010
714,709.045,2010
2072,492.07,2010
2554,1686.9883333333332,2010
1710,2194.5433333333335,2010
201144,2568.4983333333334,2010
2399,1485.9416666666666,2010
200839,95.91666666666667,2010
2229,45.7,2010
2034,1804.8966666666668,2010
2366,59.06666666666667,2010
1630,405.735,2010
2590,2358.9583333333335,2010
101145,2646.6133333333332,2010
2050,972.5533333333333,2010
101126,1115.8516666666667,2010
201605,411.97,2010
1737,984.21,2010
2420,1740.5283333333334,2010
2403,2754.5866666666666,2010
2555,1557.1516666666666,2010
201156,1421.3433333333332,2010
201587,917.6216666666667,2010
201564,3113.3716666666664,2010
200762,447.2133333333333,2010
201802,21.53,2010
201956,1931.0933333333332,2010
201629,32.97833333333333,2010
201785,72.515,2010
200753,50.735,2010
201988,37.733333333333334,2010
2200,2403.3133333333335,2010
200781,7.983333333333333,2010
200794,2276.965,2010
1718,2410.7466666666664,2010
978,1946.9183333333333,2010
200822,119.68,2010
2056,95.41666666666667,2010
2047,2081.7283333333335,2010
2624,562.1516666666666,2010
1747,1420.47,2010
1952,180.59,2010
200765,2963.06,2010
201196,1731.955,2010
201043,124.415,2010
200751,1667.1866666666667,2010
1740,2368.596666666667,2010
739,1780.3816666666667,2010
1725,413.37166666666667,2010
2446,2702.27,2010
951,2819.036666666667,2010
101109,2642.84,2010
2501,310.68,2010
202130,781.4866666666667,2010
200764,90.59666666666666,2010
1888,1552.415,2010
2210,2520.305,2010
1729,498.82666666666665,2010
201577,986.0416666666666,2010
200760,857.015,2010
201155,2498.6133333333332,2010
201958,699.9133333333333,2010
2427,1514.5833333333333,2010
101146,96.94166666666666,2010
200758,1741.915,2010
101179,805.9216666666666,2010
101142,871.8183333333334,2010
201579,2034.735,2010
2767,326.78333333333336,2010
201164,1440.84,2010
200752,3174.755,2010
201566,2812.5833333333335,2010
201583,910.485,2010
1763,7.9,2010
101155,2210.088333333333,2010
200797,1223.24,2010
201970,1321.0466666666666,2010
2223,2123.7083333333335,2010
2562,876.8,2010
2756,574.86,2010
1752,74.605,2010
101118,331.18666666666667,2010
201157,227.39833333333334,2010
2742,659.2416666666667,2010
201586,1323.3933333333334,2010
200771,1047.7266666666667,2010
2203,2168.4533333333334,2010
200769,1700.01,2010
406,1240.3866666666668,2010
2733,795.4133333333333,2010
101183,52.98,2010
1890,2385.0116666666668,2010
200749,597.305,2010
200780,674.975,2010
201603,1367.97,2010
201150,1904.0816666666667,2010
201939,2896.213333333333,2010
101211,804.265,2010
1536,3128.568333333333,2010
2581,2158.79,2010
959,2659.99,2010
200779,361.9316666666667,2010
2212,157.975,2010
202178,217.115,2010
2551,1188.935,2010
201959,2203.5816666666665,2010
201981,32.48833333333334,2010
2419,1663.735,2010
201944,1763.5216666666668,2010
200757,2348.4483333333333,2010
201152,2145.4183333333335,2010
689,806.1766666666666,2010
1495,2438.1866666666665,2010
1501,285.215,2010
201962,1086.9766666666667,2010
2754,888.705,2010
1499,133.745,2010
2225,1727.9866666666667,2010
1503,672.4683333333334,2010
101143,51.20333333333333,2010
2566,730.0733333333334,2010
2239,1106.2616666666668,2010
2772,2628.883333333333,2010
201821,5.12,2010
2211,2344.2883333333334,2010
201951,1317.4366666666667,2010
201946,510.79833333333335,2010
201936,2676.58,2010
200748,1220.345,2010
2199,1163.07,2010
2617,2176.6433333333334,2010
1713,2310.4583333333335,2010
2209,891.085,2010
201961,1384.2416666666666,2010
202083,2024.5716666666667,2010
101198,1666.4833333333333,2010
101215,35.86666666666667,2010
2584,1553.4266666666667,2010
201163,2319.923333333333,2010
200821,44.43333333333333,2010
201146,1654.5616666666667,2010
2216,3050.8933333333334,2010
2585,1088.8166666666666,2010
980,1338.5166666666667,2010
201985,795.1466666666666,2011
201166,1284.1316666666667,2011
201189,530.825,2011
201151,725.8783333333333,2011
1733,1664.5483333333334,2011
201143,2703.7066666666665,2011
2744,2940.4133333333334,2011
201154,1383.5916666666667,2011
202329,1451.835,2011
201582,339.84,2011
202087,1117.3883333333333,2011
2405,2870.0116666666668,2011
101161,1852.6516666666666,2011
2760,993.895,2011
101154,2171.931666666667,2011
2738,2468.6883333333335,2011
1889,2649.72,2011
200745,2353.048333333333,2011
1905,1998.9833333333333,2011
2804,930.8183333333334,2011
101106,2297.3733333333334,2011
101115,1500.005,2011
2740,1397.09,2011
202360,24.1,2011
1712,1842.1966666666667,2011
1853,463.2966666666667,2011
201627,1856.4266666666667,2011
1515,2091.18,2011
201576,589.6416666666667,2011
201229,1362.415,2011
101120,31.36,2011
1498,35.29666666666667,2011
686,1386.4616666666666,2011
202356,277.43666666666667,2011
201167,2324.2933333333335,2011
201948,1446.115,2011
202340,162.49,2011
1884,1649.2883333333334,2011
2732,2130.86,2011
202386,437.5783333333333,2011
1112,1238.1833333333334,2011
2757,2733.5133333333333,2011
201933,3111.4733333333334,2011
2250,15.518333333333333,2011
2564,2778.275,2011
1802,1015.4266666666666,2011
201148,378.67333333333335,2011
101138,1980.195,2011
201943,2168.64,2011
200750,1309.71,2011
201575,1753.8816666666667,2011
2217,1331.365,2011
2073,617.975,2011
2567,447.22833333333335,2011
2243,87.97833333333334,2011
1730,5.883333333333334,2011
201572,2888.755,2011
201957,85.09333333333333,2011
201228,1090.7333333333333,2011
101139,1968.6183333333333,2011
201171,2007.895,2011
2306,1184.755,2011
2430,1881.7616666666668,2011
2568,1590.4633333333334,2011
2546,2751.25,2011
2406,867.1683333333333,2011
201858,542.1883333333334,2011
101112,2541.1266666666666,2011
2294,170.925,2011
101111,1665.6583333333333,2011
201978,1737.5233333333333,2011
1497,2310.1433333333334,2011
2365,732.32,2011
2547,2794.7633333333333,2011
201604,884.07,2011
2768,774.0233333333333,2011
202419,138.88333333333333,2011
2549,837.54,2011
101108,2879.6433333333334,2011
200809,292.055,2011
2404,994.6933333333334,2011
201963,946.885,2011
101236,2079.16,2011
202332,141.47666666666666,2011
201147,1510.4233333333334,2011
1894,1400.5033333333333,2011
201584,1722.6216666666667,2011
202342,32.82666666666667,2011
200783,586.335,2011
201571,2757.095,2011
2788,329.8333333333333,2011
201591,684.655,2011
201969,198.76166666666666,2011
201161,598.255,2011
2563,588.9533333333334,2011
2863,676.4533333333334,2011
202345,402.93833333333333,2011
2429,462.695,2011
200789,1865.0316666666668,2011
201568,2104.03,2011
101122,2762.9983333333334,2011
201980,91.49666666666667,2011
201967,1636.9333333333334,2011
2443,70.57166666666667,2011
2545,1686.2733333333333,2011
201616,485.8233333333333,2011
201589,1608.4466666666667,2011
201954,2360.135,2011
2431,372.52166666666665,2011
101135,2634.285,2011
2561,2450.5266666666666,2011
201599,2046.765,2011
201971,1733.5233333333333,2011
201942,2851.025,2011
202326,2309.4266666666667,2011
201960,50.013333333333335,2011
2205,181.08833333333334,2011
2052,1158.3883333333333,2011
2753,453.1433333333333,2011
965,2297.008333333333,2011
101114,2464.911666666667,2011
201974,575.3666666666667,2011
202382,215.00333333333333,2011
202324,1535.7216666666666,2011
201565,3025.8366666666666,2011
202365,117.61,2011
2734,2253.78,2011
202354,11.233333333333333,2011
1717,2503.9366666666665,2011
201187,760.3883333333333,2011
202346,135.11,2011
201590,1127.085,2011
2748,3146.778333333333,2011
2400,859.8783333333333,2011
2730,2934.9166666666665,2011
2548,2823.2116666666666,2011
2853,305.5083333333333,2011
1863,861.7683333333333,2011
201947,463.79,2011
2248,1567.35,2011
202334,1601.7533333333333,2011
2067,978.3666666666667,2011
2059,372.2916666666667,2011
202327,1029.5133333333333,2011
1882,2809.133333333333,2011
2731,2286.7533333333336,2011
202339,1840.5333333333333,2011
201569,2112.0666666666666,2011
201953,1199.635,2011
956,814.8016666666666,2011
101141,1505.285,2011
2041,82.07333333333334,2011
202323,1797.4016666666666,2011
101177,44.695,2011
1922,609.935,2011
101128,1385.6266666666668,2011
202371,1.9333333333333333,2011
202081,101.29333333333334,2011
202066,230.19333333333333,2011
201814,790.7683333333333,2011
202390,1684.5616666666667,2011
201588,2147.9766666666665,2011
201945,1661.2416666666666,2011
2222,2693.0333333333333,2011
2240,1796.1933333333334,2011
201175,2297.7766666666666,2011
201609,1233.875,2011
202330,1217.67,2011
255,2408.915,2011
202328,2221.8633333333332,2011
202349,859.9166666666666,2011
101124,1415.5216666666668,2011
202380,80.17666666666666,2011
201632,168.38666666666666,2011
201934,373.31333333333333,2011
202355,1.7433333333333334,2011
2045,2540.1433333333334,2011
201611,783.91,2011
200756,488.785,2011
101133,487.87833333333333,2011
101113,469.615,2011
2137,130.00666666666666,2011
202397,441.65166666666664,2011
200826,1668.9666666666667,2011
201581,2256.32,2011
200755,1512.935,2011
2747,1967.59,2011
201580,2192.56,2011
2048,157.59833333333333,2011
2037,2296.991666666667,2011
200081,1042.2633333333333,2011
2749,2318.8233333333333,2011
202341,286.23833333333334,2011
201935,2188.5383333333334,2011
201949,821.155,2011
2592,1549.09,2011
1899,839.0883333333334,2011
201162,2139.595,2011
2407,601.0583333333333,2011
101127,1722.2566666666667,2011
2260,181.36333333333334,2011
2215,593.3433333333334,2011
2574,111.51833333333333,2011
467,2652.846666666667,2011
101131,930.1183333333333,2011
2202,2715.1216666666664,2011
201160,1101.825,2011
1891,2564.365,2011
201574,1748.0666666666666,2011
1715,295.10833333333335,2011
101214,391.1116666666667,2011
202399,195.935,2011
1902,939.8633333333333,2011
201145,2427.62,2011
201952,962.5383333333333,2011
202379,462.91,2011
202391,284.5133333333333,2011
979,431.225,2011
201966,482.245,2011
711,49.74333333333333,2011
201573,1495.2833333333333,2011
201149,1575.5283333333334,2011
201975,2062.0466666666666,2011
2207,2554.405,2011
693,69.34833333333333,2011
201202,1463.0566666666666,2011
2038,519.7633333333333,2011
201595,521.98,2011
101121,586.25,2011
101130,893.4133333333333,2011
101249,10.106666666666667,2011
2422,2554.1033333333335,2011
202322,2606.055,2011
201972,677.4716666666667,2011
201938,982.86,2011
202348,1026.645,2011
200770,1795.9516666666666,2011
201941,1124.4966666666667,2011
101181,2102.2033333333334,2011
2735,893.77,2011
2572,408.6166666666667,2011
201177,1596.9883333333332,2011
2694,653.145,2011
2746,2644.83,2011
201950,2900.6983333333333,2011
201153,765.9616666666667,2011
436,591.5133333333333,2011
2586,1461.3333333333333,2011
2570,742.0133333333333,2011
2030,1233.18,2011
201142,3037.6216666666664,2011
708,2219.7566666666667,2011
201567,2610.5433333333335,2011
2755,2602.5333333333333,2011
202338,634.6283333333333,2011
2039,1756.615,2011
2550,2156.6583333333333,2011
977,2778.6633333333334,2011
201585,433.6,2011
2743,2060.7633333333333,2011
703,1178.1533333333334,2011
2198,1714.165,2011
2594,1649.1233333333332,2011
200768,2563.1833333333334,2011
201602,69.34,2011
201178,455.94,2011
200746,3211.4216666666666,2011
1885,2638.715,2011
202362,114.69666666666667,2011
202361,2541.3283333333334,2011
202082,142.73333333333332,2011
202336,872.1616666666666,2011
202351,419.41833333333335,2011
2544,3062.9816666666666,2011
2571,1394.6133333333332,2011
200796,327.7316666666667,2011
201991,73.33333333333333,2011
101132,1031.9616666666666,2011
200811,691.1066666666667,2011
101150,1747.335,2011
201601,2093.0416666666665,2011
2449,2411.838333333333,2011
202337,137.29333333333332,2011
202376,640.6383333333333,2011
2557,2159.16,2011
2575,484.3883333333333,2011
2736,3207.9183333333335,2011
101129,585.5816666666667,2011
2124,178.30166666666668,2011
202412,933.3466666666667,2011
1938,2425.49,2011
201188,2586.4566666666665,2011
101162,2032.8916666666667,2011
201158,1957.1616666666666,2011
2556,21.75,2011
948,1540.375,2011
202408,18.311666666666667,2011
201977,1775.79,2011
201596,1579.31,2011
201238,115.95833333333333,2011
2605,938.305,2011
201578,733.5483333333333,2011
101110,1094.4666666666667,2011
101107,1864.55,2011
2440,1019.8583333333333,2011
2588,1431.7116666666666,2011
2679,581.9866666666667,2011
200772,28.998333333333335,2011
2230,1548.915,2011
2246,168.43,2011
2408,366.475,2011
1897,2409.7533333333336,2011
201563,2361.4583333333335,2011
2072,134.31833333333333,2011
2554,1106.89,2011
1710,2284.415,2011
201144,2871.7316666666666,2011
2399,1682.7133333333334,2011
200839,15.683333333333334,2011
2034,837.645,2011
2590,1788.545,2011
101145,3226.673333333333,2011
2050,22.933333333333334,2011
201203,159.11833333333334,2011
101126,1013.2433333333333,2011
1737,1279.6,2011
2420,1571.0666666666666,2011
2403,2290.7966666666666,2011
2555,1523.73,2011
201156,2033.77,2011
201587,2521.846666666667,2011
201593,887.4083333333333,2011
201564,1869.36,2011
201600,989.4483333333334,2011
201956,1702.18,2011
101158,5.3,2011
201785,322.405,2011
202377,20.983333333333334,2011
201607,19.153333333333332,2011
202335,867.5366666666666,2011
201988,782.705,2011
2200,3037.0833333333335,2011
202331,1264.805,2011
200794,2604.9483333333333,2011
1718,2774.0616666666665,2011
978,616.5766666666667,2011
200817,858.0866666666667,2011
200822,35.14,2011
2047,955.37,2011
202347,733.5716666666667,2011
2624,353.25,2011
1952,2097.13,2011
200765,2526.7816666666668,2011
201196,2132.701666666667,2011
200751,1551.2983333333334,2011
1740,1824.505,2011
2446,769.785,2011
951,2890.0066666666667,2011
101109,2737.295,2011
2501,798.13,2011
202130,1626.2683333333334,2011
200764,62.655,2011
1888,1498.0383333333334,2011
2210,2458.528333333333,2011
201577,991.125,2011
200760,335.30833333333334,2011
201155,2183.4416666666666,2011
201958,495.6716666666667,2011
2427,319.0133333333333,2011
2648,12.751666666666667,2011
200758,1781.44,2011
101179,716.8016666666666,2011
101142,1140.6933333333334,2011
201579,2244.0216666666665,2011
2767,154.70833333333334,2011
201164,1820.7316666666666,2011
200752,2151.7633333333333,2011
201566,2847.38,2011
201583,1424.3683333333333,2011
101155,2095.1866666666665,2011
200797,1181.5816666666667,2011
201970,1577.0566666666666,2011
202396,701.4166666666666,2011
2223,1937.4616666666666,2011
2562,362.015,2011
2756,1647.4233333333334,2011
1752,208.45833333333334,2011
2742,710.58,2011
201623,594.8816666666667,2011
201586,2215.7083333333335,2011
2203,2374.4866666666667,2011
200769,1568.3283333333334,2011
406,751.575,2011
2733,1260.7416666666666,2011
1890,2252.9133333333334,2011
200761,1323.105,2011
200749,910.3683333333333,2011
202395,65.88166666666666,2011
202374,59.01,2011
200780,528.1766666666666,2011
201603,1413.1883333333333,2011
201150,1718.2883333333334,2011
201939,2488.9933333333333,2011
101211,958.4533333333334,2011
1536,2404.5016666666666,2011
2581,1581.2416666666666,2011
959,2496.778333333333,2011
200779,215.03666666666666,2011
202178,300.59,2011
2551,773.1266666666667,2011
201959,1742.2466666666667,2011
2419,2561.5666666666666,2011
201944,290.035,2011
200757,2049.2083333333335,2011
201152,2134.8366666666666,2011
689,70.50166666666667,2011
201168,738.045,2011
1495,2156.2183333333332,2011
202389,524.095,2011
201962,1971.075,2011
2754,1494.35,2011
1499,376.9916666666667,2011
2225,2527.6583333333333,2011
1503,1685.5033333333333,2011
2566,2357.695,2011
2772,2599.8483333333334,2011
202344,1063.0916666666667,2011
201234,94.36666666666666,2011
2211,465.9066666666667,2011
201951,2102.6,2011
201946,1535.405,2011
201936,2107.056666666667,2011
200748,861.0716666666667,2011
2199,2058.5116666666668,2011
2617,344.9216666666667,2011
1713,2051.5616666666665,2011
2209,1169.1816666666666,2011
101144,552.545,2011
201961,1181.245,2011
202325,2069.37,2011
202083,2758.3933333333334,2011
101198,1125.1966666666667,2011
2584,1673.91,2011
202378,133.80166666666668,2011
201163,2400.4166666666665,2011
202333,527.4316666666666,2011
2397,90.51833333333333,2011
201146,1111.835,2011
202220,291.6983333333333,2011
2216,2723.5583333333334,2011
2585,1243.7816666666668,2011
980,1145.3533333333332,2011
201985,568.03,2012
201189,812.6583333333333,2012
1733,1760.985,2012
201143,347.98333333333335,2012
2744,2074.96,2012
202329,1477.0433333333333,2012
101187,460.725,2012
202692,938.9033333333333,2012
202087,1827.0466666666666,2012
2405,1543.22,2012
101161,1552.8933333333334,2012
2760,784.6033333333334,2012
101154,626.0133333333333,2012
2765,44.91,2012
2738,2209.105,2012
1889,1808.9183333333333,2012
200745,1031.6916666666666,2012
2804,55.65,2012
101106,363.7183333333333,2012
101115,2111.54,2012
202726,418.6016666666667,2012
2740,738.62,2012
1712,2150.99,2012
1853,209.32333333333332,2012
201627,1636.3483333333334,2012
1515,1280.3033333333333,2012
201576,516.5483333333333,2012
201229,881.5,2012
202356,124.30833333333334,2012
201167,2086.391666666667,2012
201948,603.1166666666667,2012
202340,1368.3933333333334,2012
1884,594.8283333333334,2012
2732,1398.2483333333332,2012
202386,369.65166666666664,2012
1112,980.26,2012
2757,1079.985,2012
202687,1455.22,2012
201336,30.378333333333334,2012
201933,2391.883333333333,2012
2250,418.36833333333334,2012
2564,1424.7416666666666,2012
1802,145.83333333333334,2012
201148,791.4166666666666,2012
101138,1868.22,2012
201943,2331.3,2012
202688,2128.495,2012
201575,1717.5133333333333,2012
2217,1145.8816666666667,2012
2073,276.75666666666666,2012
2567,275.87,2012
2243,122.11666666666666,2012
1730,4.366666666666666,2012
201572,135.97666666666666,2012
201957,1465.2583333333334,2012
201228,1159.41,2012
101139,1144.65,2012
201171,998.5533333333333,2012
201291,118.76666666666667,2012
2430,1948.3733333333332,2012
2568,1537.4116666666666,2012
2546,1876.1816666666666,2012
2406,1870.7166666666667,2012
201858,391.33166666666665,2012
202718,1804.365,2012
101112,1669.425,2012
202724,892.8933333333333,2012
101111,179.61333333333334,2012
201978,1298.2333333333333,2012
1497,606.6116666666667,2012
2365,486.28833333333336,2012
2547,2006.9116666666666,2012
2768,1226.0016666666668,2012
202419,175.46166666666667,2012
2549,1371.9716666666666,2012
101108,2180.48,2012
202698,1430.7383333333332,2012
2404,481.24333333333334,2012
202874,185.83166666666668,2012
201963,102.50833333333334,2012
101236,1039.4366666666667,2012
202332,173.14166666666668,2012
201147,1287.4566666666667,2012
1894,880.6366666666667,2012
202809,422.66833333333335,2012
202709,265.86,2012
202622,95.205,2012
201584,1756.9783333333332,2012
202342,88.0,2012
200783,463.9033333333333,2012
201571,1408.3516666666667,2012
202810,58.86666666666667,2012
201591,1097.8333333333333,2012
201969,208.49833333333333,2012
201161,989.1916666666667,2012
2563,1051.9533333333334,2012
2863,922.2416666666667,2012
202345,170.47666666666666,2012
2429,13.166666666666666,2012
200789,915.5616666666666,2012
202350,186.57,2012
201568,1351.1466666666668,2012
101122,2062.0866666666666,2012
201980,1522.3333333333333,2012
201967,1124.2216666666666,2012
202359,38.88,2012
202721,169.49,2012
2545,472.075,2012
201954,1878.0266666666666,2012
201208,97.55666666666667,2012
101135,2120.9983333333334,2012
2561,1924.565,2012
201599,1797.8433333333332,2012
202732,115.065,2012
201971,1363.2366666666667,2012
201942,2205.6116666666667,2012
202326,1950.14,2012
201960,348.00166666666667,2012
2205,325.21166666666664,2012
2052,960.37,2012
2753,1060.3466666666666,2012
202862,22.115,2012
965,1507.62,2012
101114,1998.7616666666668,2012
201974,1443.28,2012
201182,36.86333333333334,2012
202324,1375.67,2012
201565,1374.4816666666666,2012
202682,1417.685,2012
202365,395.8433333333333,2012
2734,1741.1333333333334,2012
202354,300.95166666666665,2012
1717,2079.155,2012
201187,1127.225,2012
202346,268.3283333333333,2012
202388,669.5366666666666,2012
201590,777.4216666666666,2012
2748,1650.0483333333334,2012
2400,1468.815,2012
2730,2069.6516666666666,2012
2548,1625.1366666666668,2012
202734,331.00333333333333,2012
2853,8.716666666666667,2012
1863,110.67833333333333,2012
201947,559.2933333333333,2012
2248,1032.5016666666668,2012
202334,1533.8933333333334,2012
2201,82.6,2012
2059,270.3283333333333,2012
202775,51.99666666666667,2012
202327,1289.9833333333333,2012
202343,149.345,2012
1882,1732.2616666666668,2012
2731,781.4383333333334,2012
202683,874.435,2012
202339,463.5683333333333,2012
201286,39.233333333333334,2012
201569,310.385,2012
201953,136.635,2012
956,83.28833333333333,2012
101141,1654.8883333333333,2012
202323,1712.525,2012
1922,16.456666666666667,2012
101128,798.2233333333334,2012
201814,713.095,2012
202390,1205.8366666666666,2012
201588,1274.155,2012
101123,781.4133333333333,2012
201945,1831.0766666666666,2012
2222,2075.505,2012
2240,210.865,2012
201175,1426.885,2012
201609,1751.92,2012
202330,2014.6683333333333,2012
255,1377.6966666666667,2012
202328,2081.8783333333336,2012
202962,69.09166666666667,2012
201880,766.4033333333333,2012
202349,1705.525,2012
202970,1088.3116666666667,2012
101124,503.02666666666664,2012
202380,2.93,2012
201632,205.95666666666668,2012
201934,138.645,2012
202355,108.875,2012
2045,1653.165,2012
201611,620.3066666666666,2012
101133,1139.1533333333334,2012
101113,14.2,2012
202697,1705.4666666666667,2012
202738,1655.44,2012
202397,234.19333333333333,2012
201274,934.3216666666667,2012
200826,1032.02,2012
201581,1244.2766666666666,2012
200755,1764.4933333333333,2012
2747,967.2333333333333,2012
202707,298.1616666666667,2012
201580,1534.7933333333333,2012
2048,373.695,2012
2224,507.4033333333333,2012
2037,1612.7216666666666,2012
200081,123.47833333333334,2012
2749,1706.0766666666666,2012
202341,603.0183333333333,2012
201935,1946.0533333333333,2012
201949,1560.6733333333334,2012
2592,665.625,2012
101189,262.3283333333333,2012
202686,1077.5583333333334,2012
2457,670.7383333333333,2012
201162,2019.8666666666666,2012
2407,728.9533333333334,2012
101127,1530.26,2012
2215,307.68,2012
2574,269.04833333333335,2012
467,1379.02,2012
101131,1465.7316666666666,2012
2202,1591.0483333333334,2012
201160,947.05,2012
1891,1999.94,2012
201574,1657.2733333333333,2012
202399,62.755,2012
201965,106.3,2012
202880,39.13,2012
1902,140.98666666666668,2012
201952,2182.883333333333,2012
202379,216.65666666666667,2012
202391,940.4316666666666,2012
202951,423.9766666666667,2012
202719,568.21,2012
979,569.5316666666666,2012
202406,180.18333333333334,2012
202366,107.56666666666666,2012
202536,45.945,2012
711,272.58166666666665,2012
201573,704.64,2012
202690,1134.66,2012
202710,359.0316666666667,2012
201149,1944.8733333333332,2012
201975,1643.7066666666667,2012
2207,2126.5383333333334,2012
201202,1349.4183333333333,2012
2038,448.8433333333333,2012
101130,920.045,2012
101249,725.5133333333333,2012
2422,1249.8533333333332,2012
202322,2386.1283333333336,2012
201972,238.72666666666666,2012
202720,554.5616666666666,2012
201973,1468.1683333333333,2012
201938,416.145,2012
202348,1752.7633333333333,2012
200770,830.62,2012
202706,258.03833333333336,2012
201941,551.3033333333333,2012
202716,634.8133333333334,2012
101181,1799.04,2012
2735,491.465,2012
2668,130.27833333333334,2012
202725,539.7066666666667,2012
2572,990.4983333333333,2012
201177,717.9883333333333,2012
202729,236.785,2012
2746,2328.665,2012
201950,2196.1016666666665,2012
202933,179.435,2012
202458,90.70833333333333,2012
202712,83.63,2012
436,190.21833333333333,2012
202695,1534.3966666666668,2012
202728,9.133333333333333,2012
2586,93.66,2012
101235,17.918333333333333,2012
202689,1792.0466666666666,2012
2570,1743.6783333333333,2012
202702,1037.2633333333333,2012
2030,939.8566666666667,2012
201142,2546.3083333333334,2012
708,1864.125,2012
201567,2145.471666666667,2012
2755,1263.5766666666666,2012
202338,1175.8433333333332,2012
2039,661.56,2012
2550,1236.6566666666668,2012
202691,1607.665,2012
977,2232.175,2012
201585,791.5166666666667,2012
2743,2161.7833333333333,2012
703,802.5533333333333,2012
2198,186.98333333333332,2012
2594,1469.4733333333334,2012
200768,1509.9783333333332,2012
202681,1557.8516666666667,2012
201178,16.983333333333334,2012
200746,1994.385,2012
1885,1027.045,2012
202362,441.90833333333336,2012
202498,629.4633333333334,2012
202361,1893.7266666666667,2012
1716,113.575,2012
202082,75.20833333333333,2012
202336,642.6033333333334,2012
202730,624.12,2012
202351,140.83833333333334,2012
2544,2326.215,2012
2571,1381.685,2012
201991,333.78,2012
101132,1057.0633333333333,2012
200811,752.5916666666667,2012
101150,1681.725,2012
201601,1008.7566666666667,2012
2449,2067.235,2012
202337,536.7,2012
202376,230.78666666666666,2012
2557,1749.76,2012
2575,363.6166666666667,2012
2736,2128.9883333333332,2012
202723,243.0,2012
202952,15.083333333333334,2012
202412,455.60333333333335,2012
1938,792.285,2012
202705,1648.3066666666666,2012
201188,2370.31,2012
101162,2114.015,2012
201158,1965.7033333333334,2012
948,1351.5616666666667,2012
202694,125.59333333333333,2012
201977,1779.7283333333332,2012
201596,1825.0466666666666,2012
202693,1226.985,2012
2605,483.5316666666667,2012
201578,1344.8083333333334,2012
101110,1139.5566666666666,2012
101107,1499.505,2012
2440,1440.1783333333333,2012
2588,1325.5933333333332,2012
2679,596.3216666666667,2012
2230,342.86833333333334,2012
2246,453.705,2012
1897,1720.0666666666666,2012
201563,1087.1633333333334,2012
2072,770.12,2012
2554,921.1266666666667,2012
202148,252.04833333333335,2012
1710,556.8716666666667,2012
201144,2174.088333333333,2012
2399,1444.7116666666666,2012
2229,120.255,2012
2034,752.4166666666666,2012
1630,117.73,2012
2590,1471.7133333333334,2012
101145,2120.423333333333,2012
201165,66.595,2012
202814,94.735,2012
101126,1192.3233333333333,2012
1737,692.2033333333334,2012
2403,1109.7516666666668,2012
2555,1306.785,2012
201156,1729.1766666666667,2012
201587,1790.9,2012
201593,1263.9333333333334,2012
202696,811.5733333333334,2012
202701,541.0783333333334,2012
202708,1260.4333333333334,2012
201564,1770.9266666666667,2012
201600,971.4583333333334,2012
201956,1341.3683333333333,2012
202335,1482.885,2012
201988,260.61,2012
2200,2429.9733333333334,2012
202331,1957.6716666666666,2012
200794,2099.48,2012
1718,2074.5716666666667,2012
2047,866.0316666666666,2012
202347,1001.9933333333333,2012
1952,796.2266666666667,2012
200765,1957.3366666666666,2012
201196,1706.8766666666668,2012
200751,1682.145,2012
1740,728.815,2012
2446,453.2083333333333,2012
951,1564.98,2012
101109,1905.535,2012
2501,771.1883333333334,2012
202704,500.7133333333333,2012
202130,746.615,2012
200764,115.39666666666666,2012
1888,696.605,2012
2210,1748.1833333333334,2012
201937,1403.68,2012
201577,894.675,2012
201155,1643.4633333333334,2012
201958,1150.6533333333334,2012
2427,696.525,2012
200758,1634.9633333333334,2012
101179,517.0716666666667,2012
101142,279.0133333333333,2012
201579,1936.9416666666666,2012
2767,354.09166666666664,2012
201164,709.63,2012
200752,2422.1116666666667,2012
201566,2331.265,2012
201583,1963.6233333333332,2012
101155,424.73333333333335,2012
200797,522.2116666666667,2012
202385,16.661666666666665,2012
201970,374.555,2012
202396,825.2016666666667,2012
2223,1446.3766666666668,2012
2562,527.3916666666667,2012
201157,107.11833333333334,2012
2742,894.65,2012
201623,332.5833333333333,2012
201586,1791.8533333333332,2012
2203,1498.92,2012
200769,1399.9033333333334,2012
2733,1091.6766666666667,2012
1890,1919.2683333333334,2012
200761,514.1883333333334,2012
200749,1276.2583333333334,2012
202714,779.48,2012
202374,122.165,2012
200780,292.31666666666666,2012
201150,920.0583333333333,2012
201939,731.855,2012
1536,1211.5283333333334,2012
2581,1236.9916666666666,2012
959,1961.1,2012
200779,1020.4233333333333,2012
202178,793.0183333333333,2012
2551,190.55333333333334,2012
201959,1284.4566666666667,2012
2419,2087.3516666666665,2012
202227,318.2183333333333,2012
201944,549.9466666666667,2012
200757,913.885,2012
201152,1755.2633333333333,2012
201168,1120.81,2012
1495,1634.0483333333334,2012
202389,687.1066666666667,2012
202699,479.015,2012
201962,655.9683333333334,2012
2754,1525.2083333333333,2012
1499,294.80833333333334,2012
2225,1923.1466666666668,2012
1503,836.6333333333333,2012
202727,45.28333333333333,2012
2566,500.29333333333335,2012
2772,1350.0516666666667,2012
202344,1261.4366666666667,2012
201234,61.35333333333333,2012
202717,119.02333333333333,2012
202684,1423.7533333333333,2012
2211,955.605,2012
201951,2123.9766666666665,2012
201946,1441.655,2012
202715,88.02,2012
201936,2162.3766666666666,2012
200748,1013.2666666666667,2012
2199,2060.5516666666667,2012
2617,1588.7516666666668,2012
202731,135.45666666666668,2012
1713,1542.0233333333333,2012
2209,755.0466666666666,2012
101144,468.98,2012
201041,357.24833333333333,2012
201961,973.31,2012
202325,1468.4633333333334,2012
202083,2227.7083333333335,2012
101198,513.7266666666667,2012
2584,922.235,2012
201163,214.6,2012
202333,759.0433333333333,2012
202918,38.7,2012
201146,203.125,2012
2216,734.995,2012
2585,1640.31,2012
201985,1277.9966666666667,2013
201166,996.7983333333333,2013
201189,513.3416666666667,2013
1733,118.85833333333333,2013
201143,2756.445,2013
2744,2578.1283333333336,2013
202329,2066.1033333333335,2013
101187,1495.0116666666668,2013
202692,1136.6033333333332,2013
203144,1839.5283333333334,2013
202087,2540.5316666666668,2013
2405,681.9416666666667,2013
101161,2324.81,2013
2760,900.905,2013
101154,1555.1783333333333,2013
203083,1242.69,2013
2738,2778.8883333333333,2013
1889,2151.2883333333334,2013
200745,1002.5066666666667,2013
1905,2033.8866666666668,2013
101106,785.71,2013
202726,6.2,2013
203094,1249.4083333333333,2013
2740,495.21666666666664,2013
1712,1635.5916666666667,2013
203076,1845.9516666666666,2013
201627,383.045,2013
201576,328.9033333333333,2013
201229,963.16,2013
203102,541.7083333333334,2013
203382,141.355,2013
201167,2306.65,2013
201948,675.6333333333333,2013
203085,1417.55,2013
202340,1434.635,2013
2732,1559.9933333333333,2013
203162,200.3,2013
2757,1456.6466666666668,2013
203108,457.025,2013
202687,2186.201666666667,2013
201933,2598.4083333333333,2013
2564,1708.76,2013
203078,1744.5716666666667,2013
201148,1148.7583333333334,2013
101138,2239.245,2013
201943,2896.891666666667,2013
202688,2365.4166666666665,2013
200750,121.86,2013
201575,25.348333333333333,2013
2217,1162.085,2013
203148,1323.7983333333334,2013
201572,2253.3716666666664,2013
201957,1427.665,2013
201228,1521.2833333333333,2013
101139,1363.9233333333334,2013
201171,1875.6916666666666,2013
2430,2546.24,2013
2568,1689.2633333333333,2013
2546,2481.8533333333335,2013
2406,1879.3666666666666,2013
201858,693.8733333333333,2013
202718,2758.3766666666666,2013
202724,440.9483333333333,2013
101111,1091.8633333333332,2013
201978,507.5933333333333,2013
1497,418.3,2013
2365,624.47,2013
2547,2454.35,2013
203142,861.6216666666667,2013
201604,63.08166666666666,2013
2768,820.0416666666666,2013
202419,284.215,2013
203187,102.10166666666667,2013
2549,1362.9766666666667,2013
101108,2334.8866666666668,2013
200809,78.33333333333333,2013
202698,923.965,2013
2404,829.4733333333334,2013
203203,4.375,2013
101236,1208.8666666666666,2013
202332,387.74,2013
201147,2002.6583333333333,2013
1894,256.9216666666667,2013
202809,32.235,2013
202709,387.86,2013
201584,1940.9666666666667,2013
201571,1226.3866666666668,2013
201591,85.97666666666667,2013
201969,6.655,2013
201161,440.75,2013
2563,1016.56,2013
203081,3166.87,2013
2863,1095.125,2013
202345,0.39,2013
200789,919.355,2013
202350,103.885,2013
201568,2308.5783333333334,2013
101122,73.66666666666667,2013
201980,2200.565,2013
201967,2010.05,2013
203130,5.611666666666666,2013
203121,694.0,2013
202721,682.6933333333334,2013
2545,4.5,2013
201589,969.9716666666667,2013
201954,2371.7066666666665,2013
101135,2907.35,2013
2561,2435.4016666666666,2013
201599,2009.69,2013
202732,290.005,2013
201971,850.9883333333333,2013
201942,3013.0466666666666,2013
202326,2289.3166666666666,2013
201960,1110.8116666666667,2013
203199,803.0183333333333,2013
2205,225.99333333333334,2013
2052,1157.8183333333334,2013
965,574.735,2013
101114,2842.16,2013
202324,1786.8616666666667,2013
202682,1915.825,2013
202365,196.59,2013
2734,1421.33,2013
202354,31.851666666666667,2013
203197,149.405,2013
203079,1756.305,2013
1717,1661.3983333333333,2013
201187,386.8616666666667,2013
202346,337.635,2013
202388,263.16333333333336,2013
202700,537.5083333333333,2013
2748,1782.7783333333334,2013
203117,577.7783333333333,2013
203110,1060.9283333333333,2013
2400,151.43833333333333,2013
2730,2721.7816666666668,2013
2548,2390.5516666666667,2013
202734,1682.295,2013
2853,158.16166666666666,2013
201947,1363.0783333333334,2013
2248,829.0566666666666,2013
202334,1630.8766666666668,2013
2201,24.75,2013
202327,1312.2466666666667,2013
1882,1526.9983333333332,2013
2731,2051.951666666667,2013
202683,1077.7466666666667,2013
202339,1553.0083333333334,2013
201569,1263.8,2013
201953,962.7133333333334,2013
101141,2012.2733333333333,2013
203095,428.27,2013
202323,2891.7533333333336,2013
203097,35.995,2013
203105,1120.0616666666667,2013
101128,1029.4116666666666,2013
202066,1155.5966666666666,2013
202390,1483.8333333333333,2013
201588,2619.616666666667,2013
101123,1080.445,2013
201945,2133.2716666666665,2013
2222,2075.7233333333334,2013
201175,1064.2766666666666,2013
201609,2581.1916666666666,2013
202330,2104.201666666667,2013
255,436.67333333333335,2013
202328,2687.26,2013
202962,1110.3416666666667,2013
201880,1209.3433333333332,2013
202349,2685.2116666666666,2013
202970,734.7016666666667,2013
101124,488.905,2013
201632,321.56333333333333,2013
203084,2057.5316666666668,2013
201934,769.93,2013
2045,188.89,2013
203156,4.783333333333333,2013
101133,1322.1266666666668,2013
202697,996.2716666666666,2013
202738,2121.451666666667,2013
202397,516.0816666666667,2013
201274,1034.8683333333333,2013
200826,1712.8333333333333,2013
201581,2322.565,2013
200755,2379.4616666666666,2013
2747,2677.943333333333,2013
201580,1433.4116666666666,2013
203109,1353.165,2013
2224,1220.5366666666666,2013
2037,2230.32,2013
2749,1977.055,2013
202341,401.24666666666667,2013
201935,2984.5183333333334,2013
201949,878.4333333333333,2013
2592,220.57333333333332,2013
200778,435.40833333333336,2013
202686,601.365,2013
2457,507.4433333333333,2013
203099,25.685,2013
201162,2169.9733333333334,2013
2407,349.81333333333333,2013
203096,891.5316666666666,2013
101127,2348.576666666667,2013
202363,58.21666666666667,2013
2215,384.6333333333333,2013
467,2042.5966666666666,2013
101131,1788.8116666666667,2013
2202,936.4816666666667,2013
201160,875.635,2013
1891,2123.6183333333333,2013
201574,2284.69,2013
202399,713.0083333333333,2013
201965,369.1333333333333,2013
201145,2251.475,2013
201952,2628.4383333333335,2013
203106,1507.4416666666666,2013
202379,215.06833333333333,2013
203087,146.59166666666667,2013
202391,2639.955,2013
202951,655.1233333333333,2013
202719,68.41333333333333,2013
979,1028.725,2013
711,543.6816666666666,2013
201573,1764.715,2013
202690,966.5166666666667,2013
202710,2133.5733333333333,2013
201149,2426.2616666666668,2013
201975,1663.23,2013
2207,2642.0616666666665,2013
201202,566.1766666666666,2013
200777,477.33666666666664,2013
2038,68.08333333333333,2013
101130,351.71,2013
203089,827.1483333333333,2013
203098,901.8283333333334,2013
101249,827.1416666666667,2013
2422,2278.3783333333336,2013
202322,1602.125,2013
202720,186.54166666666666,2013
201973,891.6283333333333,2013
202685,1481.5983333333334,2013
202348,1708.5283333333334,2013
202706,396.58,2013
201941,457.97333333333336,2013
101181,2159.3866666666668,2013
203006,8.703333333333333,2013
2735,100.11833333333334,2013
202725,30.661666666666665,2013
2572,207.15666666666667,2013
201177,1487.4433333333334,2013
202729,58.836666666666666,2013
2746,2682.855,2013
201950,2925.575,2013
202933,27.8,2013
202458,4.366666666666666,2013
203200,142.00333333333333,2013
436,50.666666666666664,2013
202695,1810.1316666666667,2013
2586,1408.0,2013
202689,2858.7,2013
203088,702.34,2013
2570,1954.2783333333334,2013
202702,2247.5783333333334,2013
203145,266.8183333333333,2013
2030,431.28333333333336,2013
201142,3118.8166666666666,2013
708,2022.23,2013
203158,334.01666666666665,2013
201567,617.9616666666667,2013
2755,2136.2466666666664,2013
203122,52.388333333333335,2013
202338,1720.8183333333334,2013
2039,81.68666666666667,2013
203114,475.41833333333335,2013
203119,406.56666666666666,2013
2550,1764.375,2013
202691,2935.943333333333,2013
977,3012.6133333333332,2013
201585,1817.12,2013
2743,1191.1833333333334,2013
203126,53.901666666666664,2013
703,392.39,2013
2198,269.475,2013
2594,2258.735,2013
200768,2020.1933333333334,2013
203124,637.9166666666666,2013
202713,2292.923333333333,2013
202681,2047.8716666666667,2013
200746,2789.92,2013
1885,1615.9766666666667,2013
202362,2278.1016666666665,2013
202498,646.1666666666666,2013
202361,1036.69,2013
202336,1937.4466666666667,2013
202730,1668.7016666666666,2013
202351,31.073333333333334,2013
2544,2877.055,2013
2571,512.785,2013
101132,375.965,2013
200811,371.455,2013
101150,1119.0233333333333,2013
201601,1326.18,2013
2449,2184.215,2013
202337,730.375,2013
2557,2474.1233333333334,2013
2575,857.18,2013
202545,58.178333333333335,2013
2736,2902.8733333333334,2013
203146,201.955,2013
202723,288.64,2013
202952,56.78,2013
1938,1393.2166666666667,2013
202705,911.7816666666666,2013
201188,2796.05,2013
101162,1875.7516666666668,2013
201158,1881.545,2013
948,250.43666666666667,2013
202694,1523.91,2013
201977,1726.4066666666668,2013
201596,2067.508333333333,2013
202693,1836.9816666666666,2013
2605,1085.0866666666666,2013
203104,391.9216666666667,2013
201578,1300.0066666666667,2013
101110,2200.0866666666666,2013
101107,1727.1516666666666,2013
2440,2057.915,2013
2588,908.5533333333333,2013
2679,5.85,2013
203090,1973.605,2013
1897,2529.635,2013
203086,1206.2516666666668,2013
201563,1554.0566666666666,2013
203077,2024.7633333333333,2013
101153,643.955,2013
2554,386.32,2013
201144,2756.575,2013
2399,1942.55,2013
2229,861.8083333333333,2013
2034,899.6433333333333,2013
203118,375.72833333333335,2013
203101,55.03333333333333,2013
203141,499.425,2013
2590,1417.77,2013
101145,3076.403333333333,2013
201986,920.2916666666666,2013
101126,2086.258333333333,2013
1737,692.9283333333333,2013
2403,1659.29,2013
2555,1582.9033333333334,2013
201156,1411.285,2013
201587,2806.5633333333335,2013
201593,1959.3783333333333,2013
202696,2559.133333333333,2013
202701,287.64,2013
202708,1590.18,2013
201564,2913.235,2013
201600,2464.0533333333333,2013
201956,502.66833333333335,2013
203111,618.6566666666666,2013
200782,1910.4333333333334,2013
203143,1263.0816666666667,2013
201976,712.5916666666667,2013
202335,1774.92,2013
201988,656.3833333333333,2013
2200,1654.9566666666667,2013
202331,2971.8933333333334,2013
200794,2374.7683333333334,2013
1718,2575.1366666666668,2013
203103,279.8666666666667,2013
2047,28.916666666666668,2013
203112,342.33666666666664,2013
203113,25.683333333333334,2013
202347,1243.185,2013
200765,1422.775,2013
201196,1651.56,2013
200751,2248.9066666666668,2013
1740,791.9816666666667,2013
739,296.04,2013
951,2035.2516666666668,2013
101109,2312.8083333333334,2013
2501,1967.2233333333334,2013
202704,992.6083333333333,2013
202130,379.95666666666665,2013
1888,1087.9133333333334,2013
2210,568.3633333333333,2013
201937,1690.9083333333333,2013
203135,203.445,2013
201577,2135.7633333333333,2013
201155,2171.0933333333332,2013
201958,549.2833333333333,2013
2427,1218.5083333333334,2013
200758,852.3066666666666,2013
101179,509.84166666666664,2013
101142,700.7,2013
201579,2268.77,2013
2767,698.445,2013
200752,2687.0133333333333,2013
201566,2860.98,2013
201583,2502.7683333333334,2013
200797,663.2466666666667,2013
201970,692.915,2013
202396,195.54666666666665,2013
2223,764.6866666666666,2013
2562,527.5066666666667,2013
203159,21.25,2013
2742,980.08,2013
201586,2486.3283333333334,2013
2203,1786.2616666666668,2013
200769,1401.9933333333333,2013
2733,1454.79,2013
101183,198.07166666666666,2013
1890,2010.2783333333334,2013
202714,415.99,2013
200780,26.05,2013
201150,2233.32,2013
201939,2982.555,2013
1536,1075.085,2013
2581,1174.7633333333333,2013
959,1626.795,2013
200779,1640.6916666666666,2013
201959,1459.3766666666668,2013
2419,2631.605,2013
202227,137.15166666666667,2013
203093,275.7,2013
203082,1239.2683333333334,2013
201944,317.99833333333333,2013
200757,2228.745,2013
201152,2628.5383333333334,2013
203080,1055.715,2013
201168,1997.015,2013
1495,2078.0316666666668,2013
203317,11.733333333333333,2013
202389,366.2083333333333,2013
202699,1298.595,2013
201962,1288.01,2013
2754,2109.095,2013
2225,2173.89,2013
203100,271.94666666666666,2013
203129,92.69166666666666,2013
2566,443.79333333333335,2013
2772,1470.705,2013
202344,886.885,2013
202684,2564.161666666667,2013
2211,255.96666666666667,2013
201951,2512.67,2013
201946,1365.5366666666666,2013
202715,31.503333333333334,2013
203092,2033.1783333333333,2013
201936,2016.0633333333333,2013
200748,359.94666666666666,2013
203116,220.50333333333333,2013
2199,2163.53,2013
2617,1413.8416666666667,2013
203139,223.71333333333334,2013
201964,812.1216666666667,2013
1713,2092.75,2013
2209,143.605,2013
201961,1660.835,2013
202325,952.5833333333334,2013
202083,2402.6383333333333,2013
203115,893.77,2013
101198,1219.165,2013
101215,20.436666666666667,2013
2584,1187.7816666666668,2013
201163,1079.3616666666667,2013
202333,625.1366666666667,2013
2216,2606.991666666667,2013
2585,1134.3116666666667,2013
201985,99.36833333333334,2014
201166,1557.2716666666668,2014
201189,354.375,2014
203519,37.583333333333336,2014
1733,511.365,2014
201143,957.73,2014
2744,2553.2383333333332,2014
202329,2045.4266666666667,2014
101187,1772.51,2014
202692,2193.108333333333,2014
203458,362.28333333333336,2014
203144,664.0566666666666,2014
201582,950.5783333333334,2014
203459,99.77833333333334,2014
202087,1019.735,2014
2405,1466.185,2014
101161,2213.8783333333336,2014
2760,1800.2383333333332,2014
101154,1618.1283333333333,2014
203083,2619.0783333333334,2014
2738,2039.7083333333333,2014
1889,981.8766666666667,2014
203460,399.04333333333335,2014
200745,1257.12,2014
1905,857.3083333333333,2014
101106,1769.4083333333333,2014
101115,515.5116666666667,2014
203094,1173.5333333333333,2014
2740,44.583333333333336,2014
1712,247.55666666666667,2014
203461,662.6383333333333,2014
203076,2357.7716666666665,2014
201627,1425.7533333333333,2014
201576,527.0033333333333,2014
201229,1298.1016666666667,2014
203462,532.88,2014
202620,30.15,2014
203102,187.06,2014
203382,490.80833333333334,2014
201167,2552.3416666666667,2014
201948,148.22333333333333,2014
203085,1338.685,2014
202340,1855.095,2014
2732,278.76166666666666,2014
203463,2186.9066666666668,2014
2757,642.9166666666666,2014
203108,146.005,2014
202687,1072.4566666666667,2014
201933,2863.3016666666667,2014
2564,1974.0716666666667,2014
203078,2530.0183333333334,2014
201148,1077.385,2014
101138,2266.3983333333335,2014
203561,575.0283333333333,2014
201943,2728.1133333333332,2014
202688,2400.0833333333335,2014
201575,417.9683333333333,2014
203148,1666.8083333333334,2014
201572,533.41,2014
201957,414.41833333333335,2014
201228,1193.2816666666668,2014
203468,475.74,2014
101139,984.1233333333333,2014
201171,232.96666666666667,2014
2430,2141.1233333333334,2014
2546,2981.7316666666666,2014
2406,1419.05,2014
203467,38.1,2014
201858,869.835,2014
203810,115.76333333333334,2014
202718,2782.5783333333334,2014
101112,2312.305,2014
101111,179.67666666666668,2014
201978,750.7866666666666,2014
1497,309.47,2014
2365,1396.0216666666668,2014
203569,132.33,2014
2547,2531.3516666666665,2014
203142,264.61,2014
201604,1015.52,2014
203187,789.1483333333333,2014
2549,735.975,2014
101108,2170.983333333333,2014
202698,249.96833333333333,2014
203147,1.9566666666666668,2014
202874,125.50666666666666,2014
101236,753.3616666666667,2014
203469,1416.6816666666666,2014
202332,330.01666666666665,2014
201147,2609.3533333333335,2014
202709,935.98,2014
201584,1972.9633333333334,2014
201571,1938.6433333333334,2014
203474,14.631666666666666,2014
201591,10.183333333333334,2014
203081,2936.615,2014
202345,50.355,2014
202350,250.80333333333334,2014
101122,847.5983333333334,2014
201980,1651.1,2014
201967,1634.84,2014
203130,15.295,2014
203121,722.7633333333333,2014
202721,312.815,2014
201589,1161.105,2014
201954,2069.306666666667,2014
101135,2288.3033333333333,2014
2561,2472.145,2014
201599,2870.435,2014
202732,1.4,2014
201971,1213.8233333333333,2014
201942,3016.6266666666666,2014
202326,2297.9416666666666,2014
201960,2340.505,2014
203471,641.4083333333333,2014
965,1428.0216666666668,2014
101114,2059.345,2014
202324,2201.193333333333,2014
201565,310.8883333333333,2014
202682,1820.2016666666666,2014
2734,817.7933333333333,2014
203473,390.42333333333335,2014
202354,2.94,2014
203197,1047.5716666666667,2014
203079,2072.03,2014
202091,197.87333333333333,2014
1717,2628.068333333333,2014
202388,392.1766666666667,2014
202700,952.1983333333334,2014
2748,984.49,2014
203117,694.81,2014
203110,1796.7416666666666,2014
2400,395.1016666666667,2014
202779,146.03166666666667,2014
2730,2396.411666666667,2014
2548,1774.6533333333334,2014
202734,1505.7283333333332,2014
201947,768.4383333333334,2014
2248,160.59333333333333,2014
202334,956.0833333333334,2014
202327,803.7833333333333,2014
203548,11.383333333333333,2014
202343,1157.2016666666666,2014
1882,1413.6583333333333,2014
202683,2138.16,2014
202339,1416.4733333333334,2014
201569,2057.2766666666666,2014
201953,326.6766666666667,2014
203513,62.151666666666664,2014
101141,1478.505,2014
203095,1503.48,2014
202323,2456.9616666666666,2014
101128,1083.25,2014
203539,291.69166666666666,2014
202066,638.075,2014
202390,1113.4816666666666,2014
201588,2433.6883333333335,2014
101123,2329.8783333333336,2014
201945,2460.6233333333334,2014
2222,1416.22,2014
203507,1896.8083333333334,2014
203540,237.54666666666665,2014
201175,1661.88,2014
203318,108.63,2014
201609,2667.9933333333333,2014
202330,2799.635,2014
203476,817.8233333333334,2014
202328,2689.4483333333333,2014
201141,212.145,2014
202962,100.295,2014
201880,1006.5066666666667,2014
202349,1778.8983333333333,2014
202970,429.25,2014
202380,74.25333333333333,2014
203084,2203.7566666666667,2014
201934,192.41333333333333,2014
2045,391.885,2014
203156,875.0333333333333,2014
200756,96.605,2014
203138,1741.695,2014
203546,171.59666666666666,2014
101133,1247.8033333333333,2014
202697,1962.2566666666667,2014
203477,252.245,2014
202738,2497.285,2014
202397,1006.4666666666667,2014
200826,1471.3183333333334,2014
201581,1859.445,2014
200755,987.285,2014
2747,2421.213333333333,2014
201580,79.49,2014
203109,1253.5,2014
203479,161.52333333333334,2014
2224,110.2,2014
2037,2094.3016666666667,2014
2749,2178.983333333333,2014
202341,2309.245,2014
201935,2777.46,2014
201949,956.3166666666667,2014
2592,235.72833333333332,2014
203263,165.45166666666665,2014
203480,29.933333333333334,2014
202686,776.3783333333333,2014
2457,241.74833333333333,2014
203099,80.145,2014
201162,1728.9716666666666,2014
203096,2041.2316666666666,2014
101127,2252.11,2014
202363,339.34,2014
2215,172.10833333333332,2014
101131,488.4716666666667,2014
201160,830.1033333333334,2014
1891,570.315,2014
201574,2006.6666666666667,2014
202399,961.9283333333333,2014
201965,952.255,2014
201145,2805.3,2014
201952,2541.9216666666666,2014
203481,684.4133333333333,2014
203106,629.2033333333334,2014
202379,1209.4066666666668,2014
203087,1537.855,2014
202391,2054.025,2014
202719,397.52166666666665,2014
979,883.3233333333334,2014
201573,1685.7433333333333,2014
202690,518.655,2014
202710,2590.4933333333333,2014
201149,2819.695,2014
201975,2556.0116666666668,2014
2207,2574.6066666666666,2014
201202,186.135,2014
200777,727.2383333333333,2014
203089,1856.3733333333332,2014
203098,157.55666666666667,2014
101249,591.445,2014
2422,1725.77,2014
202322,2979.865,2014
202720,641.6566666666666,2014
201973,741.085,2014
202685,2282.21,2014
202348,1859.545,2014
200770,912.3166666666667,2014
202706,1019.6566666666666,2014
201941,1499.7583333333334,2014
203268,244.03666666666666,2014
101181,2468.28,2014
2735,23.843333333333334,2014
202725,317.37666666666667,2014
201177,2360.048333333333,2014
2694,19.366666666666667,2014
2746,2730.2766666666666,2014
201950,1143.4083333333333,2014
202933,120.07333333333334,2014
203120,72.14666666666666,2014
202695,1922.575,2014
2586,55.21333333333333,2014
203482,1399.955,2014
202689,2613.965,2014
203088,1563.8466666666666,2014
2570,1206.5866666666666,2014
202702,2178.0733333333333,2014
203145,911.1516666666666,2014
203484,1582.5133333333333,2014
2030,632.955,2014
201142,3121.7066666666665,2014
708,1108.5533333333333,2014
201567,2796.5,2014
2755,2176.9183333333335,2014
202338,578.425,2014
203114,2460.3866666666668,2014
2550,2116.4066666666668,2014
202691,2867.7883333333334,2014
977,177.28333333333333,2014
201585,1349.365,2014
2743,1375.8383333333334,2014
2594,2408.4533333333334,2014
200768,2861.951666666667,2014
203124,1188.075,2014
202713,2337.415,2014
202681,2495.67,2014
200746,2498.891666666667,2014
202362,2752.04,2014
202498,42.23166666666667,2014
202361,322.195,2014
202336,584.4316666666666,2014
202730,1071.4583333333333,2014
2544,2901.87,2014
2571,367.605,2014
203485,223.75,2014
200811,184.67,2014
101150,1444.6516666666666,2014
201601,1003.0233333333333,2014
2449,1399.125,2014
202337,473.39,2014
2557,1140.5216666666668,2014
2736,2212.6666666666665,2014
203146,9.373333333333333,2014
202952,62.725,2014
202412,179.705,2014
1938,1550.4516666666666,2014
202705,316.61,2014
201188,1970.2316666666666,2014
101162,2654.975,2014
201158,2015.825,2014
202694,1799.8816666666667,2014
201977,1740.6733333333334,2014
201596,2178.1366666666668,2014
202693,2153.1,2014
203104,442.415,2014
201578,982.23,2014
101110,2157.115,2014
101107,1673.5816666666667,2014
203486,1274.7616666666668,2014
2440,1735.2366666666667,2014
2588,690.0433333333333,2014
203521,1271.07,2014
203090,1949.6066666666666,2014
2408,27.25,2014
1897,388.2033333333333,2014
203086,355.21166666666664,2014
201563,831.4216666666666,2014
203487,2413.9133333333334,2014
203077,1502.0683333333334,2014
201144,2445.8783333333336,2014
2399,2583.715,2014
200839,224.78666666666666,2014
2229,77.10666666666667,2014
2034,1706.48,2014
203488,214.97,2014
203118,1481.815,2014
203101,1963.7183333333332,2014
203545,464.5466666666667,2014
203141,1395.5883333333334,2014
2590,1833.2366666666667,2014
101145,3022.555,2014
201203,11.483333333333333,2014
201986,494.37,2014
101126,866.0783333333334,2014
203489,1309.3583333333333,2014
1737,562.4383333333334,2014
203517,142.35666666666665,2014
2403,1560.385,2014
201979,1172.575,2014
2555,1353.1766666666667,2014
201156,1809.4866666666667,2014
201587,2955.9783333333335,2014
201593,1663.4366666666667,2014
202696,1812.265,2014
202708,2014.34,2014
201564,1346.11,2014
203136,92.46666666666667,2014
201600,968.0883333333334,2014
201956,1282.8333333333333,2014
203111,392.375,2014
201785,46.70166666666667,2014
203490,318.9533333333333,2014
200782,2490.1266666666666,2014
203143,1282.5233333333333,2014
201976,1750.7,2014
202335,1532.46,2014
201988,1527.4633333333334,2014
2200,1884.2216666666666,2014
202331,2898.3083333333334,2014
200794,2481.6683333333335,2014
1718,2098.0383333333334,2014
203544,924.8083333333333,2014
203103,764.4866666666667,2014
203491,224.34,2014
203515,1131.6466666666668,2014
203112,847.695,2014
203113,789.1016666666667,2014
202347,270.30833333333334,2014
200765,998.2316666666667,2014
201196,2214.036666666667,2014
200751,2484.971666666667,2014
1740,971.005,2014
2446,378.22833333333335,2014
951,1935.765,2014
203492,896.705,2014
101109,2017.31,2014
203493,395.5733333333333,2014
2501,898.9816666666667,2014
202704,2277.47,2014
202130,16.683333333333334,2014
2210,2212.5833333333335,2014
203495,33.18,2014
201937,2637.8933333333334,2014
203133,655.1533333333333,2014
203496,33.83,2014
203135,1088.8,2014
201577,2603.616666666667,2014
201155,1950.3833333333334,2014
2427,259.98833333333334,2014
200758,160.28833333333333,2014
101179,376.90833333333336,2014
101142,605.645,2014
201579,2408.9616666666666,2014
2767,4.8,2014
203091,8.906666666666666,2014
200752,2530.7266666666665,2014
203497,433.69166666666666,2014
201566,1411.7033333333334,2014
201583,794.7533333333333,2014
101155,34.25,2014
200797,481.7916666666667,2014
203527,1311.8666666666666,2014
2223,1613.68,2014
2756,10.386666666666667,2014
203816,6.766666666666667,2014
201586,2665.9333333333334,2014
203508,155.82333333333332,2014
203552,12.916666666666666,2014
203498,289.9483333333333,2014
2203,1467.5833333333333,2014
202197,11.766666666666667,2014
203499,489.43833333333333,2014
200769,251.28666666666666,2014
2733,1974.1433333333334,2014
101183,94.94833333333334,2014
1890,2408.693333333333,2014
200761,750.7683333333333,2014
202714,1490.4016666666666,2014
203524,225.59,2014
200780,85.19833333333334,2014
201150,2469.5833333333335,2014
201939,2845.858333333333,2014
1536,106.785,2014
2581,1498.1683333333333,2014
959,312.61833333333334,2014
200779,540.375,2014
203500,1197.3233333333333,2014
201959,2351.11,2014
2419,1948.375,2014
203093,2078.06,2014
203082,2159.0916666666667,2014
200757,1584.095,2014
201152,2717.6116666666667,2014
203080,872.975,2014
201168,1271.165,2014
1495,2158.1583333333333,2014
203501,1875.4783333333332,2014
202389,1770.04,2014
202699,1849.545,2014
201962,674.6916666666667,2014
2754,1278.205,2014
203502,79.12833333333333,2014
203183,9.75,2014
2225,1996.9283333333333,2014
203503,1230.7066666666667,2014
203100,1764.6683333333333,2014
203129,154.80666666666667,2014
203315,372.44166666666666,2014
2566,1065.04,2014
2772,2722.54,2014
202344,1553.4216666666666,2014
203504,2262.43,2014
202684,2593.6116666666667,2014
203584,74.8,2014
201951,2221.5033333333336,2014
201946,978.03,2014
203092,1049.4083333333333,2014
201936,2027.8416666666667,2014
203116,270.19166666666666,2014
2199,1661.9133333333334,2014
2617,652.87,2014
203505,14.666666666666666,2014
203139,59.46666666666667,2014
201964,183.73833333333334,2014
203506,2486.4933333333333,2014
1713,1972.9566666666667,2014
203543,487.615,2014
201961,392.95,2014
202325,2240.0016666666666,2014
202083,2780.26,2014
203115,386.63666666666666,2014
101198,1054.1483333333333,2014
2584,869.25,2014
201163,1926.72,2014
202333,908.1766666666666,2014
2216,2705.005,2014
2585,1324.575,2014
201985,323.49,2015
201166,1884.6133333333332,2015
203932,796.925,2015
203940,739.6383333333333,2015
201143,2318.1666666666665,2015
2744,1991.7733333333333,2015
202329,1365.7883333333334,2015
101187,1744.2983333333334,2015
202692,899.0716666666667,2015
203945,13.985,2015
203458,1518.0,2015
203144,767.24,2015
201582,956.5366666666666,2015
203459,682.9983333333333,2015
202087,661.4866666666667,2015
2405,1244.375,2015
101161,1978.75,2015
2760,635.6016666666667,2015
203958,21.678333333333335,2015
203083,2501.858333333333,2015
2738,2068.5933333333332,2015
1889,1253.2716666666668,2015
203460,1286.1133333333332,2015
200745,785.3416666666667,2015
1905,36.39666666666667,2015
101106,1582.5333333333333,2015
203094,492.0966666666667,2015
203952,2968.7966666666666,2015
203461,893.825,2015
203076,2454.695,2015
201627,1805.6133333333332,2015
201229,1432.785,2015
203462,534.8316666666667,2015
202620,68.25833333333334,2015
203382,1122.34,2015
201167,2501.548333333333,2015
201948,343.99333333333334,2015
203085,1562.99,2015
202340,2427.5466666666666,2015
2732,790.3716666666667,2015
203463,2670.105,2015
2757,1494.4666666666667,2015
203108,157.65333333333334,2015
202687,1243.1016666666667,2015
201933,2355.7883333333334,2015
202711,1853.8583333333333,2015
2564,1984.3,2015
203078,2107.4366666666665,2015
201148,1448.5733333333333,2015
101138,1928.67,2015
203561,422.845,2015
201943,1172.8066666666666,2015
202688,2035.1916666666666,2015
201575,271.06333333333333,2015
2217,119.03,2015
203148,1329.9366666666667,2015
201572,2100.275,2015
203998,23.416666666666668,2015
203955,159.38666666666666,2015
201228,1421.9516666666666,2015
203912,100.56666666666666,2015
203468,973.0983333333334,2015
101139,1841.0616666666667,2015
203946,63.531666666666666,2015
201171,1191.7133333333334,2015
2430,1691.71,2015
2546,1427.625,2015
2406,1623.4583333333333,2015
201858,198.20666666666668,2015
202718,2186.175,2015
101112,1869.7166666666667,2015
101111,678.1,2015
201978,1285.88,2015
2365,1131.71,2015
2547,1555.965,2015
203142,827.485,2015
201604,102.53833333333333,2015
203187,526.765,2015
2549,1398.1716666666666,2015
101108,2857.2433333333333,2015
101236,255.35166666666666,2015
203921,647.045,2015
203991,89.63833333333334,2015
203469,1486.685,2015
202332,976.2983333333333,2015
201147,2087.385,2015
203928,531.1583333333333,2015
202709,1443.6883333333333,2015
201584,2354.4266666666667,2015
201571,1963.785,2015
2563,123.33,2015
203081,2924.565,2015
204014,1047.395,2015
201568,1425.8316666666667,2015
101122,612.7416666666667,2015
201980,2311.4883333333332,2015
201967,1652.185,2015
203957,1817.05,2015
203121,43.36666666666667,2015
202721,299.22833333333335,2015
201589,987.855,2015
201954,1564.7233333333334,2015
101135,904.3733333333333,2015
204065,33.083333333333336,2015
204033,6.966666666666667,2015
2561,1895.31,2015
201599,2820.0416666666665,2015
201971,180.36833333333334,2015
201942,2100.2716666666665,2015
202326,2013.1816666666666,2015
201960,2188.548333333333,2015
203471,1516.0566666666666,2015
101114,2114.036666666667,2015
202324,2279.61,2015
201565,1529.8816666666667,2015
202682,1461.67,2015
2734,1685.15,2015
203906,208.16166666666666,2015
203473,845.0616666666666,2015
203079,2208.05,2015
1717,2281.625,2015
202388,1106.74,2015
202700,2036.9683333333332,2015
2748,592.4866666666667,2015
203926,320.8333333333333,2015
203110,2489.991666666667,2015
2400,863.73,2015
204079,71.185,2015
202779,122.72833333333334,2015
2730,1222.7733333333333,2015
203939,236.35166666666666,2015
2548,1970.8766666666668,2015
202734,504.28833333333336,2015
2853,142.83833333333334,2015
201947,93.11666666666666,2015
202334,1840.0333333333333,2015
202327,128.45,2015
203901,2488.6666666666665,2015
202407,923.5983333333334,2015
202343,118.755,2015
1882,485.67333333333335,2015
202683,2135.64,2015
202339,2799.5733333333333,2015
201569,2018.1116666666667,2015
203961,2.078333333333333,2015
203475,409.8883333333333,2015
101141,1319.0066666666667,2015
203095,1661.16,2015
202323,2259.7166666666667,2015
203105,503.625,2015
101128,200.40166666666667,2015
203128,540.4933333333333,2015
203539,43.48166666666667,2015
202066,735.48,2015
203914,718.955,2015
202390,1192.3266666666666,2015
201588,1267.1283333333333,2015
101123,1446.1833333333334,2015
201945,2315.055,2015
2222,286.1483333333333,2015
203507,2540.59,2015
203540,209.21833333333333,2015
201175,904.0383333333333,2015
203318,42.60333333333333,2015
203922,260.77166666666665,2015
201609,2640.0233333333335,2015
202330,2617.51,2015
203476,2193.028333333333,2015
203511,50.931666666666665,2015
202328,2137.1966666666667,2015
202962,362.805,2015
201880,65.60166666666667,2015
202349,1990.645,2015
203084,2318.3316666666665,2015
202355,1142.2066666666667,2015
2045,704.6083333333333,2015
203156,1398.6116666666667,2015
201611,627.5483333333333,2015
203138,1775.97,2015
203546,192.19166666666666,2015
101133,1145.8516666666667,2015
202697,1544.63,2015
203477,937.955,2015
202738,1726.055,2015
202397,831.4566666666667,2015
200826,1361.685,2015
201581,1411.2733333333333,2015
200755,2409.0783333333334,2015
2747,2079.4566666666665,2015
203960,1131.1833333333334,2015
203210,163.93,2015
201580,256.02166666666665,2015
203913,568.3616666666667,2015
203953,738.435,2015
204022,87.145,2015
203109,1646.6283333333333,2015
203479,13.178333333333333,2015
2037,1703.0366666666666,2015
2749,1406.015,2015
203516,1051.41,2015
201935,2980.865,2015
201949,1369.9533333333334,2015
2592,669.3716666666667,2015
203949,137.17,2015
203923,332.075,2015
2457,73.185,2015
203099,89.00333333333333,2015
201162,1716.7533333333333,2015
203096,1566.3483333333334,2015
203950,126.14166666666667,2015
101127,2240.8783333333336,2015
101131,877.9033333333333,2015
2202,416.46166666666664,2015
201160,1784.8666666666666,2015
1891,1641.26,2015
201574,1990.995,2015
202399,215.33166666666668,2015
201965,382.77,2015
201145,2454.7733333333335,2015
201952,2227.8616666666667,2015
203481,258.585,2015
203106,430.40833333333336,2015
203924,1376.5483333333334,2015
202077,36.333333333333336,2015
202379,265.81333333333333,2015
203087,632.6633333333333,2015
202391,1906.7233333333334,2015
202366,383.00666666666666,2015
203968,2.723333333333333,2015
201573,1717.3783333333333,2015
202690,508.9633333333333,2015
202710,2513.4733333333334,2015
201149,2048.645,2015
201975,1462.3716666666667,2015
203925,492.99,2015
204060,1672.6033333333332,2015
2207,2790.8733333333334,2015
201202,406.44,2015
200777,616.655,2015
201595,854.33,2015
203530,267.9533333333333,2015
203089,1228.465,2015
203098,297.12333333333333,2015
101249,271.735,2015
2422,269.695,2015
202322,2836.5333333333333,2015
203948,367.62666666666667,2015
202720,824.0133333333333,2015
201973,1230.16,2015
202685,2095.9133333333334,2015
203919,248.41833333333332,2015
203903,1475.8233333333333,2015
200770,529.44,2015
202706,122.07,2015
201941,1874.29,2015
203268,174.405,2015
101181,1270.2283333333332,2015
201177,295.8933333333333,2015
2746,2300.5216666666665,2015
201950,1303.0033333333333,2015
203944,13.566666666666666,2015
203120,712.5566666666666,2015
203200,657.4533333333334,2015
203994,1103.2583333333334,2015
203909,1351.895,2015
203564,5.53,2015
202695,2032.9,2015
203482,1423.4466666666667,2015
202689,2118.6033333333335,2015
203088,417.45,2015
2570,1148.2933333333333,2015
202702,2085.905,2015
203145,1323.49,2015
203484,2586.805,2015
2030,104.065,2015
201142,912.615,2015
708,952.4616666666667,2015
201567,2531.765,2015
2755,1302.4666666666667,2015
202338,1235.1366666666668,2015
203114,2378.1183333333333,2015
2550,1609.9666666666667,2015
202691,2454.59,2015
977,1206.8683333333333,2015
201585,1348.2466666666667,2015
203123,795.43,2015
2743,1344.9566666666667,2015
203937,358.08,2015
2594,2417.7816666666668,2015
200768,2414.4,2015
203124,823.9066666666666,2015
202713,1743.6383333333333,2015
202681,2729.8633333333332,2015
200746,2511.588333333333,2015
202362,1573.2383333333332,2015
202498,1490.645,2015
202361,216.47333333333333,2015
204038,1457.4033333333334,2015
203580,219.10666666666665,2015
202336,585.5616666666666,2015
202730,1070.0483333333334,2015
2544,2493.4216666666666,2015
2571,982.1566666666666,2015
201991,55.553333333333335,2015
203485,548.6133333333333,2015
200811,937.2516666666667,2015
101150,2015.515,2015
201601,1916.3766666666668,2015
203512,23.05,2015
2449,1659.0633333333333,2015
202337,829.5733333333334,2015
2557,682.925,2015
2736,2420.556666666667,2015
202723,2.0166666666666666,2015
202952,194.28,2015
1938,1586.8683333333333,2015
201188,2687.03,2015
101162,2452.7166666666667,2015
201158,1388.3433333333332,2015
202694,2045.0033333333333,2015
203935,1808.2266666666667,2015
201977,720.5916666666667,2015
201596,2368.358333333333,2015
203900,781.4166666666666,2015
202693,2580.6883333333335,2015
201578,1206.9533333333334,2015
101110,351.62833333333333,2015
101107,2034.6916666666666,2015
203486,1742.62,2015
2440,2271.2233333333334,2015
2588,935.465,2015
203521,1380.2333333333333,2015
203090,674.2233333333334,2015
203086,846.585,2015
201563,504.805,2015
203487,2149.943333333333,2015
203077,1587.37,2015
201144,2224.985,2015
2399,1837.7966666666666,2015
2034,701.18,2015
203488,502.14,2015
203118,1123.0566666666666,2015
203101,1194.2366666666667,2015
203545,22.75,2015
203141,892.3683333333333,2015
203956,484.935,2015
2590,1980.1666666666667,2015
101145,2699.245,2015
101126,590.9333333333333,2015
203489,246.67833333333334,2015
1737,128.04333333333332,2015
2403,1693.4733333333334,2015
203457,2311.2366666666667,2015
201979,837.9366666666666,2015
2555,1100.7333333333333,2015
203910,262.34833333333336,2015
201156,1000.18,2015
201587,2380.0933333333332,2015
203917,1126.52,2015
202703,1654.1216666666667,2015
201593,815.0616666666666,2015
202696,2528.6633333333334,2015
203943,258.51666666666665,2015
202708,1831.1083333333333,2015
201564,1697.365,2015
203136,71.73666666666666,2015
201600,1981.8083333333334,2015
201956,1416.3816666666667,2015
203490,1432.055,2015
200782,2383.45,2015
203798,687.2733333333333,2015
203143,1196.6283333333333,2015
201976,1726.6783333333333,2015
203565,28.733333333333334,2015
202335,2156.29,2015
201988,801.33,2015
2200,2680.7433333333333,2015
202331,90.91666666666667,2015
200794,2389.5333333333333,2015
1718,1913.665,2015
203544,1037.2133333333334,2015
203103,631.1616666666666,2015
203515,600.1483333333333,2015
203112,1287.0816666666667,2015
203113,119.73166666666667,2015
202347,1793.4766666666667,2015
200765,2018.8216666666667,2015
201196,1188.0733333333333,2015
200751,1086.48,2015
2446,1504.6316666666667,2015
203492,1435.7916666666667,2015
101109,281.39,2015
203493,337.88166666666666,2015
2501,763.8416666666667,2015
202704,2268.2433333333333,2015
202130,105.065,2015
2210,1244.1483333333333,2015
203495,244.04166666666666,2015
201937,692.1266666666667,2015
203133,741.79,2015
203496,1955.9216666666666,2015
203135,1133.3183333333334,2015
201577,1637.8583333333333,2015
203918,1064.38,2015
201155,1873.5033333333333,2015
101179,982.0733333333334,2015
101142,19.366666666666667,2015
201579,1926.425,2015
200752,2408.2483333333334,2015
203497,2158.425,2015
203893,65.06666666666666,2015
201566,2301.8233333333333,2015
201583,1674.66,2015
200797,441.0783333333333,2015
203527,1233.2366666666667,2015
2223,543.5833333333334,2015
203930,71.515,2015
2742,327.0833333333333,2015
201586,2115.785,2015
203508,555.2233333333334,2015
203552,7.8,2015
203498,865.6233333333333,2015
203894,1011.58,2015
203499,1864.575,2015
200769,88.76,2015
2733,1468.2283333333332,2015
101183,126.24666666666667,2015
1890,1100.8383333333334,2015
200761,1086.6966666666667,2015
203963,108.16166666666666,2015
202714,832.7683333333333,2015
204021,2.685,2015
203524,2380.963333333333,2015
203915,455.26166666666666,2015
201150,1274.02,2015
201939,2613.2,2015
2581,1529.1816666666666,2015
200779,197.145,2015
203500,1770.55,2015
203933,614.13,2015
201959,1691.9033333333334,2015
204028,1195.3133333333333,2015
2419,1396.7416666666666,2015
203093,889.4716666666667,2015
203082,2091.7683333333334,2015
200757,975.6566666666666,2015
201152,2433.9816666666666,2015
203080,797.7066666666667,2015
201168,1029.815,2015
1495,2226.8016666666667,2015
204025,239.49833333333333,2015
203501,1681.2633333333333,2015
202389,2045.53,2015
202699,2369.1366666666668,2015
201962,176.56666666666666,2015
2754,1647.6983333333333,2015
2225,1952.615,2015
203503,1412.1583333333333,2015
203100,894.57,2015
203315,18.125,2015
204037,671.9933333333333,2015
2772,2930.12,2015
202344,1563.8333333333333,2015
203504,2287.8416666666667,2015
202684,2193.9383333333335,2015
203584,397.39666666666665,2015
201951,2665.411666666667,2015
203898,411.42333333333335,2015
201946,1057.6,2015
204020,602.9966666666667,2015
203092,1730.775,2015
201936,2689.8166666666666,2015
200748,6.516666666666667,2015
2199,2285.84,2015
2617,994.8116666666666,2015
203505,73.71666666666667,2015
201964,75.98333333333333,2015
203506,2572.7883333333334,2015
1713,1091.2433333333333,2015
201961,1674.6383333333333,2015
202325,2244.5633333333335,2015
202083,2024.1716666666666,2015
203115,983.8633333333333,2015
101198,66.68666666666667,2015
203805,69.42166666666667,2015
2584,951.1966666666667,2015
201163,2471.1516666666666,2015
202333,85.56666666666666,2015
203897,1901.7216666666666,2015
2216,2303.59,2015
2585,1729.6666666666667,2015
204054,75.22333333333333,2015
201166,1107.71,2016
203932,1863.12,2016
1626151,93.3,2016
203940,485.59,2016
201143,2631.181666666667,2016
2744,1096.4383333333333,2016
202329,2340.8883333333333,2016
101187,192.18333333333334,2016
1626210,68.15,2016
202692,797.2733333333333,2016
203458,1820.795,2016
1627293,72.15166666666667,2016
201582,860.715,2016
203459,2104.9583333333335,2016
202087,1632.0016666666668,2016
2405,762.3016666666666,2016
101161,1800.1283333333333,2016
2760,495.6066666666667,2016
203083,2665.4666666666667,2016
2738,1731.6416666666667,2016
1889,461.19,2016
203460,1553.2916666666667,2016
200745,633.66,2016
101106,1451.26,2016
202726,49.708333333333336,2016
203094,822.7716666666666,2016
203952,2844.59,2016
203461,84.24666666666667,2016
1626148,598.6666666666666,2016
203076,2164.26,2016
201627,926.4316666666666,2016
201229,1340.61,2016
203462,1113.7783333333334,2016
203382,1232.9466666666667,2016
201167,2370.923333333333,2016
203085,1463.775,2016
202340,2536.1233333333334,2016
1626253,305.425,2016
203463,1442.7833333333333,2016
2757,707.6533333333333,2016
202687,1807.8433333333332,2016
201933,1170.2816666666668,2016
1626246,507.805,2016
1626171,1102.08,2016
202711,2114.6283333333336,2016
2564,1385.53,2016
203078,1708.245,2016
201148,212.12333333333333,2016
1626183,28.865,2016
101138,1342.4116666666666,2016
201943,867.505,2016
202688,1870.3866666666668,2016
201575,1054.7416666666666,2016
203148,470.14666666666665,2016
1627362,168.655,2016
201572,2456.548333333333,2016
203998,42.68333333333333,2016
203955,38.75833333333333,2016
1626214,278.5566666666667,2016
201228,655.7033333333334,2016
203912,166.81833333333333,2016
203468,2779.7616666666668,2016
101139,1463.6066666666666,2016
203946,102.6,2016
1626166,697.6133333333333,2016
201171,569.39,2016
2546,2529.8,2016
2406,175.66833333333332,2016
202718,1799.39,2016
101112,1199.4066666666668,2016
101111,665.0366666666666,2016
201978,929.7166666666667,2016
2365,402.5316666666667,2016
2547,1777.9183333333333,2016
203142,155.93,2016
203187,856.855,2016
2549,111.76666666666667,2016
1626191,362.385,2016
101108,2420.2383333333332,2016
1626174,144.79833333333335,2016
101236,23.833333333333332,2016
203921,153.82333333333332,2016
1626146,35.958333333333336,2016
203991,1470.71,2016
203469,1773.7316666666666,2016
202332,799.6366666666667,2016
201147,1668.8833333333334,2016
203928,50.06333333333333,2016
202709,2046.4016666666666,2016
1626262,5.801666666666667,2016
201584,2334.4733333333334,2016
1626245,320.7033333333333,2016
1626156,2259.08,2016
201571,1177.6233333333332,2016
2563,42.35,2016
203081,2675.7616666666668,2016
203996,156.35166666666666,2016
204014,277.285,2016
201568,1838.7066666666667,2016
201980,2061.525,2016
201967,1970.9483333333333,2016
201589,1515.9916666666666,2016
201954,2218.846666666667,2016
1626199,383.01666666666665,2016
101135,902.93,2016
2561,1404.2283333333332,2016
201599,2597.681666666667,2016
201971,218.07,2016
201942,2803.795,2016
202326,2245.835,2016
201960,786.4416666666667,2016
1626153,229.275,2016
203471,1620.9583333333333,2016
101114,2106.0216666666665,2016
202324,1983.2016666666666,2016
201565,2097.423333333333,2016
202682,1434.865,2016
1626164,2107.665,2016
2734,1280.45,2016
203906,248.74666666666667,2016
203473,704.875,2016
203079,2151.6233333333334,2016
1717,2363.5066666666667,2016
202388,1317.8033333333333,2016
202700,546.6933333333334,2016
203926,1860.56,2016
203110,2807.9983333333334,2016
2400,305.17833333333334,2016
1626251,24.233333333333334,2016
2730,2279.6633333333334,2016
203939,991.6283333333333,2016
2548,2257.995,2016
202734,1263.1,2016
202334,1684.1866666666667,2016
204002,72.65,2016
203901,2144.92,2016
202407,172.775,2016
202343,45.138333333333335,2016
1882,224.695,2016
1626144,2067.8866666666668,2016
202683,1720.6783333333333,2016
202339,1058.7716666666668,2016
201569,1481.3516666666667,2016
203961,47.583333333333336,2016
203475,42.13333333333333,2016
101141,1880.3866666666668,2016
203095,2566.088333333333,2016
202323,2270.6983333333333,2016
203105,770.1883333333334,2016
1626163,1707.5733333333333,2016
202066,1951.195,2016
203914,2438.6366666666668,2016
202390,807.4283333333333,2016
201588,2524.4133333333334,2016
101123,1557.2183333333332,2016
201945,1431.0666666666666,2016
203507,2823.4133333333334,2016
203922,508.1983333333333,2016
201609,2362.62,2016
202330,2892.9566666666665,2016
203476,2220.068333333333,2016
202328,2314.185,2016
202962,191.94,2016
202349,459.9116666666667,2016
203084,2041.5766666666666,2016
202355,2125.3566666666666,2016
203156,262.87166666666667,2016
203138,2153.85,2016
203546,578.18,2016
101133,1815.7633333333333,2016
202697,1316.33,2016
203477,1965.8483333333334,2016
202738,2644.403333333333,2016
202397,2238.81,2016
200826,1666.9083333333333,2016
201581,436.5466666666667,2016
1626266,6.266666666666667,2016
200755,2096.8316666666665,2016
2747,2361.9883333333332,2016
203960,1159.7316666666666,2016
203210,1446.12,2016
201580,369.78333333333336,2016
203953,2407.971666666667,2016
203109,2308.19,2016
1626143,1590.565,2016
2037,2126.15,2016
2749,1035.655,2016
202341,720.9833333333333,2016
203516,328.515,2016
201935,3124.635,2016
201949,925.7316666666667,2016
2592,463.42,2016
203949,261.525,2016
203923,198.90166666666667,2016
203099,410.385,2016
201162,2097.6716666666666,2016
203096,1914.62,2016
204067,146.76666666666668,2016
1626185,379.54,2016
203950,18.583333333333332,2016
101127,1026.6533333333334,2016
201160,1180.8616666666667,2016
1891,1257.7016666666666,2016
201574,471.3983333333333,2016
201965,106.61833333333334,2016
201145,2253.245,2016
201952,2254.701666666667,2016
203481,657.885,2016
203924,2066.3333333333335,2016
202379,251.40833333333333,2016
203087,1227.255,2016
202391,2047.555,2016
1626170,1264.7733333333333,2016
201573,1504.8183333333334,2016
202690,17.558333333333334,2016
202710,2473.625,2016
201149,635.4233333333333,2016
201975,43.486666666666665,2016
203925,15.103333333333333,2016
204060,1241.0966666666666,2016
2207,2703.3,2016
1626202,383.5133333333333,2016
201202,95.70333333333333,2016
203530,1041.2433333333333,2016
203089,959.4733333333334,2016
203098,480.30333333333334,2016
202322,2784.015,2016
203948,857.085,2016
202720,1255.3183333333334,2016
201973,1176.4966666666667,2016
202685,1556.9216666666666,2016
203613,812.83,2016
203919,14.666666666666666,2016
203903,2552.435,2016
200770,291.29333333333335,2016
202706,303.675,2016
201941,1512.6666666666667,2016
203895,195.95166666666665,2016
1626175,57.178333333333335,2016
203268,63.3,2016
101181,2023.8383333333334,2016
203962,54.983333333333334,2016
201177,594.6933333333334,2016
1626196,1106.95,2016
2746,879.9733333333334,2016
201950,1830.8816666666667,2016
203944,2286.1966666666667,2016
1626147,646.8766666666667,2016
202712,35.083333333333336,2016
203200,772.5866666666667,2016
1626159,2232.135,2016
203994,547.075,2016
203909,235.32333333333332,2016
1626157,2626.485,2016
202695,2379.5633333333335,2016
203951,26.85,2016
203482,1394.8466666666666,2016
1626162,671.3816666666667,2016
202689,2885.15,2016
203088,399.64666666666665,2016
2570,542.0416666666666,2016
202702,1694.4516666666666,2016
203145,2082.7966666666666,2016
203484,2788.7316666666666,2016
201142,2577.62,2016
708,555.675,2016
201567,2424.395,2016
2755,1094.98,2016
202338,526.4883333333333,2016
1626172,20.598333333333333,2016
203114,2852.0,2016
2550,630.9983333333333,2016
202691,2666.415,2016
977,1863.3233333333333,2016
201585,1482.4,2016
203123,294.015,2016
2743,834.7133333333334,2016
204001,2046.4616666666666,2016
203937,1245.0616666666667,2016
2594,2400.665,2016
200768,2851.155,2016
203124,764.2883333333333,2016
202713,977.1183333333333,2016
202681,1667.3733333333332,2016
200746,2260.86,2016
203934,394.9,2016
202362,1372.3066666666666,2016
202498,1313.39,2016
204038,2033.2983333333334,2016
1626204,1265.715,2016
202730,1598.8066666666666,2016
2544,2708.5783333333334,2016
2571,1079.205,2016
203485,60.733333333333334,2016
200811,204.435,2016
101150,1906.7116666666666,2016
201601,1273.835,2016
203512,224.73,2016
1626242,42.03666666666667,2016
2449,1636.195,2016
202337,845.0833333333334,2016
2736,2393.9183333333335,2016
1938,1134.1016666666667,2016
201188,1791.045,2016
1626273,868.8166666666667,2016
101162,2255.9166666666665,2016
201158,1671.6816666666666,2016
202694,2856.451666666667,2016
203935,1666.805,2016
201977,1108.0783333333334,2016
201596,1372.7666666666667,2016
1626209,1412.8533333333332,2016
203900,982.3516666666667,2016
202693,1628.875,2016
201578,832.4166666666666,2016
101107,2338.165,2016
203486,2083.5133333333333,2016
2440,2190.153333333333,2016
2588,205.91166666666666,2016
203521,1867.3333333333333,2016
203090,1457.045,2016
1897,589.8766666666667,2016
203086,1332.5933333333332,2016
201563,362.58666666666664,2016
203487,1649.3033333333333,2016
203077,204.74166666666667,2016
201144,1760.5116666666668,2016
2399,702.6366666666667,2016
2034,372.96,2016
203488,564.8916666666667,2016
203118,1146.2233333333334,2016
203101,869.8966666666666,2016
203141,1685.4766666666667,2016
203956,72.45,2016
2590,747.7783333333333,2016
101145,2733.9683333333332,2016
1626149,378.6116666666667,2016
1626167,1367.185,2016
101126,23.296666666666667,2016
1737,19.458333333333332,2016
202357,1074.8033333333333,2016
2403,1093.91,2016
203457,1965.245,2016
2555,699.2783333333333,2016
201156,1033.41,2016
201587,2447.56,2016
203917,1809.05,2016
203999,1732.5516666666667,2016
202703,1646.11,2016
201593,156.315,2016
202696,2036.8216666666667,2016
203943,1173.4933333333333,2016
1626181,725.2266666666667,2016
202708,1198.3133333333333,2016
201564,1089.6766666666667,2016
201600,1178.1733333333334,2016
201956,1880.405,2016
203111,101.71,2016
203490,2275.8733333333334,2016
200782,2539.5983333333334,2016
203798,1313.12,2016
203143,822.6366666666667,2016
1626192,143.46666666666667,2016
201976,2040.6483333333333,2016
202335,2019.5583333333334,2016
201988,1662.06,2016
2200,2291.358333333333,2016
202331,2818.9333333333334,2016
200794,2646.9166666666665,2016
1718,1230.6133333333332,2016
203515,283.4433333333333,2016
203112,875.8933333333333,2016
1626154,314.5683333333333,2016
200765,2536.6883333333335,2016
1626176,6.1,2016
201196,1667.035,2016
200751,1641.505,2016
1626173,1000.6933333333334,2016
2446,431.51166666666666,2016
203526,1498.6016666666667,2016
203492,474.38166666666666,2016
101109,2191.995,2016
203493,428.845,2016
202704,2424.2116666666666,2016
2210,1325.625,2016
1626158,702.0016666666667,2016
201937,2322.62,2016
203496,1903.0533333333333,2016
203135,320.09,2016
201577,2218.94,2016
203918,2541.016666666667,2016
201155,1275.4633333333334,2016
1626178,615.4566666666667,2016
101179,1211.1833333333334,2016
201579,1877.87,2016
200752,2378.71,2016
203497,1932.0733333333333,2016
203893,66.185,2016
201566,2749.4683333333332,2016
201583,2008.13,2016
200797,459.67333333333335,2016
203527,469.8066666666667,2016
1626257,397.23,2016
1626155,6.148333333333333,2016
201619,95.395,2016
2756,908.3916666666667,2016
203930,616.175,2016
201586,2500.2933333333335,2016
203508,399.42333333333335,2016
203552,691.7433333333333,2016
203498,1681.985,2016
203894,599.865,2016
203499,1750.6516666666666,2016
2733,1519.5333333333333,2016
203963,40.71666666666667,2016
202714,1057.9366666666667,2016
203524,866.1666666666666,2016
201603,498.355,2016
203915,159.23,2016
201150,1035.0033333333333,2016
1626169,1687.0716666666667,2016
201939,2699.975,2016
2581,986.4,2016
200779,44.288333333333334,2016
203500,2014.3883333333333,2016
204456,1605.9416666666666,2016
203933,1070.19,2016
201959,1935.5583333333334,2016
204028,495.59,2016
2419,1461.5616666666667,2016
203093,1044.235,2016
203082,1747.3766666666668,2016
1626179,311.325,2016
200757,1757.665,2016
201152,2407.4183333333335,2016
203648,6.25,2016
203080,916.4483333333334,2016
201168,579.4733333333334,2016
202353,81.54,2016
1495,1536.4266666666667,2016
204025,741.255,2016
203501,864.11,2016
202389,1325.5883333333334,2016
202699,2513.395,2016
201962,1262.2883333333334,2016
2754,1619.8216666666667,2016
2225,1980.4416666666666,2016
203503,1301.0133333333333,2016
203100,144.3,2016
2772,2859.1216666666664,2016
202344,1632.0333333333333,2016
203504,1365.7916666666667,2016
1626168,1382.3933333333334,2016
202684,2269.266666666667,2016
203584,476.25666666666666,2016
201951,1411.1916666666666,2016
203898,654.4783333333334,2016
201946,342.65833333333336,2016
204020,862.5566666666666,2016
203092,709.9383333333334,2016
201936,765.335,2016
2199,1617.9133333333334,2016
1626145,572.72,2016
2617,259.53833333333336,2016
203506,2379.33,2016
1713,1005.3533333333334,2016
201961,1614.9766666666667,2016
202325,1665.8116666666667,2016
202083,2644.3016666666667,2016
203115,2353.3716666666664,2016
1626161,1411.545,2016
203186,425.6333333333333,2016
204098,244.29333333333332,2016
203897,2293.483333333333,2016
2216,2016.405,2016
2585,2004.1066666666666,2016
1627773,163.23166666666665,2017
201166,893.7316666666667,2017
203932,2297.965,2017
1626151,16.566666666666666,2017
203940,135.27166666666668,2017
201143,2193.2616666666668,2017
2744,930.635,2017
202329,1772.9183333333333,2017
101187,308.36833333333334,2017
1626210,707.7133333333334,2017
202692,653.04,2017
203518,1055.1966666666667,2017
203458,1559.5966666666666,2017
1627816,156.83333333333334,2017
201582,584.335,2017
203459,2254.108333333333,2017
202087,89.41666666666667,2017
101161,1607.985,2017
2760,91.86166666666666,2017
203083,2409.4216666666666,2017
2738,1997.5416666666667,2017
203460,2375.8366666666666,2017
101106,583.1833333333333,2017
1626150,1473.8733333333332,2017
203094,341.9916666666667,2017
203952,3048.3683333333333,2017
203461,264.15,2017
1626148,159.025,2017
203076,2707.661666666667,2017
201627,714.0733333333334,2017
201229,1476.725,2017
203462,214.14,2017
202620,28.333333333333332,2017
203382,1162.545,2017
201167,1579.815,2017
203085,2053.6983333333333,2017
202340,1834.49,2017
1626253,47.46333333333333,2017
1627791,9.866666666666667,2017
203463,1176.2383333333332,2017
2757,560.18,2017
202687,1793.415,2017
201933,2076.1766666666667,2017
1626246,293.27,2017
201628,123.03,2017
1626171,1000.4516666666667,2017
202711,2082.855,2017
2564,1282.6933333333334,2017
203078,2684.0133333333333,2017
201148,446.875,2017
101138,576.865,2017
1627742,2279.2616666666668,2017
201943,1801.48,2017
202688,1139.7883333333334,2017
201575,1029.905,2017
203148,416.27166666666665,2017
1627362,204.97166666666666,2017
1627744,9.216666666666667,2017
201572,2222.0316666666668,2017
203998,40.29833333333333,2017
1627854,284.895,2017
1627741,1888.1833333333334,2017
201228,1012.5,2017
203912,107.73,2017
203468,2795.58,2017
101139,1776.3516666666667,2017
1626166,462.06,2017
1627747,1236.8666666666666,2017
2546,2538.08,2017
202718,674.675,2017
101112,1397.8316666666667,2017
1626184,299.0416666666667,2017
1627767,198.655,2017
1627778,51.6,2017
2365,113.79333333333334,2017
1626191,80.45333333333333,2017
101108,1920.8233333333333,2017
1626174,106.98166666666667,2017
203991,1551.3016666666667,2017
203469,1725.4716666666666,2017
202332,531.045,2017
201147,1281.2166666666667,2017
202709,2002.7233333333334,2017
201584,2459.4133333333334,2017
1626245,1040.0733333333333,2017
1626156,1810.5783333333334,2017
201571,1538.255,2017
2563,12.0,2017
1627745,85.08333333333333,2017
203081,2693.075,2017
204014,313.56,2017
1627849,74.90333333333334,2017
201568,2134.0066666666667,2017
201980,1806.825,2017
201967,1648.5783333333334,2017
203957,1227.7616666666668,2017
1627863,0.8266666666666667,2017
203967,2129.0233333333335,2017
201589,638.54,2017
201954,2063.32,2017
1626199,380.99666666666667,2017
101135,1476.9583333333333,2017
1628021,397.2416666666667,2017
2561,854.08,2017
202722,807.5583333333333,2017
201599,2570.305,2017
202732,776.5633333333334,2017
1627761,370.74,2017
201942,2620.241666666667,2017
202326,2465.3633333333332,2017
201960,1881.3833333333334,2017
1627749,321.4816666666667,2017
1626153,446.44666666666666,2017
1627743,17.013333333333332,2017
203471,2484.8233333333333,2017
1627756,976.5283333333333,2017
101114,1657.3266666666666,2017
202324,1185.6116666666667,2017
1627884,545.4,2017
201565,2081.825,2017
202682,804.315,2017
1626164,2730.5533333333333,2017
2734,1087.16,2017
203473,1329.6883333333333,2017
1627738,238.05,2017
1627754,24.255,2017
203079,1384.225,2017
1717,1424.235,2017
1627734,1631.4883333333332,2017
202700,478.685,2017
1627827,1641.8416666666667,2017
203926,1507.7266666666667,2017
1627733,573.6433333333333,2017
203110,2470.8866666666668,2017
2730,2198.72,2017
203939,1333.4533333333334,2017
2548,1792.1966666666667,2017
202734,1819.6833333333334,2017
202334,788.995,2017
204002,27.6,2017
203901,2412.1716666666666,2017
202407,23.133333333333333,2017
1626144,1405.5616666666667,2017
202683,1532.835,2017
202339,2176.2483333333334,2017
201569,2323.465,2017
101141,2142.3983333333335,2017
203095,2233.661666666667,2017
202323,1658.56,2017
1626163,1954.015,2017
1627832,293.81,2017
202066,1728.3816666666667,2017
203914,1782.2883333333334,2017
202390,18.333333333333332,2017
1627780,99.23333333333333,2017
201588,1543.9916666666666,2017
1627777,92.73166666666667,2017
1627834,355.01666666666665,2017
101123,537.8833333333333,2017
201945,1667.1233333333332,2017
203507,2845.036666666667,2017
203922,1426.7066666666667,2017
201609,2459.4383333333335,2017
202330,2515.535,2017
203476,2653.215,2017
202328,1822.6933333333334,2017
202349,38.56666666666667,2017
203084,2803.51,2017
202355,2513.3766666666666,2017
1627740,146.24333333333334,2017
203138,752.1833333333333,2017
203546,1136.525,2017
101133,554.8016666666666,2017
202697,1937.2416666666666,2017
203477,592.1066666666667,2017
1627819,52.0,2017
202738,2569.451666666667,2017
1627785,1643.4716666666666,2017
202397,1955.215,2017
1627826,608.515,2017
200826,770.775,2017
200755,2198.1316666666667,2017
2747,1187.2216666666666,2017
203210,2101.1033333333335,2017
201580,739.0983333333334,2017
203953,1727.8816666666667,2017
203109,2335.3783333333336,2017
1626143,1133.9833333333333,2017
1627774,248.77666666666667,2017
1627751,626.43,2017
2037,2157.068333333333,2017
1627750,1764.6433333333334,2017
2749,2044.8116666666667,2017
203516,1500.5583333333334,2017
201935,2946.72,2017
201949,2084.9166666666665,2017
2592,380.605,2017
203949,457.445,2017
203923,220.10333333333332,2017
201162,1362.44,2017
203096,117.73666666666666,2017
204067,62.34166666666667,2017
1626185,558.4216666666666,2017
203950,6.543333333333333,2017
101127,33.083333333333336,2017
1627784,114.74666666666667,2017
201160,1067.7433333333333,2017
1891,1365.0833333333333,2017
1627759,1341.3266666666666,2017
201145,1533.745,2017
201952,2657.025,2017
203481,432.34833333333336,2017
203924,1531.0016666666668,2017
203087,1142.545,2017
202391,882.5883333333334,2017
1626170,1028.43,2017
201573,71.49,2017
202710,2808.9566666666665,2017
201149,1014.5816666666667,2017
201975,737.6216666666667,2017
203925,1138.375,2017
204060,1972.1583333333333,2017
2207,1842.9283333333333,2017
1626202,135.16333333333333,2017
201202,121.965,2017
1627762,52.53333333333333,2017
203954,786.06,2017
203530,980.105,2017
203089,1122.5266666666666,2017
203098,12.933333333333334,2017
101249,10.68,2017
202322,2835.483333333333,2017
203948,80.65166666666667,2017
202720,1943.7383333333332,2017
201973,1231.7633333333333,2017
202685,2065.475,2017
1626780,231.21,2017
203613,1392.4666666666667,2017
203903,2396.555,2017
202348,442.30333333333334,2017
200770,35.38,2017
201941,46.56666666666667,2017
203895,383.50666666666666,2017
1626175,141.03166666666667,2017
101181,538.7983333333333,2017
203962,30.883333333333333,2017
201177,381.2133333333333,2017
1626196,1614.355,2017
201950,2189.903333333333,2017
1627823,841.9016666666666,2017
203944,2132.1066666666666,2017
1626147,1227.2333333333333,2017
203120,1176.5133333333333,2017
202712,31.316666666666666,2017
203200,1639.1233333333332,2017
1626159,625.295,2017
203994,1390.98,2017
203909,505.51,2017
1626157,3030.33,2017
202695,2474.48,2017
1627770,385.75,2017
203482,1538.33,2017
1626162,1605.255,2017
202689,2739.3083333333334,2017
202702,1295.8766666666668,2017
203145,1962.7816666666668,2017
203484,2528.4933333333333,2017
201142,2070.36,2017
201567,1884.645,2017
202338,559.315,2017
1626172,446.99666666666667,2017
203114,889.0466666666666,2017
202691,2649.04,2017
201585,1419.3716666666667,2017
1627739,1333.0,2017
2743,688.6483333333333,2017
204001,2164.4133333333334,2017
203937,1020.0916666666667,2017
2594,1753.0666666666666,2017
200768,2244.025,2017
203124,1229.1683333333333,2017
202713,385.24666666666667,2017
1627787,43.88333333333333,2017
202681,2524.63,2017
200746,2335.0116666666668,2017
203934,40.36666666666667,2017
202362,361.6166666666667,2017
202498,967.6483333333333,2017
204038,1494.3916666666667,2017
1626204,1441.84,2017
202336,12.693333333333333,2017
202730,871.3216666666667,2017
2544,2794.575,2017
2571,963.3983333333333,2017
101150,1993.4133333333334,2017
201601,1787.185,2017
203512,1088.25,2017
2449,460.90833333333336,2017
202337,1064.9383333333333,2017
2736,1485.8733333333332,2017
1627781,198.11833333333334,2017
1627763,1982.39,2017
1627098,1247.55,2017
1627736,164.895,2017
202412,24.75,2017
1938,1291.45,2017
201188,2531.0333333333333,2017
1626273,236.56166666666667,2017
101162,2555.4783333333335,2017
201158,1777.5633333333333,2017
1627875,47.516666666666666,2017
202694,2565.09,2017
203935,2399.2883333333334,2017
201977,574.6716666666666,2017
1626209,960.2833333333333,2017
202693,2374.3333333333335,2017
1627737,1743.36,2017
201578,1285.8616666666667,2017
1627850,170.18,2017
101107,2294.5433333333335,2017
203486,2147.58,2017
2440,1775.9133333333334,2017
203521,1986.0016666666668,2017
203090,2223.0633333333335,2017
1626254,331.455,2017
1897,160.33,2017
203086,1221.9033333333334,2017
201563,934.5,2017
203487,846.4516666666667,2017
1627771,31.55,2017
203077,2349.4083333333333,2017
201144,2291.8633333333332,2017
2399,840.9383333333334,2017
2034,150.54333333333332,2017
203488,1236.8616666666667,2017
203118,194.95666666666668,2017
1627861,25.183333333333334,2017
203101,484.61,2017
1627851,1016.3083333333333,2017
203141,1133.3583333333333,2017
101145,1997.7083333333333,2017
1626149,1063.5583333333334,2017
1626167,2541.005,2017
202357,1189.645,2017
2403,1197.73,2017
203457,1046.8233333333333,2017
2555,127.77333333333333,2017
201156,1556.2666666666667,2017
201587,2617.2483333333334,2017
1627852,521.3783333333333,2017
1627879,173.95333333333335,2017
203917,2187.7116666666666,2017
203999,2037.7283333333332,2017
202703,1678.9116666666666,2017
202696,2162.735,2017
203943,1265.375,2017
1626181,1367.6516666666666,2017
202708,124.92666666666666,2017
1627855,471.175,2017
201600,482.12333333333333,2017
201956,642.155,2017
203490,2605.0716666666667,2017
200782,2235.895,2017
1627783,859.0866666666667,2017
1626192,315.94666666666666,2017
1627868,43.11666666666667,2017
201976,2057.963333333333,2017
1627775,1073.995,2017
202335,1598.5316666666668,2017
201988,1754.4133333333334,2017
2200,1626.735,2017
202331,2689.346666666667,2017
200794,2342.83,2017
1718,277.09833333333336,2017
1627835,843.38,2017
203510,84.40166666666667,2017
203112,557.7333333333333,2017
1626188,187.46,2017
1626154,9.15,2017
200765,1842.7016666666666,2017
1626176,219.38833333333332,2017
201196,810.6766666666666,2017
200751,1284.2783333333334,2017
1626173,458.5366666666667,2017
203526,345.90166666666664,2017
101109,1699.8283333333334,2017
203493,466.79333333333335,2017
202704,1424.395,2017
202130,79.45333333333333,2017
2210,1613.61,2017
1626158,1192.7,2017
201937,2469.11,2017
203496,2118.57,2017
201577,2270.7566666666667,2017
203918,1593.2733333333333,2017
203585,1965.8866666666668,2017
201155,696.18,2017
1627758,857.0333333333333,2017
1626178,1761.4083333333333,2017
101179,134.195,2017
201579,682.31,2017
200752,1012.8916666666667,2017
203497,2743.7466666666664,2017
201566,2801.7483333333334,2017
201583,2116.391666666667,2017
203527,110.13333333333334,2017
1626257,905.0833333333334,2017
1626155,1419.065,2017
2756,408.22833333333335,2017
203930,1753.5566666666666,2017
203902,972.6416666666667,2017
201586,2422.08,2017
200771,1517.4116666666666,2017
203552,2029.03,2017
203498,1515.5216666666668,2017
203894,512.2816666666666,2017
2733,1344.7466666666667,2017
1627848,233.615,2017
1627815,286.7633333333333,2017
202714,1205.1266666666668,2017
1627746,611.6383333333333,2017
203524,2374.3016666666667,2017
203915,1333.7416666666666,2017
201150,797.1283333333333,2017
1626169,1370.625,2017
201939,2638.555,2017
1627757,107.76,2017
200779,21.916666666666668,2017
203500,2389.365,2017
204456,2133.3966666666665,2017
203933,2048.03,2017
201959,1988.5583333333334,2017
204028,1090.8983333333333,2017
1627752,981.4416666666667,2017
203093,1270.8566666666666,2017
203082,1954.9666666666667,2017
1626179,1263.0383333333334,2017
200757,1595.565,2017
201152,2236.5916666666667,2017
203080,560.4083333333333,2017
1627748,562.1883333333334,2017
201168,75.96666666666667,2017
204025,1524.6516666666666,2017
203501,2153.475,2017
1627817,80.04166666666667,2017
202389,1103.86,2017
1627789,1189.91,2017
202699,2566.443333333333,2017
203107,719.2083333333334,2017
201962,393.80333333333334,2017
2754,1913.7383333333332,2017
2225,1587.0266666666666,2017
203503,2335.655,2017
1626203,188.90333333333334,2017
2772,2772.61,2017
202344,1754.315,2017
203504,702.79,2017
1626168,1158.35,2017
202684,2336.3816666666667,2017
203584,1183.3016666666667,2017
1627786,556.5866666666667,2017
201951,1732.1233333333332,2017
203898,588.1466666666666,2017
204020,2177.483333333333,2017
1627755,1122.73,2017
203092,524.655,2017
201936,788.065,2017
2199,1297.61,2017
1626145,774.3883333333333,2017
2617,130.17666666666668,2017
203506,2222.6383333333333,2017
1713,1799.56,2017
1627735,404.955,2017
201961,1499.7166666666667,2017
1627782,236.00333333333333,2017
202325,810.1183333333333,2017
202083,2494.805,2017
203115,1705.0566666666666,2017
1626161,1420.79,2017
203186,1030.7166666666667,2017
1626195,1324.41,2017
201163,2196.6833333333334,2017
1627812,1197.0116666666668,2017
203897,1748.8033333333333,2017
2216,1786.235,2017
2585,1268.3333333333333,2017
201166,189.41333333333333,2018
203932,1909.0783333333334,2018
1626151,233.25166666666667,2018
1628935,34.5,2018
1627846,521.5266666666666,2018
203940,42.54833333333333,2018
201143,2277.025,2018
2744,483.56,2018
202329,2072.1716666666666,2018
1626210,70.335,2018
202692,1058.66,2018
1628409,224.855,2018
203518,1134.1866666666667,2018
1627936,561.91,2018
203458,1395.3466666666666,2018
1627816,104.125,2018
1628035,53.43833333333333,2018
203459,2197.2,2018
101161,1170.3016666666667,2018
203083,2624.8483333333334,2018
2738,1622.4783333333332,2018
201281,64.13333333333334,2018
203460,1036.6783333333333,2018
101106,216.395,2018
1626150,1326.2716666666668,2018
1628510,209.10666666666665,2018
203952,2978.7033333333334,2018
1627790,214.24,2018
1626148,3.7333333333333334,2018
203076,2727.2366666666667,2018
201229,1757.055,2018
1628469,313.9,2018
1628499,122.53,2018
203382,1484.4933333333333,2018
201167,681.575,2018
203085,2056.5916666666667,2018
202340,1433.07,2018
1628389,1368.185,2018
203463,1090.62,2018
1628500,9.283333333333333,2018
1627732,2731.5533333333333,2018
202687,1494.89,2018
201933,1969.8216666666667,2018
1626246,337.87,2018
201628,114.93333333333334,2018
1626171,1642.52,2018
203992,2175.155,2018
202711,2464.4616666666666,2018
203078,2976.701666666667,2018
201148,380.875,2018
1627742,1974.5616666666667,2018
201943,205.14333333333335,2018
203464,575.84,2018
1627362,236.50333333333333,2018
1627744,97.96666666666667,2018
201572,1734.9466666666667,2018
203998,106.29833333333333,2018
1627854,1516.8916666666667,2018
1627741,2024.2316666666666,2018
203710,706.5016666666667,2018
203468,2923.67,2018
101139,1336.5,2018
1628403,189.34666666666666,2018
1626166,581.5233333333333,2018
1627747,1863.6833333333334,2018
2546,2501.14,2018
1626224,672.4933333333333,2018
202718,691.3833333333333,2018
101112,694.8583333333333,2018
1628429,38.105,2018
1627767,580.95,2018
1627778,21.566666666666666,2018
1628449,1.3166666666666667,2018
1626191,89.76666666666667,2018
101108,1846.5566666666666,2018
203991,2034.1083333333333,2018
203469,627.1833333333333,2018
202332,48.69833333333333,2018
201147,1208.5183333333334,2018
202709,2209.9183333333335,2018
201584,2309.9783333333335,2018
1626245,977.45,2018
1626156,1233.715,2018
201571,1760.0483333333334,2018
1628391,71.09833333333333,2018
1626177,161.37,2018
1627745,88.71166666666667,2018
203081,2669.89,2018
2863,152.405,2018
1627814,404.4116666666667,2018
1628422,474.06166666666667,2018
1627772,27.72833333333333,2018
1628464,935.63,2018
201568,671.055,2018
201980,1791.0866666666666,2018
201967,1561.885,2018
203957,234.51833333333335,2018
1627863,402.625,2018
203967,2310.07,2018
203121,1944.44,2018
201589,140.77166666666668,2018
201954,2018.36,2018
1626199,95.195,2018
1628021,1645.9533333333334,2018
204065,9.333333333333334,2018
2561,998.6966666666667,2018
202722,1086.2083333333333,2018
1628432,242.15833333333333,2018
1628368,2025.53,2018
201599,2423.4366666666665,2018
202732,723.5583333333333,2018
1627761,455.21666666666664,2018
201942,2711.721666666667,2018
202326,1737.07,2018
201960,2179.7166666666667,2018
1627749,1742.925,2018
1626153,1432.7233333333334,2018
1627743,79.95,2018
203471,2077.9216666666666,2018
1628372,2049.105,2018
1627756,2095.141666666667,2018
202324,2153.4016666666666,2018
1627884,245.17166666666665,2018
201565,419.24,2018
1628476,147.21333333333334,2018
1628401,138.72833333333332,2018
202682,8.525,2018
1626164,1865.2966666666666,2018
2734,1339.5216666666668,2018
1628421,13.213333333333333,2018
203473,1542.2733333333333,2018
1627738,942.6733333333333,2018
1628415,2349.8316666666665,2018
203079,917.53,2018
1717,1900.3383333333334,2018
1627734,1810.12,2018
1628378,2638.11,2018
1627827,448.34,2018
203926,1768.0016666666668,2018
1627733,2069.38,2018
203110,2286.8533333333335,2018
1628407,712.9983333333333,2018
202779,427.2366666666667,2018
2730,2463.3433333333332,2018
203939,1671.745,2018
2548,1536.1133333333332,2018
202734,2585.858333333333,2018
202334,1470.885,2018
1628410,2.1666666666666665,2018
202327,809.6716666666666,2018
203901,1808.51,2018
2731,353.235,2018
1626144,1244.2233333333334,2018
202683,1829.7,2018
202339,2321.6133333333332,2018
201569,2153.983333333333,2018
203961,805.115,2018
1628571,7.5216666666666665,2018
101141,1729.6483333333333,2018
203095,1837.215,2018
202323,2033.8283333333334,2018
1626163,1835.1883333333333,2018
1628412,983.9933333333333,2018
1628373,1705.6483333333333,2018
1627832,1520.0883333333334,2018
1627788,79.73333333333333,2018
202066,1615.0766666666666,2018
203914,2304.55,2018
1627780,220.86,2018
201588,1812.1266666666668,2018
1627777,31.68,2018
1627834,121.61166666666666,2018
101123,929.155,2018
1628492,63.63333333333333,2018
203507,2756.2033333333334,2018
203922,337.77666666666664,2018
201609,2377.545,2018
202330,5.25,2018
203476,1332.615,2018
202328,1040.8483333333334,2018
1627824,235.05666666666667,2018
203084,2634.47,2018
202355,1364.07,2018
1627740,328.92333333333335,2018
203546,1454.34,2018
101133,1145.3266666666666,2018
1628387,29.79,2018
202697,276.195,2018
203477,421.6933333333333,2018
1628439,239.47,2018
1627819,1167.0116666666668,2018
202738,861.68,2018
1627785,179.65833333333333,2018
202397,2042.635,2018
1628397,515.61,2018
1627826,409.82166666666666,2018
200826,1603.2616666666668,2018
200755,2115.8533333333335,2018
2747,2244.145,2018
203960,344.21666666666664,2018
203210,1541.8133333333333,2018
201580,615.3866666666667,2018
1628444,114.53,2018
203953,742.7483333333333,2018
204022,87.27333333333333,2018
1626643,6.083333333333333,2018
1628451,33.25666666666667,2018
203109,2089.545,2018
1626143,352.83166666666665,2018
1627774,160.32666666666665,2018
1627751,1523.545,2018
1627883,181.37166666666667,2018
2037,1653.2583333333334,2018
1627750,2564.7183333333332,2018
1627866,26.85,2018
2749,1013.165,2018
1628503,279.0083333333333,2018
203516,1604.03,2018
201935,2550.785,2018
201949,1943.2866666666666,2018
203949,17.95,2018
1627821,119.93166666666667,2018
203923,61.108333333333334,2018
203966,273.75666666666666,2018
201162,686.485,2018
204067,8.616666666666667,2018
1626185,1660.6266666666668,2018
1628386,1441.115,2018
101127,1547.5683333333334,2018
201160,284.74666666666667,2018
1891,813.6466666666666,2018
1628393,777.8583333333333,2018
1627759,2151.745,2018
1628537,98.49,2018
1628369,2442.911666666667,2018
201145,1827.8,2018
201952,2311.2616666666668,2018
203481,39.3,2018
203924,1647.1116666666667,2018
202379,5.35,2018
203087,1967.36,2018
202391,25.183333333333334,2018
1626170,1686.33,2018
201573,924.6916666666667,2018
202710,2163.9966666666664,2018
201149,40.145,2018
201975,1118.7283333333332,2018
203925,1974.5983333333334,2018
204060,2578.4983333333334,2018
2207,1204.75,2018
1626202,558.1166666666667,2018
1627762,37.66,2018
203954,1912.135,2018
203530,533.9083333333333,2018
1628381,1784.62,2018
203089,1969.505,2018
204066,174.44166666666666,2018
202322,1409.83,2018
1628405,175.765,2018
203948,379.06166666666667,2018
202720,136.46666666666667,2018
201973,1133.515,2018
202685,1727.24,2018
1626780,39.935,2018
1628371,535.4116666666666,2018
203613,2029.2466666666667,2018
1628395,808.9133333333333,2018
203903,1887.3983333333333,2018
202348,53.28333333333333,2018
1626175,284.05833333333334,2018
101181,914.325,2018
1627982,86.43333333333334,2018
1628404,1460.5216666666668,2018
203962,981.5483333333333,2018
1628367,1959.2183333333332,2018
203705,216.165,2018
201177,5.75,2018
1626196,2689.475,2018
2746,11.821666666666667,2018
201950,2926.733333333333,2018
1627823,277.08,2018
203944,2190.383333333333,2018
202933,174.755,2018
1626147,519.15,2018
203200,2264.925,2018
1628382,1506.2583333333334,2018
1628383,3.7333333333333334,2018
1626159,1680.4566666666667,2018
203994,2088.11,2018
1628443,107.18833333333333,2018
1626157,2918.1883333333335,2018
202695,209.86166666666668,2018
1627770,139.54166666666666,2018
203482,1778.6816666666666,2018
1626162,2230.6566666666668,2018
202689,2735.8783333333336,2018
2570,14.533333333333333,2018
202702,460.75333333333333,2018
203145,1789.4416666666666,2018
203484,2457.905,2018
201142,2325.095,2018
201567,1651.0083333333334,2018
1626172,910.07,2018
203920,578.4066666666666,2018
203114,2981.965,2018
202691,2504.2166666666667,2018
1628424,643.0933333333334,2018
201585,1391.065,2018
1627739,1524.8333333333333,2018
204001,1553.1683333333333,2018
203937,1978.39,2018
1627858,479.5566666666667,2018
2594,1573.8716666666667,2018
1628398,2400.905,2018
200768,2509.6066666666666,2018
203124,1386.595,2018
202713,58.845,2018
202681,1931.425,2018
200746,2508.6183333333333,2018
202362,1850.0283333333334,2018
202498,1353.0583333333334,2018
204038,863.445,2018
203580,70.04166666666667,2018
1626204,1420.5183333333334,2018
1628374,2020.02,2018
2544,3025.588333333333,2018
1628506,65.52333333333333,2018
1628366,1780.0566666666666,2018
203485,138.55,2018
101150,2589.09,2018
201601,1564.3466666666666,2018
203512,417.84,2018
1626242,7.95,2018
202337,714.7533333333333,2018
1628379,1462.7733333333333,2018
1628436,326.48833333333334,2018
2736,13.133333333333333,2018
1627781,323.315,2018
1627763,1436.0166666666667,2018
1627098,1014.1666666666666,2018
1626259,125.75,2018
1627736,582.7316666666667,2018
1628370,853.505,2018
1628493,19.8,2018
1938,1298.9183333333333,2018
202705,192.58333333333334,2018
201188,2408.335,2018
101162,2074.495,2018
201158,1946.7316666666666,2018
1627875,224.36166666666668,2018
202694,1442.055,2018
1627779,28.016666666666666,2018
203935,1613.5883333333334,2018
201596,1421.3516666666667,2018
1626209,1657.0433333333333,2018
203900,31.483333333333334,2018
1628365,252.98166666666665,2018
202693,1967.7533333333333,2018
1627737,1526.9,2018
203104,73.78333333333333,2018
201578,675.0333333333333,2018
1627850,51.75333333333333,2018
101107,2005.8516666666667,2018
203486,1439.45,2018
1627856,32.2,2018
1628475,11.4,2018
203521,712.495,2018
203090,1263.77,2018
1628467,1206.1083333333333,2018
203086,253.63666666666666,2018
201563,1653.4416666666666,2018
203487,834.7433333333333,2018
203077,1850.2883333333334,2018
201144,373.23833333333334,2018
1628455,686.4883333333333,2018
203488,1060.0866666666666,2018
203118,1406.315,2018
203101,917.6316666666667,2018
1628462,1134.055,2018
1628495,124.51666666666667,2018
1627851,1.85,2018
203141,159.16333333333333,2018
1626149,1293.175,2018
1628420,25.285,2018
1627988,378.07666666666665,2018
1626167,1836.155,2018
203489,18.783333333333335,2018
1628513,0.5166666666666667,2018
202357,1370.9583333333333,2018
2403,758.4066666666666,2018
203457,471.64,2018
2555,74.80666666666667,2018
201156,1393.1716666666666,2018
201587,1980.8233333333333,2018
1627852,9.91,2018
1628502,122.17166666666667,2018
203917,523.3,2018
203999,2442.505,2018
202703,1493.98,2018
202696,1683.1283333333333,2018
203943,875.6633333333333,2018
1626181,1061.5366666666666,2018
1628384,1481.4616666666666,2018
1627855,79.56333333333333,2018
204179,75.1,2018
201600,182.12666666666667,2018
201956,741.5933333333334,2018
203490,2431.536666666667,2018
200782,2281.1866666666665,2018
1628408,3.1883333333333335,2018
1627783,1679.2266666666667,2018
1626192,1487.8533333333332,2018
201976,333.54833333333335,2018
1627775,961.1333333333333,2018
202335,1269.9183333333333,2018
201988,2107.2516666666666,2018
2200,1811.9216666666666,2018
202331,2890.7383333333332,2018
200794,1143.4766666666667,2018
1627835,824.0,2018
203112,1359.2216666666666,2018
202347,195.69166666666666,2018
1626188,740.5033333333333,2018
1626154,45.07833333333333,2018
200765,1704.965,2018
201196,392.45166666666665,2018
1626173,211.96833333333333,2018
203526,498.1566666666667,2018
101109,1364.7183333333332,2018
203493,1731.56,2018
203687,6.626666666666667,2018
202704,1200.99,2018
2210,163.37166666666667,2018
1626158,745.9216666666666,2018
201937,2254.4416666666666,2018
203496,2531.365,2018
201577,1689.7766666666666,2018
203918,1615.4716666666666,2018
203585,299.24,2018
1628681,289.58666666666664,2018
1627758,384.67333333333335,2018
1626178,1920.5633333333333,2018
1626220,1149.5516666666667,2018
200752,1231.1833333333334,2018
203497,1816.04,2018
201566,2913.6566666666668,2018
201583,1725.3666666666666,2018
1627853,304.12166666666667,2018
1626257,728.7566666666667,2018
1626155,882.7516666666667,2018
203816,8.378333333333334,2018
203930,640.055,2018
1628400,1150.21,2018
201586,2093.2,2018
203498,417.96666666666664,2018
203894,1535.465,2018
203499,774.7116666666667,2018
1627885,384.4766666666667,2018
2733,1129.3166666666666,2018
202714,1364.735,2018
1628414,1155.88,2018
1627746,1240.2516666666668,2018
203524,187.12333333333333,2018
203915,2306.025,2018
1626169,1893.525,2018
201939,1630.7966666666666,2018
1628425,776.4466666666667,2018
203500,2486.8516666666665,2018
1628388,459.24333333333334,2018
204456,1706.6133333333332,2018
203933,2141.766666666667,2018
201959,2726.37,2018
204028,536.5,2018
1627752,2464.02,2018
1628390,763.0966666666667,2018
203082,600.3833333333333,2018
1626179,2068.14,2018
200757,805.565,2018
201152,2607.0316666666668,2018
1628418,72.285,2018
1627748,1237.885,2018
204025,837.9083333333333,2018
203501,1884.955,2018
1627817,12.75,2018
202389,359.48333333333335,2018
1627789,806.565,2018
202699,2667.983333333333,2018
203107,1642.6533333333334,2018
2754,272.54833333333335,2018
1628396,29.1,2018
2225,1070.8716666666667,2018
203503,2053.2883333333334,2018
1628470,628.8816666666667,2018
204037,227.79666666666665,2018
1626203,1049.5383333333334,2018
2772,2269.201666666667,2018
202344,1158.09,2018
203504,784.655,2018
1626168,1390.6816666666666,2018
203590,1.2333333333333334,2018
202684,1072.245,2018
203584,1622.33,2018
1627786,307.2033333333333,2018
1628463,518.48,2018
1628416,974.21,2018
203898,683.3766666666667,2018
204020,2052.241666666667,2018
1628399,2.1666666666666665,2018
1627755,1658.4616666666666,2018
203092,1108.16,2018
201936,1607.1616666666666,2018
1627820,851.185,2018
2199,1150.6933333333334,2018
1626145,1466.81,2018
2617,71.66333333333333,2018
203505,44.916666666666664,2018
203506,2552.0383333333334,2018
1713,1025.99,2018
1626205,7.406666666666666,2018
1627735,80.48166666666667,2018
1627215,35.10166666666667,2018
201961,2041.2033333333334,2018
1627782,691.33,2018
1628411,1020.305,2018
202325,1486.4116666666666,2018
202083,2131.4333333333334,2018
203115,2682.9016666666666,2018
1626161,2043.8233333333333,2018
203186,427.855,2018
1626195,494.325,2018
201163,2346.2533333333336,2018
204098,20.753333333333334,2018
1628504,117.79,2018
202918,7.498333333333333,2018
1627812,2281.485,2018
1628380,1045.45,2018
203897,656.2866666666666,2018
2216,1507.6116666666667,2018
2585,971.7466666666667,2018
1627753,123.96666666666667,2018
203932,2632.5333333333333,2019
1628988,645.83,2019
1627846,693.6566666666666,2019
201143,1972.6833333333334,2019
202329,2291.6983333333333,2019
1626210,25.533333333333335,2019
202692,1374.9466666666667,2019
203518,588.2733333333333,2019
1627936,531.1266666666667,2019
203458,1544.075,2019
1627816,304.9,2019
1628035,1003.3583333333333,2019
1628993,64.43333333333334,2019
203459,1133.0883333333334,2019
1629019,1458.5633333333333,2019
1628518,68.25,2019
101161,529.1716666666666,2019
203083,2646.89,2019
2738,1577.88,2019
201281,14.626666666666667,2019
101106,134.36333333333334,2019
1626150,185.785,2019
203952,2542.713333333333,2019
1629014,140.50833333333333,2019
1629116,14.766666666666667,2019
1627790,1081.9683333333332,2019
203076,1849.8833333333334,2019
201229,1079.3416666666667,2019
1628469,829.0366666666666,2019
203382,820.795,2019
203085,2027.7266666666667,2019
202340,1905.4483333333333,2019
1629168,49.35,2019
1628389,1912.6,2019
203463,157.62333333333333,2019
1627732,2700.2633333333333,2019
1628656,63.43333333333333,2019
202687,782.4416666666667,2019
201933,2622.3333333333335,2019
1626246,680.6583333333333,2019
1626171,1298.1766666666667,2019
203992,1947.17,2019
202711,2573.0583333333334,2019
1629045,98.47666666666667,2019
202954,342.60833333333335,2019
203078,3027.6516666666666,2019
1629164,57.053333333333335,2019
1627742,1760.4933333333333,2019
202688,736.545,2019
1629102,214.305,2019
201572,2321.595,2019
1628971,1449.3166666666666,2019
203998,799.7016666666667,2019
1627854,2292.6,2019
1627741,2614.858333333333,2019
203710,128.16666666666666,2019
203468,2375.2566666666667,2019
101139,856.595,2019
1628403,178.03333333333333,2019
1629244,259.4483333333333,2019
1626166,712.225,2019
1627747,1062.8866666666668,2019
2546,294.14166666666665,2019
1626224,2443.911666666667,2019
1628990,894.615,2019
202718,495.77,2019
101112,340.995,2019
1626184,742.91,2019
1627767,895.645,2019
1629002,145.44,2019
1628449,163.16166666666666,2019
1629185,32.53333333333333,2019
101108,1856.775,2019
1626174,250.305,2019
203991,2248.7283333333335,2019
203469,1242.9633333333334,2019
1629012,2605.0233333333335,2019
201147,491.5683333333333,2019
202709,2063.4816666666666,2019
201584,428.23,2019
1626245,746.3966666666666,2019
1626156,2447.955,2019
201571,2268.9616666666666,2019
1628391,882.0383333333333,2019
203474,6.733333333333333,2019
1629541,167.04333333333332,2019
1627745,409.61833333333334,2019
203081,2837.7566666666667,2019
1627814,375.18833333333333,2019
1628422,2003.805,2019
1627772,204.17166666666665,2019
1628464,907.58,2019
201568,2059.2116666666666,2019
201980,2215.465,2019
201967,928.46,2019
203957,664.0483333333333,2019
1627863,978.665,2019
203967,2022.4116666666666,2019
203121,1757.505,2019
201954,2143.1783333333333,2019
1629133,89.84666666666666,2019
1628021,984.23,2019
202722,1631.7083333333333,2019
1628432,46.916666666666664,2019
1628368,2545.8433333333332,2019
1629001,983.89,2019
201599,2047.1833333333334,2019
1627761,1931.28,2019
201942,2688.1566666666668,2019
202326,770.5783333333334,2019
201960,1703.4583333333333,2019
1629152,21.64666666666667,2019
1629028,2182.6883333333335,2019
1626153,1698.4366666666667,2019
1627743,39.45166666666667,2019
1629061,194.17,2019
203471,2313.7516666666666,2019
1628372,1508.475,2019
1629126,239.88166666666666,2019
202324,1766.4716666666666,2019
1627884,1153.5366666666666,2019
201565,1392.1616666666666,2019
1628401,1727.9733333333334,2019
1626164,2242.1183333333333,2019
2734,1070.59,2019
1628421,94.51666666666667,2019
1628984,676.095,2019
203473,1609.2066666666667,2019
1627738,118.435,2019
1628415,329.895,2019
203079,1137.9033333333334,2019
1717,795.14,2019
1627734,1838.4466666666667,2019
202700,12.783333333333333,2019
1628378,2598.2716666666665,2019
1628978,411.2866666666667,2019
1629055,2.4316666666666666,2019
1627827,1985.2833333333333,2019
203926,1339.665,2019
1627733,826.2083333333334,2019
203110,2064.693333333333,2019
1629234,113.41,2019
1629130,160.93666666666667,2019
1628605,25.916666666666668,2019
1628407,758.6683333333333,2019
2730,229.53666666666666,2019
203939,1662.535,2019
2548,1885.2266666666667,2019
1629058,39.288333333333334,2019
202734,1463.0133333333333,2019
202334,1446.0116666666668,2019
1628410,209.83833333333334,2019
202327,320.01166666666666,2019
203901,1249.7733333333333,2019
1629059,958.19,2019
1629150,22.731666666666666,2019
1626144,1607.0616666666667,2019
202683,1639.3783333333333,2019
202339,2271.705,2019
201569,2158.01,2019
203961,43.20666666666666,2019
101141,1231.3133333333333,2019
203095,2553.2816666666668,2019
202323,1605.7133333333334,2019
1628402,1168.8633333333332,2019
1626163,754.69,2019
1628412,435.47833333333335,2019
1628373,903.6033333333334,2019
1627832,1760.2533333333333,2019
1627788,679.2316666666667,2019
202066,2040.5916666666667,2019
1629109,640.6066666666667,2019
203914,1639.2433333333333,2019
1627780,15.916666666666666,2019
1629018,110.55,2019
201588,1302.305,2019
1628994,5.9,2019
1627777,516.3483333333334,2019
101123,1472.9816666666666,2019
203507,2358.221666666667,2019
203922,610.1116666666667,2019
201609,990.5166666666667,2019
202330,1863.3383333333334,2019
203476,1031.2216666666666,2019
1628960,416.29333333333335,2019
202328,479.9166666666667,2019
1627824,250.80333333333334,2019
1628977,526.28,2019
203084,2532.5933333333332,2019
1628385,819.99,2019
202355,1674.2266666666667,2019
1629312,39.78333333333333,2019
1627740,259.1066666666667,2019
203546,972.5783333333334,2019
101133,497.76666666666665,2019
1628387,6.15,2019
202697,1480.8,2019
1629067,120.025,2019
1629353,56.43333333333333,2019
1628515,559.23,2019
203477,627.9233333333333,2019
1628392,221.26,2019
1628439,32.333333333333336,2019
202738,180.78,2019
202397,1250.99,2019
1628397,720.6816666666666,2019
1627826,1039.2,2019
200826,751.8083333333333,2019
1629122,16.833333333333332,2019
200755,2379.116666666667,2019
2747,222.335,2019
203960,127.26666666666667,2019
203210,1370.5833333333333,2019
201580,1670.6933333333334,2019
203953,1724.2716666666668,2019
1628980,203.59666666666666,2019
203109,2165.7316666666666,2019
1626143,934.8483333333334,2019
1627774,1326.9366666666667,2019
1627751,1272.655,2019
1628973,1591.2583333333334,2019
1627883,214.12333333333333,2019
2037,1210.9116666666666,2019
1627750,2447.3116666666665,2019
203516,1229.6383333333333,2019
201935,2866.725,2019
201949,1163.8383333333334,2019
203263,101.49333333333334,2019
201162,1219.6483333333333,2019
1629123,110.92166666666667,2019
1626185,327.88,2019
1628991,1514.6883333333333,2019
1628417,439.16,2019
1629020,69.18666666666667,2019
1628386,2095.97,2019
201160,190.51666666666668,2019
1628393,64.34833333333333,2019
1629121,427.5883333333333,2019
1627759,1913.3516666666667,2019
1628537,28.513333333333332,2019
1628369,2454.6966666666667,2019
201145,2096.6883333333335,2019
201952,1264.035,2019
1629203,143.11666666666667,2019
203924,2612.26,2019
203087,2250.09,2019
202391,1436.3133333333333,2019
1626170,938.7733333333333,2019
1629010,320.52,2019
201573,656.9966666666667,2019
1628975,576.5016666666667,2019
202690,64.76666666666667,2019
202710,2184.9766666666665,2019
201149,692.485,2019
201975,104.04,2019
1629147,7.75,2019
203925,2293.5216666666665,2019
204060,2567.5666666666666,2019
203954,2154.305,2019
1628381,1828.4016666666666,2019
203089,188.40833333333333,2019
204066,0.7366666666666667,2019
203098,333.105,2019
202322,1103.78,2019
1628405,156.01833333333335,2019
1629140,371.7033333333333,2019
202720,402.36833333333334,2019
1628413,638.6716666666666,2019
201973,1217.9633333333334,2019
202685,1091.1733333333334,2019
1628371,1996.1833333333334,2019
203613,1064.265,2019
1628395,788.29,2019
203903,2214.48,2019
1628070,54.833333333333336,2019
203895,332.8433333333333,2019
1626296,4.233333333333333,2019
101181,631.9633333333334,2019
1628404,1714.815,2019
1628367,1988.1266666666668,2019
1629006,1757.17,2019
1626196,2539.43,2019
201950,2401.9283333333333,2019
1627823,1358.1566666666668,2019
1627395,253.88666666666666,2019
203944,2231.635,2019
1626147,463.505,2019
203200,2606.6116666666667,2019
1628382,1613.25,2019
1628383,20.6,2019
1626159,1959.505,2019
203994,1973.5533333333333,2019
1628443,415.54833333333335,2019
203564,5.583333333333333,2019
1626157,2544.66,2019
202695,2040.1833333333334,2019
1628966,503.37666666666667,2019
203482,1812.2533333333333,2019
1626162,1934.7933333333333,2019
202689,2862.605,2019
202702,728.1766666666666,2019
1629026,1079.22,2019
203145,1643.4133333333334,2019
203484,2035.135,2019
201142,2701.5316666666668,2019
1628989,2048.53,2019
1628995,2157.8933333333334,2019
201567,597.9116666666666,2019
1626172,1481.3233333333333,2019
203920,642.8616666666667,2019
203114,2393.338333333333,2019
1629017,195.46833333333333,2019
202691,2652.3333333333335,2019
1628424,1.8,2019
201585,501.56166666666667,2019
1628961,10.566666666666666,2019
1627739,1389.3533333333332,2019
203937,1281.5266666666666,2019
2594,1333.89,2019
1628398,2313.5816666666665,2019
200768,2213.2933333333335,2019
203124,370.71666666666664,2019
202681,2213.846666666667,2019
200746,2686.65,2019
202362,1122.7683333333334,2019
202498,783.36,2019
1629013,1801.8933333333334,2019
204038,1745.1716666666666,2019
1626204,1795.4433333333334,2019
1628374,1682.1283333333333,2019
2544,1937.4016666666666,2019
1629022,117.79833333333333,2019
1628366,1422.5383333333334,2019
203485,212.19166666666666,2019
101150,1992.5883333333334,2019
201601,61.0,2019
1629029,2317.74,2019
1628379,1436.63,2019
1628436,784.0033333333333,2019
2736,392.225,2019
1627781,103.42333333333333,2019
1627763,1831.5916666666667,2019
1626259,67.1,2019
1627736,1878.7233333333334,2019
1628370,1258.095,2019
202705,386.75333333333333,2019
201188,2435.985,2019
101162,750.4816666666667,2019
201158,1815.3566666666666,2019
1629094,67.32166666666667,2019
202694,2090.5066666666667,2019
203935,2199.7833333333333,2019
1626209,1206.27,2019
1628365,426.85,2019
202693,1270.5266666666666,2019
1627737,498.8016666666667,2019
1628963,1567.495,2019
101107,2133.2633333333333,2019
203486,1730.92,2019
203521,812.1933333333334,2019
203090,1415.13,2019
1628467,1502.1616666666666,2019
1628982,44.43333333333333,2019
203086,877.6783333333333,2019
201563,277.48333333333335,2019
203487,371.81666666666666,2019
203077,1179.1633333333334,2019
1628969,2417.115,2019
201144,2341.8,2019
203488,1305.8816666666667,2019
203118,1395.7816666666668,2019
1628970,1696.3333333333333,2019
203101,172.92166666666665,2019
1628462,150.00333333333333,2019
1628249,47.15,2019
1629011,1359.5083333333334,2019
1628964,766.1933333333334,2019
1626149,2158.1483333333335,2019
1628420,1970.2083333333333,2019
1629021,446.18,2019
1626167,2118.8166666666666,2019
1628513,83.915,2019
202357,1787.91,2019
2403,545.7833333333333,2019
203457,1055.6166666666666,2019
201156,37.13333333333333,2019
201587,2354.0183333333334,2019
203917,1014.7966666666666,2019
203999,2503.5866666666666,2019
202703,1245.195,2019
202696,2510.1766666666667,2019
203943,1721.695,2019
1626181,1126.465,2019
1628384,1352.2666666666667,2019
1627855,6.276666666666666,2019
1629016,804.5416666666666,2019
201956,520.435,2019
203490,1683.7516666666668,2019
200782,2802.1266666666666,2019
1628408,50.843333333333334,2019
1627783,2547.6133333333332,2019
1626192,1261.1733333333334,2019
201976,2137.221666666667,2019
1627775,397.295,2019
202335,860.6716666666666,2019
201988,1907.7083333333333,2019
2200,360.545,2019
202331,2841.306666666667,2019
200794,1894.5183333333334,2019
203112,122.93,2019
202347,291.87833333333333,2019
1626188,1058.9016666666666,2019
1626154,25.683333333333334,2019
200765,1368.565,2019
203526,473.5883333333333,2019
1628959,120.35333333333334,2019
1629034,147.62666666666667,2019
101109,379.37,2019
203493,1878.89,2019
202704,2288.8683333333333,2019
1626158,1183.6883333333333,2019
201937,1898.95,2019
203496,1202.6016666666667,2019
1629057,282.84,2019
201577,1605.6816666666666,2019
1629066,1293.75,2019
203918,1892.5633333333333,2019
203585,1549.715,2019
1627758,151.985,2019
1626178,1233.9633333333334,2019
1626220,1671.105,2019
200752,1842.2933333333333,2019
203497,2576.6866666666665,2019
201566,2629.4333333333334,2019
201583,321.2916666666667,2019
1627853,1961.3,2019
1629151,453.58666666666664,2019
1626257,399.12666666666667,2019
1626155,788.605,2019
203159,19.166666666666668,2019
1628400,594.4383333333334,2019
201586,2010.375,2019
203552,1399.3916666666667,2019
203894,982.8366666666667,2019
1628983,2173.9066666666668,2019
1629003,268.225,2019
1627885,1429.97,2019
2733,966.8916666666667,2019
202714,1246.645,2019
1628414,313.45166666666665,2019
1627746,176.47,2019
203524,878.525,2019
203915,1914.0033333333333,2019
1626169,1207.37,2019
201939,2331.1666666666665,2019
1628425,1034.3633333333332,2019
203500,2669.258333333333,2019
1629004,440.13,2019
1628388,521.5666666666667,2019
204456,1470.285,2019
203933,1359.9983333333332,2019
1628769,7.966666666666667,2019
201959,1686.35,2019
1627752,1552.2916666666667,2019
1628390,1931.0783333333334,2019
203093,5.1,2019
203082,2150.0533333333333,2019
1626179,1791.385,2019
200757,608.6566666666666,2019
201152,2488.838333333333,2019
1629033,211.37333333333333,2019
1628418,1496.3433333333332,2019
1629118,36.306666666666665,2019
1627748,972.3016666666666,2019
204025,1119.6633333333334,2019
203501,2056.6066666666666,2019
1627789,669.29,2019
202699,2847.82,2019
203107,2163.5666666666666,2019
1628396,35.9,2019
2225,1002.8016666666666,2019
203503,1303.915,2019
1628470,1503.015,2019
1629027,2503.2816666666668,2019
1626203,715.3616666666667,2019
1628979,5.6033333333333335,2019
2772,2348.866666666667,2019
203504,1124.595,2019
1626168,1119.695,2019
202684,1197.6883333333333,2019
1628972,729.7366666666667,2019
1628505,15.633333333333333,2019
203584,759.73,2019
1627786,311.9716666666667,2019
1628463,39.498333333333335,2019
1629093,0.9116666666666666,2019
1628416,697.8533333333334,2019
204020,1529.075,2019
1628399,93.53666666666666,2019
1627755,0.8283333333333334,2019
203092,92.84666666666666,2019
201936,1401.9833333333333,2019
1627820,627.7183333333334,2019
2199,874.7566666666667,2019
1626145,1560.4233333333334,2019
2617,74.5,2019
203506,1146.6733333333334,2019
1713,1330.3566666666666,2019
1629053,15.716666666666667,2019
1627735,93.65333333333334,2019
1627215,167.15,2019
201961,1296.8483333333334,2019
1627782,1438.58,2019
1628976,1109.8,2019
1628411,1233.2,2019
202325,533.9583333333334,2019
202083,2091.0233333333335,2019
203115,1188.9783333333332,2019
1626161,2212.5466666666666,2019
1626195,811.8533333333334,2019
201163,1176.3283333333334,2019
1628999,13.033333333333333,2019
1627812,1066.6483333333333,2019
1629139,174.35,2019
1628380,1355.7366666666667,2019
203897,2170.855,2019
1629155,3.75,2019
2585,878.165,2019
1629015,110.61666666666666,2019
1627753,0.955,2019
203932,2017.1433333333334,2020
1628988,1617.3316666666667,2020
1627846,866.9516666666667,2020
1629690,111.66666666666667,2020
1629678,368.38166666666666,2020
201143,2025.5433333333333,2020
202329,380.0783333333333,2020
202692,1754.2516666666668,2020
1629346,138.89333333333335,2020
1627936,1175.275,2020
203458,970.5233333333333,2020
1628035,593.4583333333334,2020
1628993,117.72666666666667,2020
203459,653.01,2020
1629019,290.73833333333334,2020
1628518,74.33,2020
1629599,158.99,2020
203083,1878.2016666666666,2020
2738,418.1666666666667,2020
203460,86.965,2020
203952,1858.8816666666667,2020
1629014,1448.8066666666666,2020
1627790,220.62166666666667,2020
203076,2131.193333333333,2020
201229,871.9233333333333,2020
1628499,45.73833333333334,2020
1628394,436.89666666666665,2020
203382,934.4366666666666,2020
203085,1593.94,2020
202340,1186.465,2020
1629168,82.56666666666666,2020
1628389,2416.9616666666666,2020
203463,1619.485,2020
1627732,2016.8633333333332,2020
202687,1029.0416666666667,2020
201933,512.28,2020
1626246,421.89166666666665,2020
1626171,1393.5066666666667,2020
203992,1765.8266666666666,2020
202711,2082.81,2020
1629626,86.93833333333333,2020
202954,1369.1166666666666,2020
203078,2053.096666666667,2020
1629634,1300.02,2020
1629164,430.46666666666664,2020
1627742,2103.44,2020
202688,462.49833333333333,2020
1628968,31.066666666666666,2020
201572,1816.9366666666667,2020
1628971,1634.0416666666667,2020
203998,244.22,2020
1628981,712.5283333333333,2020
1627854,1579.215,2020
1627741,2216.0616666666665,2020
203468,2556.5916666666667,2020
101139,161.035,2020
1628997,316.75333333333333,2020
1628403,288.0566666666667,2020
1629629,1550.745,2020
1629661,1255.405,2020
1626166,183.15833333333333,2020
1627747,1329.84,2020
2546,1902.0466666666666,2020
1629035,350.53833333333336,2020
1626224,1910.3683333333333,2020
1628990,526.7916666666666,2020
202718,54.22,2020
1629718,40.45666666666666,2020
1626184,40.406666666666666,2020
1627767,478.54,2020
1629002,105.28,2020
1628449,818.605,2020
1629185,400.96166666666664,2020
1629598,290.52166666666665,2020
101108,2207.8533333333335,2020
1629735,346.27166666666665,2020
1626174,1324.6433333333334,2020
203991,1279.3033333333333,2020
1629632,1674.0,2020
1628998,902.695,2020
203469,1340.6083333333333,2020
1629012,2142.615,2020
201147,32.54833333333333,2020
202709,1759.3966666666668,2020
201584,345.48833333333334,2020
1626245,385.71666666666664,2020
1626156,1452.1283333333333,2020
201571,1420.415,2020
1628391,362.94,2020
1629610,141.11333333333334,2020
1627745,886.9416666666667,2020
203081,2473.655,2020
1627814,1422.5933333333332,2020
1628422,836.0616666666666,2020
1629655,609.0533333333333,2020
1628464,1566.135,2020
201568,1833.9283333333333,2020
201980,1686.72,2020
203957,485.62,2020
1627863,1912.6516666666666,2020
203967,1631.7816666666668,2020
1629647,1129.46,2020
1629636,1823.9683333333332,2020
1629133,14.1,2020
1628021,268.46,2020
202722,1583.0116666666668,2020
1628368,1634.3966666666668,2020
1629631,2017.935,2020
1629001,1167.3466666666666,2020
201599,1234.1666666666667,2020
1627761,915.36,2020
201942,2316.2833333333333,2020
201960,289.8666666666667,2020
1629731,71.41666666666667,2020
1629028,1236.335,2020
1627749,1686.7633333333333,2020
1626153,1569.7166666666667,2020
203471,1998.8966666666668,2020
1628372,537.4,2020
1627756,487.895,2020
1629126,356.52666666666664,2020
202324,1242.455,2020
1627884,1375.0833333333333,2020
201565,1297.66,2020
1628476,248.30333333333334,2020
1628401,1676.735,2020
1626164,2511.66,2020
1628985,80.73833333333333,2020
1629719,8.866666666666667,2020
1628984,2211.2316666666666,2020
1629608,28.235,2020
203473,773.655,2020
1628415,2111.9883333333332,2020
203079,207.45,2020
1627734,2158.65,2020
1628378,2363.9666666666667,2020
1629743,133.14833333333334,2020
1628978,1520.4066666666668,2020
1627827,2119.5383333333334,2020
203926,1372.3916666666667,2020
1627733,285.55,2020
203110,1221.6566666666668,2020
1629234,272.22,2020
1629130,2165.63,2020
1628605,13.433333333333334,2020
1628407,687.3033333333333,2020
2730,1305.7133333333334,2020
203939,1060.5383333333334,2020
1629058,487.215,2020
202734,1019.8866666666667,2020
202334,303.4716666666667,2020
1628410,446.785,2020
203901,1245.8833333333334,2020
1629059,718.7066666666667,2020
1626144,849.5966666666667,2020
202683,983.3383333333334,2020
202339,1646.2833333333333,2020
201569,1016.205,2020
1628450,19.041666666666668,2020
1629672,1653.795,2020
101141,986.3833333333333,2020
203095,2075.64,2020
202323,251.46,2020
1628402,797.155,2020
1626163,777.4233333333333,2020
1628412,117.925,2020
1628373,1186.6733333333334,2020
1627832,1928.1533333333334,2020
1627788,1558.9133333333334,2020
1629216,82.81166666666667,2020
202066,1729.7716666666668,2020
1629726,227.39666666666668,2020
1629109,566.3666666666667,2020
203914,1780.2,2020
1627780,431.78,2020
1629018,1331.9966666666667,2020
201588,1271.2016666666666,2020
1627777,923.1916666666667,2020
203507,1916.88,2020
203922,1786.4316666666666,2020
1629048,471.2916666666667,2020
201609,1662.8666666666666,2020
202330,1739.9883333333332,2020
203476,1096.4966666666667,2020
1629684,1043.2233333333334,2020
1628960,718.47,2020
1628977,895.5866666666667,2020
203084,2481.615,2020
1628385,667.0033333333333,2020
202355,2008.0833333333333,2020
1627740,15.116666666666667,2020
101133,807.825,2020
1629649,53.25,2020
202697,240.64333333333335,2020
1629067,1249.6516666666666,2020
1628392,266.02166666666665,2020
1629676,11.4,2020
202738,924.6766666666666,2020
202397,1786.92,2020
1627826,1326.0,2020
200826,449.6816666666667,2020
1629122,0.6233333333333333,2020
200755,1580.9666666666667,2020
2747,78.90333333333334,2020
1629630,2074.3233333333333,2020
203960,470.645,2020
203210,1307.0416666666667,2020
201580,1130.0916666666667,2020
203953,917.8116666666666,2020
1628980,418.12,2020
203109,1874.7316666666666,2020
1626143,466.94166666666666,2020
1627774,505.1766666666667,2020
1627751,1171.1166666666666,2020
1628973,1022.0733333333334,2020
1629665,31.60333333333333,2020
1629667,293.32166666666666,2020
2037,5.966666666666667,2020
1627750,1903.4816666666666,2020
203516,1265.905,2020
201935,2482.55,2020
201949,619.5716666666667,2020
201162,363.56666666666666,2020
1629607,7.883333333333334,2020
1628991,1621.9933333333333,2020
1629020,46.53666666666667,2020
1629714,96.03,2020
1628386,1851.8633333333332,2020
1629633,1505.6066666666666,2020
1627784,53.15,2020
1629750,467.84833333333336,2020
1629637,1079.715,2020
1627759,1933.665,2020
1629658,102.99833333333333,2020
1629669,151.20166666666665,2020
1628369,2265.085,2020
201145,960.1016666666667,2020
201952,1464.2766666666666,2020
203924,1891.945,2020
1629725,99.10333333333334,2020
203087,1291.1533333333334,2020
202951,44.31,2020
1626170,80.35166666666667,2020
1629010,979.305,2020
1628975,945.1483333333333,2020
202710,1959.1033333333332,2020
201149,50.166666666666664,2020
1629147,33.44833333333333,2020
203925,2123.015,2020
204060,2136.576666666667,2020
203954,1505.815,2020
1628381,1363.1616666666666,2020
203089,600.2066666666667,2020
1629723,181.11333333333334,2020
1628405,41.14666666666667,2020
1629140,179.77666666666667,2020
1628413,47.053333333333335,2020
202685,1845.1033333333332,2020
1628371,979.895,2020
1628395,256.38666666666666,2020
1629648,53.03,2020
203903,1704.7283333333332,2020
1629162,590.4466666666667,2020
203895,784.5383333333333,2020
1629673,1273.89,2020
1627982,22.716666666666665,2020
1628404,1755.215,2020
1628367,381.455,2020
203705,37.89333333333333,2020
1629006,1547.2933333333333,2020
1629729,28.31833333333333,2020
1626196,1693.185,2020
201950,2116.8166666666666,2020
1629308,272.10333333333335,2020
1627823,833.5116666666667,2020
203944,2080.4,2020
1626147,107.33333333333333,2020
203200,1825.7016666666666,2020
1628382,1044.6316666666667,2020
1629713,232.36666666666667,2020
1628383,24.241666666666667,2020
1629620,48.68666666666667,2020
1629625,45.15,2020
1626159,352.25,2020
203994,253.13833333333332,2020
1629752,134.45666666666668,2020
1629644,25.975,2020
1628443,117.05,2020
1626157,1187.03,2020
202695,1848.1083333333333,2020
1628966,744.3233333333334,2020
1629103,494.89666666666665,2020
1629640,300.5966666666667,2020
203482,1300.305,2020
1626162,1933.3716666666667,2020
202689,1742.405,2020
1629134,1962.4683333333332,2020
1629026,831.8816666666667,2020
203145,1687.7166666666667,2020
203484,1761.9616666666666,2020
1628987,52.12833333333333,2020
1628989,1760.375,2020
1628995,1166.1333333333334,2020
201567,1779.87,2020
1629645,1161.72,2020
1626172,261.6016666666667,2020
203920,922.0183333333333,2020
203114,1852.6716666666666,2020
1629017,61.20666666666666,2020
1628961,20.105,2020
1627739,1268.62,2020
204001,1813.7766666666666,2020
1629065,1015.1866666666666,2020
1629734,13.366666666666667,2020
203937,1329.8866666666668,2020
1629657,9.583333333333334,2020
2594,959.98,2020
1628398,1526.185,2020
200768,2098.3216666666667,2020
203124,312.6333333333333,2020
202681,657.9666666666667,2020
200746,1753.9383333333333,2020
202498,97.75833333333334,2020
1629013,1451.93,2020
204038,1702.225,2020
1626204,1472.1133333333332,2020
1628374,1491.5783333333334,2020
2544,2316.266666666667,2020
1629022,988.2983333333333,2020
1628366,2025.215,2020
101150,1863.7083333333333,2020
1629663,62.2,2020
201601,24.6,2020
1629652,820.33,2020
1629029,2047.245,2020
1629677,48.416666666666664,2020
1628379,921.9233333333333,2020
1628436,558.5433333333333,2020
1627763,1666.2683333333334,2020
1626259,161.91833333333332,2020
1627736,1208.7116666666666,2020
1628370,1169.1033333333332,2020
1629005,3.683333333333333,2020
201188,1161.1566666666668,2020
201158,883.4016666666666,2020
202694,1936.2733333333333,2020
203935,1919.27,2020
1629621,27.865,2020
1626209,871.405,2020
1628365,1995.945,2020
202693,1187.5333333333333,2020
1629741,483.615,2020
1629716,2.816666666666667,2020
1627737,1196.1283333333333,2020
1628963,333.9266666666667,2020
101107,1128.9166666666667,2020
203486,1057.2983333333334,2020
1629680,1287.4316666666666,2020
1629760,18.75,2020
1629744,440.02,2020
203521,820.7733333333333,2020
203090,1426.775,2020
1629622,6.233333333333333,2020
1628467,1889.7033333333334,2020
1628982,125.93,2020
203086,1033.9316666666666,2020
1629662,64.41666666666667,2020
203487,833.1433333333333,2020
1626187,144.57,2020
203077,280.6933333333333,2020
1629008,903.2866666666666,2020
1628969,2042.1283333333333,2020
201144,1363.2733333333333,2020
203488,571.7666666666667,2020
203118,1207.0116666666668,2020
1628970,1995.5766666666666,2020
1629011,1412.325,2020
1629671,109.075,2020
1628964,878.3683333333333,2020
1626149,1749.1266666666668,2020
1628420,1636.5516666666667,2020
1629021,835.3316666666667,2020
1629650,32.843333333333334,2020
1628539,203.68666666666667,2020
1626167,1825.8016666666667,2020
1629642,572.485,2020
1628513,46.85,2020
1629675,495.4633333333333,2020
202357,2011.1883333333333,2020
203457,1126.9333333333334,2020
1629651,186.85,2020
1629638,590.8033333333333,2020
201587,504.9816666666667,2020
1629740,1042.1233333333332,2020
1628430,49.805,2020
203999,2335.405,2020
202696,1998.1783333333333,2020
203943,377.73833333333334,2020
1626181,1478.825,2020
203658,231.73833333333334,2020
1628384,2065.6766666666667,2020
1629016,885.985,2020
1629052,135.07333333333332,2020
203490,330.78,2020
200782,2467.233333333333,2020
1629023,1758.9916666666666,2020
1628408,411.56166666666667,2020
1627783,2110.161666666667,2020
1626192,1243.1333333333334,2020
201976,1341.7016666666666,2020
1627775,908.1416666666667,2020
202335,776.1866666666666,2020
201988,1484.7483333333332,2020
202331,1418.8783333333333,2020
200794,1239.95,2020
1628778,87.21166666666667,2020
1626188,507.95166666666665,2020
1629683,77.73833333333333,2020
1629628,1704.4216666666666,2020
200765,984.24,2020
203526,667.6,2020
1629730,161.44833333333332,2020
203493,684.325,2020
202704,742.66,2020
1626158,1241.615,2020
201937,2016.3616666666667,2020
203496,2136.8083333333334,2020
1629057,387.7733333333333,2020
201577,958.1083333333333,2020
1629066,683.525,2020
203918,618.6716666666666,2020
203585,871.0133333333333,2020
1629641,369.84833333333336,2020
1626178,1121.895,2020
1626220,2049.4683333333332,2020
200752,1460.5833333333333,2020
203497,2332.7066666666665,2020
1629060,1444.0316666666668,2020
201566,2049.1683333333335,2020
201583,13.966666666666667,2020
1627853,929.9733333333334,2020
1629151,180.11833333333334,2020
1629635,753.7266666666667,2020
1628400,1010.595,2020
201586,1484.6266666666668,2020
203552,1575.7133333333334,2020
203894,1344.4933333333333,2020
1628983,2428.335,2020
1629003,805.365,2020
1629044,10.583333333333334,2020
1627885,484.3516666666667,2020
1628414,35.483333333333334,2020
1627746,566.79,2020
203524,1088.3383333333334,2020
203915,1994.15,2020
1626169,149.72666666666666,2020
1629742,15.283333333333333,2020
201939,139.31666666666666,2020
1628425,766.68,2020
203500,1680.51,2020
1629004,1265.0133333333333,2020
1628388,221.8,2020
204456,1326.045,2020
203933,2202.3516666666665,2020
1629605,32.53666666666667,2020
201959,1025.1666666666667,2020
1629659,81.15,2020
1629745,15.4,2020
1627752,1857.435,2020
1629611,362.12,2020
1629056,1209.1633333333334,2020
1628390,1257.4483333333333,2020
203082,1889.0833333333333,2020
1626179,2164.46,2020
200757,435.8433333333333,2020
201152,1590.6616666666666,2020
203648,128.63,2020
1629033,365.4116666666667,2020
1628418,1146.7916666666667,2020
1627748,776.095,2020
204025,354.82666666666665,2020
203501,2091.3533333333335,2020
1627789,852.6666666666666,2020
202699,2469.1783333333333,2020
203107,1877.9383333333333,2020
1628396,663.1633333333333,2020
203503,1641.0766666666666,2020
1628470,1071.9316666666666,2020
1629027,2120.2083333333335,2020
1629682,118.64166666666667,2020
1626203,929.3316666666667,2020
2772,1492.275,2020
203504,520.0333333333333,2020
1626168,1270.8233333333333,2020
202684,1721.525,2020
1628972,1782.0183333333334,2020
203584,531.9716666666667,2020
1629660,327.59,2020
1629076,54.071666666666665,2020
1629639,1508.08,2020
204020,709.3016666666666,2020
203092,3.875,2020
1627820,160.37833333333333,2020
2199,219.20666666666668,2020
1626145,1231.9766666666667,2020
2617,44.13,2020
1629724,61.888333333333335,2020
203506,528.14,2020
1713,875.5666666666667,2020
1629738,129.99166666666667,2020
1628427,45.42,2020
201961,558.385,2020
1628976,1255.7866666666666,2020
1629117,234.91833333333332,2020
1628411,953.2933333333333,2020
202083,1634.865,2020
203115,1915.8383333333334,2020
1629739,13.266666666666667,2020
1626161,1097.4466666666667,2020
1626195,375.2183333333333,2020
201163,734.11,2020
1627812,529.76,2020
1629139,104.76833333333333,2020
1628380,289.9066666666667,2020
203897,2085.41,2020
1629668,40.80166666666667,2020
1629015,32.33166666666666,2020
1629627,668.1416666666667,2020
1629597,51.04333333333334,2020
203932,1383.78,2021
1628988,1176.0866666666666,2021
1630174,668.7316666666667,2021
1627846,355.25,2021
1629690,56.178333333333335,2021
201143,781.755,2021
202329,434.14,2021
202692,1254.56,2021
1630197,1089.915,2021
1629346,83.855,2021
1627936,1216.1233333333332,2021
203458,978.7383333333333,2021
1628035,258.0083333333333,2021
1628993,188.69333333333333,2021
1628578,29.278333333333332,2021
1629599,394.565,2021
2760,35.93333333333333,2021
203083,1241.5883333333334,2021
2738,1338.8633333333332,2021
203460,62.92666666666667,2021
203952,2364.27,2021
1629014,1104.4566666666667,2021
203076,1161.735,2021
1630162,2314.1666666666665,2021
1630264,218.015,2021
1630237,415.21,2021
201229,98.97333333333333,2021
1628394,6.316666666666666,2021
1629717,520.36,2021
203382,980.2766666666666,2021
1630204,4.066666666666666,2021
203085,844.9683333333334,2021
202340,601.925,2021
1626253,61.21666666666667,2021
1628389,2142.616666666667,2021
203463,904.81,2021
1627732,1877.2883333333334,2021
202687,1348.7816666666668,2021
201933,1186.62,2021
1626246,271.3183333333333,2021
1626171,1372.1766666666667,2021
203992,1305.4016666666666,2021
202711,2215.565,2021
1629626,159.65666666666667,2021
202954,1053.3283333333334,2021
203078,2146.9983333333334,2021
1629634,1414.765,2021
1629164,619.5916666666667,2021
1627742,2092.41,2021
1628968,14.865,2021
1630271,399.27,2021
201572,1901.7883333333334,2021
1628971,1451.1583333333333,2021
203998,36.43333333333333,2021
1628981,225.93333333333334,2021
1627854,1354.36,2021
1627741,2432.858333333333,2021
1629604,192.38333333333333,2021
203468,1599.7583333333334,2021
1628997,818.4866666666667,2021
1629629,750.3383333333334,2021
1629244,40.483333333333334,2021
1629661,1437.4433333333334,2021
1628419,87.38333333333334,2021
1626166,1079.435,2021
1627747,1485.34,2021
2546,1690.1433333333334,2021
1629035,275.5833333333333,2021
1630199,93.31833333333333,2021
1630216,98.195,2021
1626224,1510.5083333333334,2021
1628990,345.80333333333334,2021
1629718,151.82666666666665,2021
1626184,837.0483333333333,2021
1629002,488.0566666666667,2021
1628449,1452.6783333333333,2021
1629185,232.345,2021
101108,2199.5333333333333,2021
1629735,92.35833333333333,2021
1626174,1325.8983333333333,2021
1629643,1132.5533333333333,2021
203991,1898.3766666666668,2021
1629632,2155.82,2021
1628998,849.1916666666667,2021
203469,1005.3433333333334,2021
1630175,1272.8433333333332,2021
1629012,2115.1683333333335,2021
202709,1446.1283333333333,2021
1626245,83.55,2021
1626156,1196.2566666666667,2021
201571,1128.8133333333333,2021
1628391,432.63,2021
1629610,492.7733333333333,2021
1629751,123.46,2021
1627745,545.7266666666667,2021
203081,2397.7966666666666,2021
1627814,1079.0,2021
1628422,907.2183333333334,2021
1629655,791.3866666666667,2021
1630187,160.90333333333334,2021
1628464,1600.6766666666667,2021
201568,1221.8916666666667,2021
201980,1934.3583333333333,2021
203957,116.14833333333333,2021
1627863,932.3383333333334,2021
203967,870.4833333333333,2021
1629647,1714.205,2021
1629636,1789.9433333333334,2021
203121,196.795,2021
1628021,678.5633333333334,2021
202722,1463.675,2021
1628368,2036.1416666666667,2021
1629631,677.7966666666666,2021
1629001,1045.2133333333334,2021
201599,1246.0183333333334,2021
1627761,971.875,2021
201942,2056.46,2021
202326,712.8716666666667,2021
1629731,1212.1083333333333,2021
1629028,2114.59,2021
1629686,133.11333333333334,2021
1627749,2139.415,2021
1626153,1747.9483333333333,2021
1630166,1256.8766666666668,2021
203471,1956.2766666666666,2021
1628372,420.0183333333333,2021
1627756,1035.775,2021
202324,1039.205,2021
1627884,1317.9283333333333,2021
201565,1278.8583333333333,2021
1628401,1063.5383333333334,2021
1630217,1518.965,2021
1626164,2270.0533333333333,2021
1629962,74.35,2021
1630170,1055.9633333333334,2021
1629653,50.21333333333333,2021
1629719,97.63333333333334,2021
1628984,1658.6033333333332,2021
203473,210.47166666666666,2021
1629712,56.336666666666666,2021
1628415,1996.6566666666668,2021
1627734,2231.4466666666667,2021
1628378,1771.4366666666667,2021
1629743,179.24833333333333,2021
1628978,1814.6633333333334,2021
1627827,1920.5383333333334,2021
203926,1619.1316666666667,2021
203110,1981.7616666666668,2021
1629234,755.2783333333333,2021
1629130,2261.725,2021
1628407,1852.7833333333333,2021
2730,1195.535,2021
203939,965.5783333333334,2021
1629685,512.6516666666666,2021
202734,388.74666666666667,2021
202334,298.93333333333334,2021
1628410,861.2033333333334,2021
203901,1484.41,2021
1629091,31.57,2021
1630190,63.715,2021
202683,1757.2366666666667,2021
202339,2111.516666666667,2021
201569,788.7133333333334,2021
1629672,695.0166666666667,2021
101141,147.53833333333333,2021
203095,1259.0033333333333,2021
1630267,1424.9316666666666,2021
1628402,738.2416666666667,2021
1626163,714.8066666666666,2021
1628412,79.28333333333333,2021
1628373,322.005,2021
1627832,1898.5566666666666,2021
1630273,391.9033333333333,2021
1627788,1061.575,2021
1629216,654.8616666666667,2021
1630466,211.60666666666665,2021
202066,1528.24,2021
1629726,1037.9516666666666,2021
1629109,653.7633333333333,2021
203914,1080.2066666666667,2021
1627780,40.41166666666667,2021
1629018,1801.985,2021
201588,671.595,2021
1627777,1154.4366666666667,2021
203507,2012.7333333333333,2021
203922,369.335,2021
1629048,561.2766666666666,2021
201609,1336.4916666666666,2021
202330,1496.1833333333334,2021
203476,552.7366666666667,2021
1630203,27.233333333333334,2021
1629684,1137.9066666666668,2021
1628960,1259.485,2021
204222,12.016666666666667,2021
1628977,1226.0866666666666,2021
203084,2102.3933333333334,2021
1628385,347.9216666666667,2021
202355,545.8566666666667,2021
1627740,38.36666666666667,2021
1629649,248.81166666666667,2021
202697,10.983333333333333,2021
1630193,1243.485,2021
1629067,431.98833333333334,2021
1630171,2173.235,2021
1628392,558.8983333333333,2021
1630198,382.8233333333333,2021
1629676,1425.2766666666666,2021
1630191,1454.8283333333334,2021
202738,48.266666666666666,2021
202397,923.62,2021
1627826,1608.47,2021
200755,723.3633333333333,2021
1629630,2052.8683333333333,2021
203960,316.27166666666665,2021
203210,1119.8333333333333,2021
201580,678.4033333333333,2021
203953,165.45833333333334,2021
1630183,1510.7833333333333,2021
203109,1648.3816666666667,2021
1630256,2042.7166666666667,2021
1626143,347.2366666666667,2021
1630186,94.475,2021
1627774,627.245,2021
1627751,1845.1333333333334,2021
1628973,1697.2083333333333,2021
1630223,172.105,2021
1629665,12.133333333333333,2021
1629667,903.58,2021
1630188,155.725,2021
1627750,1703.6416666666667,2021
203516,986.3,2021
201935,1608.8366666666666,2021
201949,1042.965,2021
203263,47.785,2021
1630164,835.88,2021
201162,80.65,2021
1629607,16.25,2021
1628991,258.435,2021
1629020,1139.305,2021
1629714,138.31333333333333,2021
1628386,1863.5433333333333,2021
1629633,499.09166666666664,2021
1629750,473.725,2021
1629637,963.7066666666667,2021
1630206,84.18333333333334,2021
1629121,18.12,2021
1627759,1998.6316666666667,2021
1629658,319.63,2021
1629669,759.045,2021
1628369,2289.7033333333334,2021
201145,1835.165,2021
201952,950.1216666666667,2021
203924,1829.2633333333333,2021
1629725,75.15,2021
203087,765.3416666666667,2021
1629010,304.95166666666665,2021
1628975,716.68,2021
202710,1744.615,2021
203925,2141.54,2021
204060,1866.555,2021
203954,1585.105,2021
1628381,1848.1083333333333,2021
1629723,574.9633333333334,2021
202322,1288.0716666666667,2021
202685,1755.3283333333334,2021
1629007,53.99166666666667,2021
1628395,81.88666666666667,2021
1629648,195.85666666666665,2021
203903,1817.6166666666666,2021
1629162,938.0866666666667,2021
1629670,273.58666666666664,2021
1629673,987.835,2021
1630182,444.63166666666666,2021
1630221,336.0,2021
1628404,1349.53,2021
1628367,1559.6,2021
1629006,1196.7383333333332,2021
1626196,1789.6383333333333,2021
201950,1906.8066666666666,2021
1629308,1107.485,2021
1627823,900.04,2021
203944,2666.7366666666667,2021
203200,2183.33,2021
1628382,576.8916666666667,2021
1629713,310.43666666666667,2021
1628383,246.75833333333333,2021
1629620,87.74166666666666,2021
1626159,507.0566666666667,2021
203994,880.0983333333334,2021
1629752,147.10166666666666,2021
1630231,1067.6483333333333,2021
1629644,446.95166666666665,2021
1630211,88.31666666666666,2021
1626157,1688.9183333333333,2021
202695,1772.43,2021
1628966,244.67833333333334,2021
1629103,322.56666666666666,2021
1629640,1967.7866666666666,2021
1629833,74.91333333333333,2021
203482,1996.8916666666667,2021
1626162,1687.55,2021
202689,1369.3533333333332,2021
1629134,1650.1933333333334,2021
1629026,1426.0616666666667,2021
203145,1333.5366666666666,2021
203484,1901.9866666666667,2021
201142,1156.7716666666668,2021
1628989,2125.995,2021
1628995,464.4,2021
201567,622.15,2021
1629645,835.4883333333333,2021
1626172,1160.6933333333334,2021
203920,1529.23,2021
203114,2268.616666666667,2021
1629017,152.93333333333334,2021
1630165,670.2116666666667,2021
1629681,181.77,2021
1630184,904.4433333333334,2021
1628961,55.81666666666667,2021
1627739,45.41,2021
204001,1326.5633333333333,2021
203937,1887.335,2021
1629657,235.175,2021
1628398,1954.2333333333333,2021
200768,1601.5,2021
202681,1886.2016666666666,2021
200746,674.3966666666666,2021
1630163,1468.5733333333333,2021
1630205,498.765,2021
1629013,1402.6666666666667,2021
204038,437.6716666666667,2021
1626204,1091.4733333333334,2021
1628374,1317.4466666666667,2021
2544,1503.7016666666666,2021
1629022,1521.8433333333332,2021
1628366,1747.2383333333332,2021
101150,1422.9083333333333,2021
1629663,85.30333333333333,2021
1629652,1543.205,2021
1629029,2262.3966666666665,2021
1629677,308.1766666666667,2021
1628379,1232.2483333333332,2021
1628436,347.435,2021
1630201,927.545,2021
1627763,1929.5433333333333,2021
1627736,1214.065,2021
1630238,10.816666666666666,2021
1628370,878.405,2021
1629603,141.05,2021
201188,993.075,2021
202694,1501.8883333333333,2021
203935,1581.2516666666668,2021
1628365,215.2,2021
202693,1200.1233333333332,2021
1630210,204.94833333333332,2021
1629716,28.633333333333333,2021
1627737,26.716666666666665,2021
1628963,1111.8283333333334,2021
1630222,334.4866666666667,2021
203486,1498.605,2021
1629680,1298.005,2021
1629744,326.63,2021
203521,224.1,2021
203090,771.8766666666667,2021
1629622,506.53333333333336,2021
1628467,1340.7966666666666,2021
203086,29.386666666666667,2021
1629662,280.0183333333333,2021
203487,799.6316666666667,2021
1629008,1912.25,2021
1628969,2347.7283333333335,2021
201144,1497.615,2021
1628455,235.99,2021
203488,645.4416666666667,2021
203118,851.6516666666666,2021
1628970,1931.9216666666666,2021
1629011,852.5183333333333,2021
1629671,519.4116666666666,2021
1628964,724.5766666666667,2021
1626149,1580.3283333333334,2021
1628420,1196.1533333333334,2021
1629021,721.8316666666667,2021
1629650,920.195,2021
1628539,765.725,2021
1626167,1455.32,2021
1630230,699.6983333333334,2021
1629642,640.37,2021
1630268,26.116666666666667,2021
1630207,93.35,2021
1630233,278.77666666666664,2021
1629675,1346.6883333333333,2021
202357,595.145,2021
203457,1546.6083333333333,2021
1629651,594.2366666666667,2021
1630208,62.61833333333333,2021
1629638,1006.9183333333333,2021
1630185,363.91833333333335,2021
201587,1834.7816666666668,2021
1629740,566.1483333333333,2021
203999,2487.7816666666668,2021
202696,2348.153333333333,2021
203943,10.766666666666667,2021
1626181,2205.4816666666666,2021
203658,83.29833333333333,2021
1628384,1433.2616666666668,2021
1630167,683.08,2021
1630168,601.2083333333334,2021
1629052,519.1316666666667,2021
203490,606.79,2021
200782,1355.61,2021
1629023,1953.6683333333333,2021
1628408,1088.465,2021
1627783,2006.025,2021
1626192,1574.71,2021
201976,832.4666666666667,2021
1627775,33.37166666666667,2021
202335,581.6516666666666,2021
1630172,1983.3566666666666,2021
201988,1684.7816666666668,2021
202331,1820.9416666666666,2021
200794,1162.245,2021
1630194,177.28166666666667,2021
1628778,296.6566666666667,2021
1630202,1267.5583333333334,2021
1630173,737.0833333333334,2021
1626188,157.355,2021
1629683,121.09,2021
1630181,888.2833333333333,2021
1629628,2510.8816666666667,2021
200765,769.32,2021
203526,1403.2,2021
1629034,18.733333333333334,2021
1629730,68.15,2021
203493,1949.27,2021
202704,1544.145,2021
1629617,210.67,2021
1626158,1781.4033333333334,2021
201937,1771.57,2021
203496,2242.778333333333,2021
1629606,100.71666666666667,2021
1629057,985.25,2021
1630218,45.38,2021
201577,1353.565,2021
1629066,124.53333333333333,2021
203918,942.7166666666667,2021
203585,193.65833333333333,2021
1629641,282.75,2021
1626178,107.30166666666666,2021
1626220,2240.48,2021
200752,1357.6616666666666,2021
203497,2186.661666666667,2021
1629060,1797.1866666666667,2021
201566,2368.846666666667,2021
1627853,450.42333333333335,2021
1630240,780.595,2021
1630180,1909.0166666666667,2021
1630241,232.59833333333333,2021
1630253,157.68666666666667,2021
1629635,869.085,2021
1628400,949.81,2021
201586,954.6816666666666,2021
203552,1638.2016666666666,2021
1628983,1179.6083333333333,2021
1629003,1460.87,2021
1627885,332.3983333333333,2021
1628414,216.83833333333334,2021
1630219,269.19666666666666,2021
203524,1513.5266666666666,2021
203915,64.33333333333333,2021
1626169,1005.5616666666666,2021
201939,2151.5183333333334,2021
1628425,1228.7133333333334,2021
203500,1604.4983333333332,2021
1629004,1324.4483333333333,2021
1628388,35.416666666666664,2021
204456,1796.1966666666667,2021
203933,117.38166666666666,2021
1629605,135.54833333333335,2021
201959,935.705,2021
1629659,1304.2616666666668,2021
1627752,905.3333333333334,2021
1629611,1263.3266666666666,2021
1629056,1074.0383333333334,2021
1628390,49.32,2021
203082,1346.4866666666667,2021
1626179,2383.405,2021
201152,1652.195,2021
203648,551.04,2021
1630177,1777.7016666666666,2021
1629033,34.056666666666665,2021
1628418,270.84166666666664,2021
1627748,76.47,2021
204025,61.96666666666667,2021
203501,1985.2233333333334,2021
1627789,1050.2566666666667,2021
202699,2014.3083333333334,2021
203107,1306.555,2021
1628396,683.9466666666667,2021
203503,992.0783333333334,2021
1628470,803.465,2021
1629027,2124.6066666666666,2021
1630200,268.6066666666667,2021
1629682,237.67333333333335,2021
1630235,302.0133333333333,2021
2772,840.9683333333334,2021
203504,911.335,2021
1626168,357.8283333333333,2021
202684,1286.6733333333334,2021
1628972,523.3866666666667,2021
1629660,787.7833333333333,2021
1630234,47.485,2021
1630189,70.95,2021
1629076,437.3466666666667,2021
1629639,1635.1616666666666,2021
204020,683.8916666666667,2021
1630179,56.306666666666665,2021
1630169,1745.6766666666667,2021
1630178,935.575,2021
1626145,1222.5266666666666,2021
1628962,57.2,2021
2617,2.671666666666667,2021
1630176,114.7,2021
203506,1080.095,2021
1629738,39.13333333333333,2021
1628427,281.145,2021
201961,1011.8566666666667,2021
1628976,1375.3166666666666,2021
1629117,240.84166666666667,2021
1628411,538.9416666666667,2021
202083,1129.9083333333333,2021
203115,1735.77,2021
1630266,3.2666666666666666,2021
1626161,905.91,2021
1626195,846.1666666666666,2021
1630214,1084.675,2021
1627812,136.98166666666665,2021
1629139,722.8233333333334,2021
203897,2033.6266666666668,2021
1630192,397.2783333333333,2021
1629627,2025.89,2021
203932,2375.4183333333335,2022
1630565,16.983333333333334,2022
1628988,1020.75,2022
1630174,573.8783333333333,2022
1630598,1208.75,2022
1627846,145.23833333333334,2022
1630278,1.4666666666666666,2022
1629678,468.8233333333333,2022
1629958,0.8433333333333334,2022
201143,2004.7916666666667,2022
202692,2317.6766666666667,2022
1630758,73.53,2022
1630197,1232.705,2022
1627936,1146.8316666666667,2022
203458,620.2,2022
1628035,206.31333333333333,2022
1628993,167.22,2022
1630578,1489.2933333333333,2022
1629599,1567.3666666666666,2022
203083,1436.785,2022
2738,602.8316666666667,2022
203952,2329.5133333333333,2022
1629014,1681.0133333333333,2022
203076,1404.2483333333332,2022
1630162,2465.9933333333333,2022
1630264,463.4,2022
1630237,7.683333333333334,2022
1629717,843.755,2022
1629083,5.3,2022
1630559,1417.6816666666666,2022
203085,1479.8783333333333,2022
202340,1405.9116666666666,2022
1630245,2109.641666666667,2022
1629168,64.595,2022
1628389,1825.2616666666668,2022
203463,1284.885,2022
202687,505.89666666666665,2022
201933,958.085,2022
1626246,127.94333333333333,2022
1626171,2028.34,2022
203992,1848.54,2022
202711,2131.31,2022
1629626,80.84,2022
1630538,1309.8583333333333,2022
202954,319.62,2022
203078,1438.95,2022
1630527,760.245,2022
1629634,1246.0266666666666,2022
1629164,501.54,2022
1627742,1869.1816666666666,2022
202688,64.54166666666667,2022
1630314,639.705,2022
1630296,197.15,2022
1630271,59.855,2022
201572,298.4066666666667,2022
1628971,1773.9616666666666,2022
1628981,152.58,2022
1627854,1285.8783333333333,2022
1627741,2498.795,2022
1629604,1174.4016666666666,2022
203468,2145.08,2022
101139,1.95,2022
1630595,2088.055,2022
1628997,1372.1683333333333,2022
1629629,1012.25,2022
1630560,1176.06,2022
1629661,1729.9733333333334,2022
1630787,45.96666666666667,2022
1628419,43.3,2022
1626166,1277.5983333333334,2022
1627747,1780.3733333333332,2022
1630637,23.258333333333333,2022
2546,1793.19,2022
1629035,79.16666666666667,2022
1630199,155.0,2022
1630216,38.995,2022
1627760,12.85,2022
1626224,1461.745,2022
1628990,22.376666666666665,2022
1629646,167.86,2022
1629718,177.7,2022
1630602,103.65833333333333,2022
1627767,30.633333333333333,2022
1629002,1278.7416666666666,2022
1628449,1690.1116666666667,2022
1629185,371.8833333333333,2022
1630537,1540.8266666666666,2022
101108,2138.9583333333335,2022
1629735,91.16166666666666,2022
1626174,2093.6266666666666,2022
1629643,1748.825,2022
203991,2041.53,2022
1629632,1674.9266666666667,2022
1628998,1865.6183333333333,2022
203469,354.535,2022
1630175,2059.3983333333335,2022
1629012,316.44166666666666,2022
1630557,1801.0583333333334,2022
202709,1599.8383333333334,2022
1628591,18.983333333333334,2022
1626156,2076.6116666666667,2022
201571,883.2283333333334,2022
1628391,54.075,2022
1629610,8.791666666666666,2022
1630227,261.43,2022
1629751,16.225,2022
1630625,695.6866666666666,2022
1627745,1016.645,2022
203081,1056.19,2022
1627814,1256.5233333333333,2022
1628422,20.541666666666668,2022
1629655,1444.0083333333334,2022
1630187,27.281666666666666,2022
1628464,977.42,2022
201568,1672.0633333333333,2022
201980,1353.405,2022
1627863,726.9833333333333,2022
1629647,1923.9133333333334,2022
1629636,2429.9533333333334,2022
201954,37.166666666666664,2022
1630561,341.0733333333333,2022
1630525,1.985,2022
1628021,608.905,2022
1630558,2075.825,2022
202722,806.29,2022
1628432,667.8516666666667,2022
1630549,390.67,2022
1628368,2083.455,2022
1629631,1577.16,2022
1629001,1656.81,2022
201599,622.41,2022
1627761,1026.03,2022
1630610,0.8616666666666667,2022
201942,2742.9483333333333,2022
202326,717.225,2022
1629731,980.175,2022
1629028,1712.645,2022
1629686,26.615,2022
1627749,2365.931666666667,2022
1626153,1452.5166666666667,2022
1630166,1984.0516666666667,2022
203471,1837.4833333333333,2022
1628372,638.535,2022
1627756,221.99666666666667,2022
202324,652.46,2022
1627884,899.41,2022
201565,635.8633333333333,2022
1628476,108.22,2022
1628401,2198.8016666666667,2022
1630217,2266.225,2022
1626164,2344.5933333333332,2022
1629962,144.53333333333333,2022
1630170,1936.8866666666668,2022
1629653,85.17,2022
1629719,121.01666666666667,2022
1628984,2161.575,2022
203473,1065.1816666666666,2022
1629712,129.36666666666667,2022
1628415,885.0266666666666,2022
1627734,2135.8366666666666,2022
1628378,2265.6116666666667,2022
1628978,1005.4,2022
1627827,2643.625,2022
203926,1223.24,2022
203110,1328.9633333333334,2022
1629234,1244.6083333333333,2022
1630613,967.99,2022
1629130,2042.77,2022
2730,970.7233333333334,2022
203939,1798.1966666666667,2022
1629685,459.2366666666667,2022
202334,201.35833333333332,2022
203901,549.11,2022
1630190,434.465,2022
1629150,18.21,2022
1626144,10.983333333333333,2022
202683,411.36833333333334,2022
202339,1360.6166666666666,2022
201569,1669.53,2022
1629672,736.5066666666667,2022
1630647,17.816666666666666,2022
203095,2357.9666666666667,2022
1630596,2331.036666666667,2022
1630267,1184.05,2022
1630624,8.366666666666667,2022
1628402,1163.96,2022
1626163,180.93833333333333,2022
1628373,684.655,2022
1630532,2429.0466666666666,2022
1627832,2462.0216666666665,2022
1630273,118.685,2022
1627788,1413.7816666666668,2022
1629216,1588.945,2022
1628221,21.305,2022
1630466,55.605,2022
1630994,44.2,2022
202066,1098.4083333333333,2022
1629726,1711.8883333333333,2022
1629109,378.2216666666667,2022
203914,1730.2033333333334,2022
1627780,1247.685,2022
1629018,2447.9016666666666,2022
201588,1253.2033333333334,2022
1628994,19.161666666666665,2022
1627777,1736.3783333333333,2022
1630686,213.47833333333332,2022
203507,2204.225,2022
1629048,728.9133333333333,2022
201609,497.49833333333333,2022
202330,1563.8733333333332,2022
203476,371.1816666666667,2022
1629684,1875.08,2022
1628960,1804.755,2022
1630535,639.8266666666667,2022
202328,194.78833333333333,2022
1628977,1268.8216666666667,2022
203084,2586.7283333333335,2022
202355,1162.2483333333332,2022
1629755,171.095,2022
1629312,163.32666666666665,2022
1630529,2335.1833333333334,2022
1629649,535.5916666666667,2022
1630193,1802.4333333333334,2022
1629067,68.65666666666667,2022
1630171,1980.9016666666666,2022
1628392,1215.7983333333334,2022
1630543,541.045,2022
1630198,609.4683333333334,2022
1630587,383.25666666666666,2022
1629676,948.4233333333333,2022
1630191,1815.6433333333334,2022
202738,333.3066666666667,2022
1630225,74.14833333333333,2022
202397,1126.02,2022
1630688,358.73,2022
1627826,1851.6616666666666,2022
1630550,261.8833333333333,2022
1629630,1888.7866666666666,2022
203210,1085.42,2022
1630605,10.9,2022
201580,1171.7483333333332,2022
203953,112.455,2022
1630183,1802.6666666666667,2022
1630531,5.633333333333334,2022
203109,1885.8716666666667,2022
1630256,2056.445,2022
1630186,133.92,2022
1630693,3.066666666666667,2022
1627774,230.565,2022
1627751,1969.65,2022
1628973,2524.01,2022
1630224,2137.7233333333334,2022
1630552,120.39,2022
1629667,895.2416666666667,2022
1630188,924.1816666666666,2022
1630591,1306.6533333333334,2022
1630547,304.4766666666667,2022
203516,55.6,2022
201935,2419.68,2022
201949,1191.225,2022
1630691,176.46833333333333,2022
1630215,359.7733333333333,2022
1629607,42.88333333333333,2022
1628991,2126.2483333333334,2022
1629020,1880.5166666666667,2022
1628386,1809.56,2022
1629633,338.185,2022
1629600,12.316666666666666,2022
1629602,2.8,2022
1629750,1519.045,2022
1630606,199.85666666666665,2022
1629637,1397.54,2022
1630643,20.25,2022
1630206,121.38166666666666,2022
1627759,2220.4533333333334,2022
1629658,239.57166666666666,2022
1628537,16.033333333333335,2022
1629669,974.795,2022
1629873,6.616666666666666,2022
1628369,2730.971666666667,2022
1630288,108.01666666666667,2022
201145,1848.965,2022
1629203,14.716666666666667,2022
203924,1499.8733333333332,2022
1630526,1087.1083333333333,2022
203087,935.4483333333334,2022
1630579,555.0433333333333,2022
1628975,905.1783333333333,2022
202710,1930.8316666666667,2022
1629111,588.7316666666667,2022
203925,422.7083333333333,2022
204060,1122.135,2022
2207,1.95,2022
1630580,205.14166666666668,2022
1630555,20.216666666666665,2022
203954,2296.405,2022
1628381,1662.6033333333332,2022
1629723,1291.5283333333334,2022
1630257,7.741666666666666,2022
202685,2240.0583333333334,2022
1630228,1184.75,2022
1628395,2.0166666666666666,2022
203903,2140.86,2022
1630692,5.933333333333334,2022
1629162,901.6083333333333,2022
1629670,1185.2716666666668,2022
1629673,2283.3116666666665,2022
1630648,30.266666666666666,2022
1630631,833.9083333333333,2022
1630528,1333.7416666666666,2022
1630581,1700.3516666666667,2022
1630182,1038.9566666666667,2022
1628404,1790.99,2022
1628367,829.9383333333334,2022
1629006,515.79,2022
1626196,1599.7166666666667,2022
1630563,965.04,2022
201950,2207.44,2022
1629308,994.1316666666667,2022
1627823,444.5516666666667,2022
203944,2543.8633333333332,2022
1626147,315.8516666666667,2022
1630551,280.83166666666665,2022
203200,2056.81,2022
1628382,36.46666666666667,2022
1629620,303.72833333333335,2022
1626159,774.6633333333333,2022
203994,1578.485,2022
1629752,30.965,2022
1630231,1656.325,2022
1629644,244.07166666666666,2022
1630539,62.685,2022
1626157,2475.4566666666665,2022
1626208,566.4033333333333,2022
1628966,956.5483333333333,2022
1629103,449.70166666666665,2022
1629640,2391.725,2022
1629833,349.35333333333335,2022
203482,763.7166666666667,2022
1626162,1999.18,2022
202689,947.69,2022
1629026,1072.3183333333334,2022
203145,544.6133333333333,2022
203484,2328.77,2022
1630553,696.2466666666667,2022
1630556,987.195,2022
201142,2047.4066666666668,2022
1628989,2188.4566666666665,2022
1628995,222.49,2022
201567,1664.865,2022
1630698,166.01333333333332,2022
1629645,1907.1533333333334,2022
1626172,1732.3433333333332,2022
203920,991.1683333333333,2022
203114,2141.29,2022
1630165,1646.9716666666666,2022
1629681,460.59166666666664,2022
1630184,341.14,2022
202691,940.8516666666667,2022
1627739,336.345,2022
204001,1480.6183333333333,2022
203937,1483.6566666666668,2022
1629657,185.73333333333332,2022
1628398,2204.27,2022
200768,2133.155,2022
202681,1091.505,2022
200746,1050.085,2022
1630163,2422.0666666666666,2022
1630205,1014.86,2022
202362,813.9783333333334,2022
1629013,1437.3833333333334,2022
204038,106.7,2022
1626204,1040.0716666666667,2022
1628374,1877.5866666666666,2022
2544,2084.335,2022
1630195,240.945,2022
1629623,199.12833333333333,2022
1630322,465.25,2022
1629022,1612.3233333333333,2022
1628366,1212.345,2022
101150,798.8766666666667,2022
1629663,103.60666666666667,2022
1629652,1665.3533333333332,2022
1629029,2300.7183333333332,2022
1630568,388.965,2022
1628379,1919.1333333333334,2022
1628436,103.33333333333333,2022
1630640,8.393333333333333,2022
1630644,24.383333333333333,2022
1630201,537.0566666666666,2022
1627763,1206.2483333333332,2022
1630792,212.09,2022
1627736,1976.26,2022
1630238,62.75833333333333,2022
1628370,2138.435,2022
1629005,7.683333333333334,2022
1629603,187.68333333333334,2022
1630585,128.22833333333332,2022
202694,1564.28,2022
203935,2295.8416666666667,2022
1628365,359.7316666666667,2022
202693,298.3383333333333,2022
1630250,35.185,2022
1630210,176.49666666666667,2022
1627737,345.67833333333334,2022
1628963,1146.0616666666667,2022
1630222,50.583333333333336,2022
203486,1792.525,2022
1629680,1685.2633333333333,2022
1629760,1.9333333333333333,2022
1630346,5.25,2022
1629744,459.51166666666666,2022
203090,863.4716666666667,2022
1629622,1587.0816666666667,2022
1628467,1449.8616666666667,2022
1630593,18.866666666666667,2022
1628982,119.56666666666666,2022
1630695,30.93166666666667,2022
1629008,265.04833333333335,2022
1628969,2854.3533333333335,2022
201144,2058.1383333333333,2022
203488,592.52,2022
1628970,2837.1133333333332,2022
1630540,372.21166666666664,2022
1629011,1848.3666666666666,2022
1629671,44.18666666666667,2022
1628964,1823.7066666666667,2022
1626149,1640.3583333333333,2022
1628420,2238.9483333333333,2022
1629021,959.5316666666666,2022
1629650,344.325,2022
1630541,607.12,2022
1630589,14.733333333333333,2022
1628539,239.555,2022
1629619,52.06666666666667,2022
1626167,1234.7283333333332,2022
1630230,735.58,2022
1629642,1088.3683333333333,2022
1630207,2.4266666666666667,2022
1630233,267.31666666666666,2022
1629675,1215.2866666666666,2022
1629674,119.6,2022
202357,1142.3666666666666,2022
203457,561.97,2022
1629651,974.0916666666667,2022
1630208,367.1433333333333,2022
1629638,1465.82,2022
201587,1462.595,2022
203917,38.788333333333334,2022
203999,2475.5916666666667,2022
202696,2417.5433333333335,2022
1626181,1458.215,2022
203658,19.016666666666666,2022
1628384,1728.3133333333333,2022
1630167,1229.7533333333333,2022
1630846,420.87,2022
1630209,706.1983333333334,2022
1630168,992.0633333333334,2022
1629052,1564.04,2022
203490,1395.4983333333332,2022
200782,1980.7583333333334,2022
1629023,1768.0733333333333,2022
1628408,340.48833333333334,2022
1628238,7.383333333333334,2022
1627783,2577.8533333333335,2022
1626192,1690.83,2022
201976,1475.7383333333332,2022
1630172,422.3283333333333,2022
201988,2345.7233333333334,2022
202331,1077.3866666666668,2022
200794,375.70166666666665,2022
1630194,302.5316666666667,2022
1628778,156.20833333333334,2022
1630202,1001.0,2022
1627822,37.965,2022
1630173,1724.6533333333334,2022
1629656,786.2266666666667,2022
1629683,73.40833333333333,2022
1630181,1402.2616666666668,2022
1629628,2417.19,2022
200765,697.9333333333333,2022
203526,1371.995,2022
1629730,70.81833333333333,2022
203493,1901.8483333333334,2022
202704,2336.528333333333,2022
1629617,187.26666666666668,2022
1626158,1074.0783333333334,2022
201937,970.15,2022
1630306,10.85,2022
203496,1939.48,2022
1629057,1804.3333333333333,2022
1630218,42.193333333333335,2022
201577,611.9033333333333,2022
203918,709.435,2022
203585,754.0566666666666,2022
1629641,770.9066666666666,2022
1626220,2405.5383333333334,2022
1630612,62.733333333333334,2022
200752,1038.2366666666667,2022
203497,2120.4166666666665,2022
1629060,943.525,2022
201566,2677.866666666667,2022
1627853,76.25333333333333,2022
1630240,603.7283333333334,2022
1630180,2704.1766666666667,2022
1626155,0.9066666666666666,2022
1630573,157.605,2022
1630241,57.833333333333336,2022
1630572,407.00166666666667,2022
1630583,359.7683333333333,2022
1630567,2617.2883333333334,2022
1630575,6.55,2022
203816,17.733333333333334,2022
1629635,16.383333333333333,2022
1628400,405.83666666666664,2022
201586,877.6016666666667,2022
203552,2134.266666666667,2022
1628983,1941.855,2022
1629003,1179.4333333333334,2022
1629783,9.816666666666666,2022
1627885,22.583333333333332,2022
1630536,38.586666666666666,2022
1630219,219.88666666666666,2022
203524,139.41333333333333,2022
203915,1980.4916666666666,2022
1626169,1094.3983333333333,2022
201939,2211.085,2022
1628425,628.4116666666666,2022
203500,1998.5766666666666,2022
1629004,716.1216666666667,2022
204456,652.1033333333334,2022
1629605,58.78333333333333,2022
201959,945.7233333333334,2022
1629659,1511.0283333333334,2022
1627752,1176.655,2022
1629611,2316.81,2022
1629056,536.3116666666666,2022
203082,1448.1783333333333,2022
1626179,2457.8433333333332,2022
1630678,713.795,2022
201152,845.2083333333334,2022
203648,473.3433333333333,2022
1630177,908.22,2022
1629033,148.09666666666666,2022
1628418,439.11333333333334,2022
204025,207.59833333333333,2022
203501,1245.01,2022
1627789,684.8116666666666,2022
202699,2543.155,2022
203107,905.9883333333333,2022
1628396,549.065,2022
203503,822.4883333333333,2022
1628470,1595.82,2022
1629027,2651.891666666667,2022
1629309,16.773333333333333,2022
1630200,1148.125,2022
1630544,1366.925,2022
1629682,50.278333333333336,2022
1630570,869.3466666666667,2022
1630235,765.5183333333333,2022
1630243,74.43833333333333,2022
1630286,11.366666666666667,2022
2772,462.30333333333334,2022
203504,441.195,2022
1626168,1536.2666666666667,2022
1630530,863.595,2022
202684,896.2183333333334,2022
1628972,1054.74,2022
1629660,801.0916666666667,2022
1629076,199.61666666666667,2022
1629788,1.9333333333333333,2022
1629639,2151.0116666666668,2022
204020,91.375,2022
1630179,3.05,2022
1630169,2694.1316666666667,2022
1630178,2650.3566666666666,2022
1627820,74.92166666666667,2022
1626145,1549.4366666666667,2022
1628962,194.875,2022
2617,83.21666666666667,2022
1630586,239.16,2022
1630176,44.14833333333333,2022
203506,173.11666666666667,2022
1628427,176.32666666666665,2022
1630249,689.9,2022
201961,810.2266666666667,2022
1627782,19.14,2022
1628976,1851.57,2022
1629117,358.79333333333335,2022
1628411,82.21666666666667,2022
202083,1002.17,2022
203115,2276.463333333333,2022
1626161,182.81666666666666,2022
1626195,838.9583333333334,2022
1629875,137.36833333333334,2022
1630270,38.71666666666667,2022
1630214,700.55,2022
1629139,445.46166666666664,2022
1630582,70.975,2022
1628380,502.04,2022
203897,2328.0783333333334,2022
1630285,174.08333333333334,2022
1630192,697.6083333333333,2022
1630533,1346.4666666666667,2022
1629597,5.183333333333334,2022
1630639,108.26833333333333,2023
1631260,344.95,2023
1631100,1401.435,2023
203932,2055.1066666666666,2023
1628988,845.2566666666667,2023
1630174,1816.4033333333334,2023
1630598,1297.4366666666667,2023
1629678,451.26166666666666,2023
201143,1921.375,2023
202692,1122.4433333333334,2023
1630197,701.3483333333334,2023
1627936,1575.3766666666668,2023
203458,161.24666666666667,2023
1628993,29.516666666666666,2023
1631214,5.266666666666667,2023
1630578,2170.6566666666668,2023
1629599,625.2766666666666,2023
203083,849.1383333333333,2023
2738,112.56333333333333,2023
1629614,2073.5316666666668,2023
203952,1190.28,2023
1629014,2170.66,2023
203076,1904.51,2023
1630162,2841.455,2023
1630264,624.5933333333334,2023
1630237,1195.0183333333334,2023
1630559,1843.2266666666667,2023
203085,1016.33,2023
1630245,2097.616666666667,2023
1628389,2597.9933333333333,2023
1627732,1105.0166666666667,2023
1631097,2222.38,2023
202687,874.085,2023
201933,568.885,2023
1631104,669.055,2023
1626246,171.065,2023
1626171,1818.4316666666666,2023
203992,1508.6083333333333,2023
202711,1892.8666666666666,2023
1629626,1505.4183333333333,2023
1630538,1085.4883333333332,2023
203078,1672.9333333333334,2023
1630527,248.345,2023
1629634,1090.1383333333333,2023
1627742,1538.0766666666666,2023
1630296,9.1,2023
201572,2372.4766666666665,2023
1628971,2279.485,2023
1628981,405.12166666666667,2023
1631121,786.9966666666667,2023
1627854,267.72,2023
1631205,90.14333333333333,2023
1627741,2481.875,2023
203468,2649.1683333333335,2023
1630595,400.18333333333334,2023
1631216,812.19,2023
1628997,2077.7383333333332,2023
1629629,989.6066666666667,2023
1630560,947.5533333333333,2023
1629661,1199.815,2023
1626166,968.3116666666666,2023
1627747,2237.34,2023
1630637,55.97,2023
1626224,1548.3133333333333,2023
1628435,20.783333333333335,2023
1629646,507.87166666666667,2023
1631320,7.931666666666667,2023
1629002,689.0166666666667,2023
1628449,1523.47,2023
1630537,897.2266666666667,2023
101108,1888.635,2023
1629735,3.0166666666666666,2023
1631128,1181.14,2023
1631132,801.7933333333333,2023
1626174,1738.3583333333333,2023
1629643,517.9866666666667,2023
203991,1730.0833333333333,2023
1629632,1730.2283333333332,2023
1628998,133.71166666666667,2023
203469,216.61166666666668,2023
1630175,1551.76,2023
1631306,41.138333333333335,2023
1629012,1145.1533333333334,2023
1630557,2093.29,2023
202709,1227.4333333333334,2023
1626156,2304.096666666667,2023
1630227,914.3833333333333,2023
1630625,278.54333333333335,2023
1631207,213.945,2023
1627745,477.39166666666665,2023
203081,2106.59,2023
1627814,1506.295,2023
1629655,1604.22,2023
1628464,108.83666666666667,2023
201980,138.71833333333333,2023
1627863,807.025,2023
203967,805.9533333333334,2023
1629647,616.1616666666666,2023
1630620,24.983333333333334,2023
1629636,2447.15,2023
1630561,228.02333333333334,2023
1631223,1258.5016666666668,2023
1630558,1447.03,2023
202722,491.81666666666666,2023
1628432,342.54833333333335,2023
1630549,552.4866666666667,2023
1628368,2435.241666666667,2023
1629631,2125.63,2023
1629001,2149.826666666667,2023
201599,585.855,2023
201942,2681.61,2023
1629731,891.5633333333334,2023
1629028,2035.3366666666666,2023
1627749,2693.395,2023
1626153,1221.1716666666666,2023
1630166,2020.38,2023
203471,1985.945,2023
1628372,1389.8433333333332,2023
1629126,6.498333333333333,2023
1631220,11.6,2023
1627884,893.4083333333333,2023
201565,337.865,2023
1628401,2319.3283333333334,2023
1630217,1841.4533333333334,2023
1626164,1835.4133333333334,2023
1630170,1178.0783333333334,2023
1629653,53.1,2023
1628984,1338.445,2023
203473,426.21,2023
1628415,2214.2633333333333,2023
1627734,2735.555,2023
1631230,407.565,2023
1628378,2432.38,2023
1631495,4.25,2023
1628978,1894.38,2023
1627827,2008.825,2023
203926,1314.2016666666666,2023
203110,2297.635,2023
1629234,1583.6766666666667,2023
1630696,158.42666666666668,2023
1630613,393.82666666666665,2023
1629130,690.46,2023
203939,1457.935,2023
1629685,10.383333333333333,2023
1630700,1042.125,2023
1628410,736.1566666666666,2023
201569,1965.5083333333334,2023
1630647,645.3233333333334,2023
203095,458.6933333333333,2023
1630596,2715.2616666666668,2023
1630267,52.16166666666667,2023
1628402,5.05,2023
1626163,234.86333333333334,2023
1628373,607.5916666666667,2023
1630532,2608.7266666666665,2023
1627832,2534.9866666666667,2023
1627788,353.49,2023
1629216,1758.6766666666667,2023
1628221,55.83166666666666,2023
202066,161.82333333333332,2023
1629726,686.2583333333333,2023
203914,1184.3516666666667,2023
1627780,367.605,2023
1629018,2117.9933333333333,2023
201588,833.31,2023
1627777,1511.8483333333334,2023
203507,2023.615,2023
1629048,456.8016666666667,2023
201609,870.015,2023
202330,1576.9016666666666,2023
203476,358.11333333333334,2023
1629684,2044.7616666666668,2023
1628960,1972.1366666666668,2023
1630535,93.09166666666667,2023
1628977,995.865,2023
203084,2662.0383333333334,2023
1629312,969.4,2023
1630529,1950.53,2023
1630193,2344.105,2023
1630171,1652.5666666666666,2023
1628392,1628.2166666666667,2023
1630543,1042.2933333333333,2023
1630198,1395.3466666666666,2023
1630587,1198.7366666666667,2023
1630600,84.24,2023
1629676,473.62833333333333,2023
1630191,1414.0583333333334,2023
1630225,61.4,2023
202397,397.90833333333336,2023
1630688,915.1266666666667,2023
1627826,2169.41,2023
1631120,65.70666666666666,2023
1630550,968.775,2023
1629630,1948.3483333333334,2023
203210,796.7,2023
201580,354.54,2023
1631095,2450.5466666666666,2023
1631133,619.1633333333333,2023
1631298,66.03333333333333,2023
1631367,40.78333333333333,2023
1630702,708.39,2023
1631093,2304.3166666666666,2023
1630183,2416.4883333333332,2023
1630531,89.26666666666667,2023
203109,339.7083333333333,2023
1630256,677.4883333333333,2023
1631222,414.2866666666667,2023
1627751,1906.125,2023
1628973,2378.6716666666666,2023
1631105,1670.145,2023
1630224,2602.155,2023
1630552,1041.6016666666667,2023
1629667,1912.8533333333332,2023
1630188,1278.825,2023
1630591,1245.865,2023
1631114,2275.5916666666667,2023
1631288,240.04666666666665,2023
1627750,2133.385,2023
1631123,70.53833333333333,2023
1630547,515.4666666666667,2023
201935,2135.005,2023
201949,162.35833333333332,2023
1630164,867.1866666666666,2023
1630215,76.52833333333334,2023
1631197,197.87,2023
1628991,1787.5033333333333,2023
1629020,1879.7416666666666,2023
1629714,38.95,2023
1628386,2220.1116666666667,2023
1629633,136.875,2023
1630554,123.76833333333333,2023
1629750,480.25666666666666,2023
1629637,610.0566666666666,2023
1630643,94.93333333333334,2023
1630206,30.116666666666667,2023
1627759,2404.9183333333335,2023
1629669,1251.695,2023
1631119,914.1583333333333,2023
1628369,2732.1966666666667,2023
1630288,258.70166666666665,2023
201145,1091.1166666666666,2023
203924,2245.525,2023
1630526,813.7083333333334,2023
1631110,1457.7,2023
1630579,812.4033333333333,2023
1628975,1811.7516666666668,2023
202710,2138.015,2023
1629111,978.4966666666667,2023
203925,1527.175,2023
204060,1043.4983333333332,2023
1630580,49.655,2023
203954,2284.1066666666666,2023
1631219,221.10166666666666,2023
1628381,2129.6466666666665,2023
1629723,1493.8133333333333,2023
202322,754.73,2023
1631098,422.575,2023
1630548,232.25,2023
202685,1968.2433333333333,2023
1628371,124.035,2023
1630228,1394.425,2023
203903,1988.3033333333333,2023
1630692,1105.4233333333334,2023
1631160,82.66,2023
1629162,678.49,2023
1629670,1188.085,2023
1629673,2458.0933333333332,2023
1630648,6.233333333333333,2023
1630631,1309.9816666666666,2023
1630528,786.215,2023
1630581,2367.2716666666665,2023
1630182,1539.23,2023
1628404,2454.025,2023
1631169,96.22333333333333,2023
1629006,1350.59,2023
1626196,1529.6016666666667,2023
1630563,93.36166666666666,2023
201950,2182.54,2023
1629308,700.0583333333333,2023
1627823,613.495,2023
1630577,320.135,2023
203944,2737.2516666666666,2023
1630551,34.28333333333333,2023
203200,706.1133333333333,2023
1628382,107.42333333333333,2023
1631303,88.85,2023
1626159,775.7916666666666,2023
203994,1391.415,2023
1630231,2292.1583333333333,2023
1629644,248.025,2023
1630539,549.6266666666667,2023
1626157,957.05,2023
202695,1747.4883333333332,2023
1631099,2381.673333333333,2023
1628966,1452.5883333333334,2023
1629640,2063.3316666666665,2023
203482,1941.5933333333332,2023
1626162,1547.5116666666668,2023
202689,143.90166666666667,2023
1631112,40.295,2023
1629134,963.43,2023
1631113,281.5083333333333,2023
1631254,175.95833333333334,2023
1629026,1205.9816666666666,2023
203484,2381.2066666666665,2023
1631165,70.86333333333333,2023
1630553,416.36,2023
1630556,385.75333333333333,2023
201142,1671.7566666666667,2023
1628989,2202.7766666666666,2023
1628995,951.7233333333334,2023
201567,1239.4783333333332,2023
1629645,2023.8833333333334,2023
1630284,457.04833333333335,2023
1626172,1957.595,2023
203920,161.85,2023
203114,800.7733333333333,2023
1630165,2153.588333333333,2023
1630184,234.76666666666668,2023
202691,2278.911666666667,2023
1628424,27.77166666666667,2023
1627739,567.5416666666666,2023
204001,2119.5116666666668,2023
203937,1956.5733333333333,2023
1628398,2238.8516666666665,2023
200768,1717.725,2023
202681,2240.5733333333333,2023
1630163,1267.755,2023
1630205,1120.4833333333333,2023
1629013,806.91,2023
1626204,1380.8266666666666,2023
1628374,2272.4866666666667,2023
2544,1953.94,2023
1630195,68.47333333333333,2023
1631311,18.116666666666667,2023
1629623,86.65,2023
1630322,530.825,2023
1629022,1297.0366666666666,2023
1629663,28.8,2023
1629652,2272.3566666666666,2023
1629029,2390.471666666667,2023
1630568,243.42,2023
1629677,160.81333333333333,2023
1628379,1315.085,2023
1628436,804.0883333333334,2023
1630644,41.06666666666667,2023
1630201,690.7883333333333,2023
1631103,1549.5966666666666,2023
1627763,1743.815,2023
1630792,9.15,2023
1627736,2093.085,2023
1628370,1719.235,2023
1629603,175.87833333333333,2023
1630699,701.3816666666667,2023
202694,1825.1133333333332,2023
203935,1956.76,2023
1631109,827.975,2023
1628365,1777.9416666666666,2023
202693,355.07,2023
1630250,19.596666666666668,2023
1628963,990.455,2023
203486,2052.945,2023
1629680,1200.4383333333333,2023
1630346,310.1816666666667,2023
203521,212.79833333333335,2023
1631108,512.425,2023
1629622,2271.9783333333335,2023
1628467,929.7683333333333,2023
1630593,335.03,2023
203086,113.73833333333333,2023
1629662,36.43333333333333,2023
1630695,52.44,2023
203487,44.483333333333334,2023
1630701,1.0333333333333334,2023
1629008,1797.8933333333334,2023
1628969,2963.1766666666667,2023
201144,2028.055,2023
203488,945.09,2023
1630540,760.2466666666667,2023
1629011,1588.8283333333334,2023
1628964,768.4283333333333,2023
1626149,681.075,2023
1628420,1696.0866666666666,2023
1629021,1109.4666666666667,2023
1629650,294.145,2023
1630541,817.1466666666666,2023
1631217,195.49666666666667,2023
1626167,1825.21,2023
1630230,1792.0366666666666,2023
1629642,976.0566666666666,2023
1631466,126.56666666666666,2023
1630233,290.74833333333333,2023
1629675,1250.9083333333333,2023
1629674,28.69,2023
203457,194.68,2023
1629651,2270.6566666666668,2023
1630208,1217.675,2023
1629638,883.885,2023
201587,1709.57,2023
203999,2323.0066666666667,2023
1631107,204.455,2023
202696,2746.355,2023
203943,171.635,2023
1626181,1567.135,2023
1628384,2385.6516666666666,2023
1630167,1050.5083333333334,2023
1630534,1209.2066666666667,2023
1630846,113.64166666666667,2023
1630209,83.23166666666667,2023
1630168,1848.555,2023
1631115,425.15,2023
1629052,1083.1766666666667,2023
203490,146.34166666666667,2023
1631172,568.71,2023
200782,1920.055,2023
1629023,2379.5633333333335,2023
1628408,79.34666666666666,2023
1631094,2429.7233333333334,2023
1627783,2652.036666666667,2023
1626192,1442.735,2023
1631116,225.845,2023
201976,1816.5266666666666,2023
1630172,2322.8416666666667,2023
201988,566.6483333333333,2023
202331,1938.8916666666667,2023
1630194,755.1633333333333,2023
1630202,642.7766666666666,2023
1631212,186.11166666666668,2023
1630173,1140.52,2023
1629656,2120.9066666666668,2023
1631245,134.58333333333334,2023
1630181,749.635,2023
1629628,2475.465,2023
1630564,35.083333333333336,2023
203526,505.2316666666667,2023
203493,2364.485,2023
202704,1656.8533333333332,2023
1626158,347.575,2023
201937,565.9933333333333,2023
203496,778.6416666666667,2023
1629057,823.55,2023
201577,298.49833333333333,2023
203585,523.9016666666666,2023
1629641,844.3016666666666,2023
1631199,47.5,2023
1626220,2409.235,2023
200752,815.5683333333334,2023
203497,2148.483333333333,2023
1629060,1466.03,2023
201566,2125.826666666667,2023
1627853,172.35333333333332,2023
1631157,62.07,2023
1630240,373.53,2023
1630180,2128.695,2023
1630573,1289.8983333333333,2023
1630241,58.516666666666666,2023
1630572,659.6533333333333,2023
1630583,1681.7483333333332,2023
1630567,2677.55,2023
1630590,31.516666666666666,2023
201586,185.35833333333332,2023
203552,1210.715,2023
1631101,1778.6033333333332,2023
1628983,2415.985,2023
1629003,1567.3533333333332,2023
1627885,119.91666666666667,2023
1631323,765.8116666666666,2023
1630219,188.76666666666668,2023
203915,2725.335,2023
1626169,469.495,2023
1630649,2.1166666666666667,2023
201939,1941.1516666666666,2023
1628425,24.363333333333333,2023
203500,1133.2916666666667,2023
1629004,467.90166666666664,2023
204456,1526.4133333333334,2023
203933,686.7083333333334,2023
201959,480.445,2023
1629659,1313.215,2023
1631106,1767.22,2023
1627752,1192.5483333333334,2023
1629611,1872.1766666666667,2023
1629056,840.9766666666667,2023
203082,1330.5083333333334,2023
1626179,2220.9266666666667,2023
1630678,263.43666666666667,2023
201152,795.46,2023
203648,206.20666666666668,2023
1630177,853.6566666666666,2023
1629033,322.95666666666665,2023
1628418,1081.4866666666667,2023
203501,2152.233333333333,2023
202699,2435.8783333333336,2023
1628396,33.365,2023
1628470,1947.8416666666667,2023
1629027,2540.74,2023
1630200,1983.7383333333332,2023
1630544,1183.3883333333333,2023
1630570,1181.6083333333333,2023
1630235,276.975,2023
1630243,70.0,2023
1631309,28.333333333333332,2023
1631211,8.04,2023
1626168,1247.235,2023
1630530,2448.005,2023
1628972,1859.79,2023
1629660,815.5783333333334,2023
1631102,432.7133333333333,2023
1628416,8.25,2023
1629639,2335.391666666667,2023
1630169,1882.8533333333332,2023
1631213,65.54,2023
1630178,2015.77,2023
1626145,1939.4233333333334,2023
1628962,358.535,2023
2617,72.11833333333334,2023
1630586,970.18,2023
1630176,28.483333333333334,2023
203506,1105.64,2023
1631246,104.59,2023
1628427,889.0233333333333,2023
1630249,165.42333333333335,2023
1631117,1703.2066666666667,2023
1628976,1689.54,2023
1631111,152.65833333333333,2023
1629117,1023.75,2023
202083,820.425,2023
203115,992.96,2023
1626195,457.6616666666667,2023
1641645,125.78333333333333,2023
1629875,19.566666666666666,2023
1630270,48.22666666666667,2023
1630214,1180.1083333333333,2023
1629139,927.7866666666666,2023
1628380,1440.5966666666666,2023
203897,2767.95,2023
1630192,727.7983333333333,2023
1630533,560.755,2023
1629627,956.0983333333334,2023
1630639,310.9,2024
1631260,614.2816666666666,2024
1631100,170.73,2024
203932,2296.81,2024
1628988,1269.2966666666666,2024
1630174,1994.655,2024
1630598,1227.9383333333333,2024
1641745,14.016666666666667,2024
1641766,65.76166666666667,2024
1629678,84.35833333333333,2024
201143,1739.7966666666666,2024
202692,1211.545,2024
1630197,405.3833333333333,2024
1627936,2040.3433333333332,2024
1641788,40.21666666666667,2024
203458,444.245,2024
1631214,15.595,2024
1630578,2045.635,2024
1641735,64.63333333333334,2024
1641708,1388.5316666666668,2024
1629599,1460.5966666666666,2024
203083,1351.2516666666668,2024
1641748,572.3283333333334,2024
1641847,13.4,2024
1629614,1696.685,2024
203952,1920.4483333333333,2024
1629014,1581.7433333333333,2024
1641710,1164.21,2024
203076,2700.2433333333333,2024
1630162,2770.383333333333,2024
1630264,466.49666666666667,2024
1629717,104.02333333333333,2024
1630204,315.57166666666666,2024
1641709,1582.805,2024
1630559,2628.95,2024
1630245,2212.4683333333332,2024
1628389,2416.4733333333334,2024
1641767,814.26,2024
1627732,358.9166666666667,2024
1631097,1538.39,2024
1641731,1715.25,2024
202687,791.4616666666667,2024
1631104,875.925,2024
1626246,70.91,2024
1626171,2008.1666666666667,2024
203992,2401.4083333333333,2024
202711,1478.0033333333333,2024
1629626,469.0283333333333,2024
1630538,540.21,2024
203078,1766.7333333333333,2024
1641764,1968.2533333333333,2024
1630527,345.1716666666667,2024
1629634,134.31833333333333,2024
1627742,2102.68,2024
1641706,2382.963333333333,2024
1630314,112.87,2024
1630296,59.983333333333334,2024
1641729,584.3633333333333,2024
201572,2411.1516666666666,2024
1628971,1865.3666666666666,2024
1628981,682.3033333333333,2024
1631121,881.595,2024
1631205,84.00166666666667,2024
1627741,2159.8883333333333,2024
203468,2158.536666666667,2024
1630595,2074.225,2024
1631216,815.335,2024
1628997,1756.5533333333333,2024
1629629,984.0616666666666,2024
1630560,2074.85,2024
1641715,880.3333333333334,2024
1629661,1599.0383333333334,2024
1626166,1304.0766666666666,2024
1627747,1958.0833333333333,2024
1641717,1691.9216666666666,2024
1626224,1268.7516666666668,2024
1629646,205.275,2024
1629718,37.28333333333333,2024
1631096,2412.7966666666666,2024
1629002,858.9066666666666,2024
1628449,704.8833333333333,2024
1630537,719.5183333333333,2024
1641753,90.53333333333333,2024
101108,1530.89,2024
1631128,1655.565,2024
1626174,871.9433333333334,2024
1629643,431.73,2024
203991,1883.0866666666666,2024
1629632,2881.3566666666666,2024
1628998,752.9916666666667,2024
203469,319.70666666666665,2024
1641732,191.73666666666668,2024
1630175,1817.3116666666667,2024
1631306,86.79833333333333,2024
1630658,59.08,2024
1631221,225.365,2024
1629012,2074.7633333333333,2024
1630557,2067.435,2024
202709,295.8933333333333,2024
1641854,649.355,2024
1626156,2484.1283333333336,2024
1641793,41.24333333333333,2024
1630618,35.53333333333333,2024
1628391,15.466666666666667,2024
1629610,45.975,2024
1630227,49.78333333333333,2024
1630625,1046.8466666666666,2024
1631207,680.71,2024
1627745,269.7316666666667,2024
203081,2578.4283333333333,2024
1629655,1814.355,2024
1628464,1014.84,2024
201568,629.29,2024
201980,18.45,2024
203957,1087.6216666666667,2024
1627863,509.055,2024
203967,1097.7516666666668,2024
1641727,23.983333333333334,2024
1629647,151.825,2024
1629636,1900.4383333333333,2024
1630561,51.35,2024
1631223,1176.9816666666666,2024
1630558,1101.1,2024
202722,674.0716666666667,2024
1630549,920.575,2024
1628368,2658.7633333333333,2024
1629631,1681.0933333333332,2024
1629001,1023.3316666666667,2024
201599,395.71666666666664,2024
1630610,149.54666666666665,2024
201942,2988.568333333333,2024
1629731,1108.08,2024
1629028,1783.4983333333332,2024
1627749,2783.3433333333332,2024
1626153,741.5666666666667,2024
1630166,2256.6433333333334,2024
203471,2485.945,2024
1628372,1058.6583333333333,2024
1641726,1294.2816666666668,2024
1631220,55.083333333333336,2024
1627884,1782.8566666666666,2024
201565,399.33666666666664,2024
1628401,2380.985,2024
1630217,1442.8483333333334,2024
1626164,2446.6566666666668,2024
1630170,2247.7433333333333,2024
1628984,312.92333333333335,2024
1641926,29.866666666666667,2024
1628415,2226.7383333333332,2024
1631376,2.1333333333333333,2024
1627734,2928.0216666666665,2024
1631230,419.54,2024
1628378,1942.65,2024
1628978,2360.3933333333334,2024
1627827,1934.5933333333332,2024
203926,904.4783333333334,2024
203110,1490.1833333333334,2024
1629234,1168.705,2024
1641809,22.683333333333334,2024
1630696,130.895,2024
1629130,1905.4483333333333,2024
1641871,1214.115,2024
203939,836.3033333333333,2024
1629685,108.41,2024
1630700,1358.525,2024
1630604,23.083333333333332,2024
1641734,132.815,2024
201569,1892.63,2024
1630647,393.3066666666667,2024
203095,579.6733333333333,2024
1630596,1532.35,2024
1630196,9.31,2024
1628373,42.9,2024
1630532,2337.4166666666665,2024
1627832,2684.4266666666667,2024
1627788,299.9266666666667,2024
1641713,1233.165,2024
1629216,217.635,2024
202066,288.75333333333333,2024
1629726,992.1216666666667,2024
203914,1297.3466666666666,2024
1627780,679.9,2024
1629018,1993.5983333333334,2024
1627777,1831.125,2024
203507,2567.2433333333333,2024
1629048,957.0866666666667,2024
202330,1245.25,2024
1641711,1267.6683333333333,2024
1629684,2129.56,2024
1628960,2513.3,2024
1630535,39.74333333333333,2024
1630611,192.09,2024
1628977,4.75,2024
203084,2380.87,2024
1628385,99.92,2024
1629312,1365.835,2024
1630929,29.916666666666668,2024
1630529,2321.4283333333333,2024
1641816,47.97666666666667,2024
1630641,225.81833333333333,2024
1630193,1985.3366666666666,2024
1630171,1887.0566666666666,2024
1628392,1896.3483333333334,2024
1630543,770.905,2024
1630198,1444.8666666666666,2024
1630587,469.39666666666665,2024
1630600,71.92166666666667,2024
1630191,1422.8166666666666,2024
202738,19.383333333333333,2024
1631209,4.283333333333333,2024
202397,740.8466666666667,2024
1630688,62.39,2024
1627826,1794.4483333333333,2024
1631167,3.3833333333333333,2024
1631120,39.01,2024
1630550,780.6266666666667,2024
1629630,317.925,2024
201580,339.3616666666667,2024
1631095,2423.845,2024
1631133,1700.5733333333333,2024
1631298,63.64833333333333,2024
1631367,698.405,2024
1631210,38.151666666666664,2024
1630702,989.2133333333334,2024
1631093,2217.4766666666665,2024
1630183,2105.4533333333334,2024
1630531,506.995,2024
203109,1155.6983333333333,2024
1630256,1031.4566666666667,2024
1630186,121.085,2024
1631170,2113.195,2024
1631222,805.55,2024
1627751,1319.1083333333333,2024
1628973,2726.3033333333333,2024
1630622,2.65,2024
1631105,1777.4816666666666,2024
1630224,2601.3816666666667,2024
1641720,108.98333333333333,2024
1630552,1888.8666666666666,2024
1629667,538.0066666666667,2024
1629618,121.78833333333333,2024
1641771,36.975,2024
1630188,1046.625,2024
1630591,2024.59,2024
1631114,2223.5983333333334,2024
1630592,664.5366666666666,2024
1631288,259.09166666666664,2024
1627750,1861.37,2024
1631123,94.9,2024
1630547,80.9,2024
201935,2469.6683333333335,2024
201949,47.195,2024
1630164,1091.0433333333333,2024
1641716,340.42333333333335,2024
1630215,565.6516666666666,2024
1631197,245.01666666666668,2024
1628991,2124.18,2024
1629020,581.2366666666667,2024
1628386,2442.0616666666665,2024
1630554,71.13333333333334,2024
1631241,403.03833333333336,2024
1629750,230.4,2024
1630606,0.6666666666666666,2024
1629637,877.1333333333333,2024
1630643,49.325,2024
1627759,2342.5216666666665,2024
1629669,213.76333333333332,2024
1631119,896.9466666666667,2024
1628369,2645.213333333333,2024
1630288,142.01666666666668,2024
201145,1307.3383333333334,2024
203924,1830.1866666666667,2024
1630526,334.31333333333333,2024
1631110,2193.095,2024
1630579,584.7833333333333,2024
1631257,60.13166666666667,2024
1629010,80.71666666666667,2024
1641724,66.51666666666667,2024
1628975,1003.6016666666667,2024
202710,2042.0583333333334,2024
1629111,763.46,2024
203925,169.97833333333332,2024
204060,1169.0316666666668,2024
203954,1309.3716666666667,2024
1628381,1901.06,2024
1629723,1173.5733333333333,2024
1631098,613.48,2024
1630548,371.80333333333334,2024
202685,1924.8316666666667,2024
1628371,914.61,2024
1630228,1949.5133333333333,2024
1629007,359.73833333333334,2024
203903,1682.3416666666667,2024
1630259,21.816666666666666,2024
1630692,1055.77,2024
1641722,1160.58,2024
1629162,626.12,2024
1641757,28.191666666666666,2024
1629670,711.3933333333333,2024
1629673,2345.555,2024
1641775,83.47333333333333,2024
1630631,1028.37,2024
1630581,2011.5583333333334,2024
1630182,1504.72,2024
1628404,2706.7716666666665,2024
1631169,91.42833333333333,2024
1629006,959.715,2024
1626196,1102.83,2024
1630563,10.266666666666667,2024
201950,2263.278333333333,2024
1629308,52.663333333333334,2024
1631262,149.275,2024
1630577,1467.875,2024
1641763,322.55,2024
1631124,545.415,2024
203944,1630.095,2024
1630551,234.83833333333334,2024
203200,862.0133333333333,2024
1628382,0.7,2024
1631303,380.98333333333335,2024
203994,2078.035,2024
1630231,746.495,2024
1629232,7.433333333333334,2024
1626157,2025.565,2024
202695,2330.04,2024
1631099,2588.5666666666666,2024
1628966,664.59,2024
1629640,2038.3616666666667,2024
203482,1758.73,2024
1626162,2055.32,2024
1631112,62.50833333333333,2024
1631254,198.30166666666668,2024
1629026,1029.0066666666667,2024
203484,2401.7566666666667,2024
1631165,978.485,2024
1630553,61.401666666666664,2024
1630556,274.7416666666667,2024
201142,2790.6366666666668,2024
1628989,1562.2266666666667,2024
1628995,560.2333333333333,2024
201567,924.2633333333333,2024
1630284,6.05,2024
1626172,1194.4283333333333,2024
1641749,66.2,2024
1641718,2022.5766666666666,2024
203114,1487.27,2024
1630165,1007.6583333333333,2024
1630184,264.2366666666667,2024
202691,2284.1683333333335,2024
1641738,393.99833333333333,2024
1641723,196.00333333333333,2024
1628424,67.43333333333334,2024
1627739,1249.1766666666667,2024
1631200,1348.2716666666668,2024
204001,1689.9483333333333,2024
203937,1781.8816666666667,2024
1628398,2281.141666666667,2024
200768,1689.7666666666667,2024
202681,2029.6083333333333,2024
1630163,711.35,2024
1630205,559.0133333333333,2024
1629013,726.4966666666667,2024
1626204,1216.1383333333333,2024
1628374,1819.7466666666667,2024
2544,2503.6833333333334,2024
1641778,284.08166666666665,2024
1631159,52.4,2024
1631311,394.455,2024
1629623,7.63,2024
1630322,280.2083333333333,2024
1629022,1011.14,2024
1629652,2245.971666666667,2024
1629029,2624.04,2024
1630568,121.84,2024
1629677,404.37666666666667,2024
1628379,999.0466666666666,2024
1628436,983.31,2024
1630201,876.9216666666666,2024
1631103,1594.3266666666666,2024
1627763,1120.8166666666666,2024
1630608,2.5833333333333335,2024
1627736,2337.3716666666664,2024
1628370,1872.3066666666666,2024
1642013,106.50833333333334,2024
1629603,24.435,2024
1641970,121.63333333333334,2024
1630699,607.6883333333334,2024
202694,816.9766666666667,2024
1631204,1351.11,2024
203935,604.845,2024
1631109,508.39166666666665,2024
1628365,909.9383333333334,2024
202693,216.38833333333332,2024
1641806,3.5166666666666666,2024
1629716,121.28,2024
1628963,1053.3516666666667,2024
1630222,27.683333333333334,2024
203486,673.9266666666666,2024
1629680,1487.3833333333334,2024
1630562,113.23833333333333,2024
1630346,390.385,2024
1631108,944.3183333333334,2024
1629622,2239.175,2024
1628467,871.4116666666666,2024
1641721,102.825,2024
1630695,186.06,2024
1629008,2564.605,2024
1628969,2854.24,2024
201144,2193.4583333333335,2024
203488,600.18,2024
1628970,2581.116666666667,2024
1630540,1327.74,2024
1629011,768.11,2024
1628964,740.3516666666667,2024
1628420,476.04333333333335,2024
1629021,1414.7366666666667,2024
1629650,199.97833333333332,2024
1630541,1155.885,2024
1631338,119.94166666666666,2024
1631243,72.8,2024
1631217,64.23833333333333,2024
1626167,2076.4366666666665,2024
1630230,1257.1233333333332,2024
1629642,458.28333333333336,2024
1630207,74.55166666666666,2024
1631466,129.385,2024
1641877,306.64166666666665,2024
1629675,1963.8283333333334,2024
1629674,333.21666666666664,2024
1629651,2115.6633333333334,2024
1630208,1758.7366666666667,2024
1641733,728.71,2024
1629638,1920.9183333333333,2024
201587,1529.5866666666666,2024
203999,2736.5333333333333,2024
1631107,896.2366666666667,2024
202696,2609.5016666666666,2024
1641730,369.85833333333335,2024
1626181,1990.3783333333333,2024
1628384,1702.035,2024
1630167,1730.6016666666667,2024
1630534,1641.6116666666667,2024
1630846,98.20166666666667,2024
1641765,336.21166666666664,2024
1630209,545.1016666666667,2024
1641931,267.9916666666667,2024
1630168,1404.7366666666667,2024
1631115,303.69,2024
1631131,41.916666666666664,2024
1629052,630.165,2024
203490,174.07333333333332,2024
1631172,364.9533333333333,2024
200782,486.31333333333333,2024
1629023,2220.6783333333333,2024
1631094,2798.701666666667,2024
1627783,2657.8883333333333,2024
1626192,1676.28,2024
1630311,25.65,2024
1631116,493.5083333333333,2024
201976,1462.5116666666668,2024
1630172,1174.085,2024
201988,415.315,2024
202331,2501.766666666667,2024
1630194,1589.5016666666668,2024
1630202,1825.7333333333333,2024
1631250,27.35,2024
1631212,1487.8366666666666,2024
1630173,1623.7533333333333,2024
1629656,1024.9433333333334,2024
1631245,10.533333333333333,2024
1630181,76.02166666666666,2024
1629628,1838.1333333333334,2024
1630564,39.03333333333333,2024
1641712,633.225,2024
203493,417.47333333333336,2024
202704,1816.82,2024
1626158,554.11,2024
1641741,288.64,2024
203496,488.415,2024
1629057,118.75,2024
201577,64.73,2024
1631199,3.65,2024
1626220,1954.2416666666666,2024
203497,2593.1133333333332,2024
1629060,1825.4933333333333,2024
201566,1528.8166666666666,2024
1627853,45.155,2024
1631157,77.85,2024
1630240,184.97166666666666,2024
1630180,2061.6583333333333,2024
1630573,1740.585,2024
1630241,1068.9183333333333,2024
1630572,450.9583333333333,2024
1630583,1618.0566666666666,2024
1628426,511.0733333333333,2024
1630703,1765.3933333333334,2024
1630567,2094.2483333333334,2024
1630590,526.8283333333334,2024
203552,615.4133333333333,2024
1641754,51.983333333333334,2024
1631101,1059.0183333333334,2024
1628983,2552.6866666666665,2024
1629003,581.16,2024
1627885,5.966666666666667,2024
1631321,140.91833333333332,2024
1631323,1643.8933333333334,2024
1630219,433.27166666666665,2024
203915,2152.4083333333333,2024
1630649,307.12166666666667,2024
201939,2421.5383333333334,2024
1629004,413.16333333333336,2024
204456,1290.9766666666667,2024
203933,124.67333333333333,2024
201959,204.50333333333333,2024
1629659,1008.6983333333334,2024
1631106,480.105,2024
1627752,2107.6216666666664,2024
1641707,856.4316666666666,2024
1631386,40.333333333333336,2024
1629611,1872.8916666666667,2024
1631173,84.49666666666667,2024
1626179,2040.3816666666667,2024
1630678,187.63,2024
201152,439.50166666666667,2024
203648,155.43166666666667,2024
1630177,213.19666666666666,2024
1628418,441.365,2024
203501,2120.3283333333334,2024
1641851,125.45166666666667,2024
202699,2367.78,2024
1628470,1048.6016666666667,2024
1641787,366.5783333333333,2024
1641739,1739.32,2024
1629027,1941.7133333333334,2024
1631218,1130.4516666666666,2024
1630200,2138.18,2024
1630544,987.0983333333334,2024
1630570,856.52,2024
1630235,413.76166666666666,2024
1630243,164.72666666666666,2024
1641998,573.985,2024
1626168,1158.2183333333332,2024
1630530,1690.265,2024
202684,548.9166666666666,2024
1641774,153.41166666666666,2024
1628972,826.5116666666667,2024
1629660,14.816666666666666,2024
1631102,55.92166666666667,2024
1629639,1407.105,2024
1630169,2223.5383333333334,2024
1630178,2625.806666666667,2024
1626145,1932.6666666666667,2024
1628962,112.82833333333333,2024
1630586,17.783333333333335,2024
203995,1175.73,2024
1641705,2106.235,2024
1631246,1436.53,2024
1630249,541.32,2024
1631117,1493.1066666666666,2024
1628976,1406.3033333333333,2024
1631111,75.13166666666666,2024
1629117,81.01666666666667,2024
202083,412.87,2024
1629875,119.25,2024
1630214,974.555,2024
1629139,464.37333333333333,2024
1628380,1525.7283333333332,2024
203897,871.8616666666667,2024
1630285,161.38333333333333,2024
1630192,576.12,2024
1630533,1037.6816666666666,2024
1629627,2206.923333333333,2024
1630639,486.41,2025
1631260,1659.1416666666667,2025
1642358,638.3866666666667,2025
203932,1446.7166666666667,2025
1628988,792.2466666666667,2025
1630174,1121.6183333333333,2025
1630598,1743.9,2025
1641745,202.965,2025
1641766,21.498333333333335,2025
1641737,904.55,2025
1642349,596.955,2025
201143,1658.5733333333333,2025
202692,863.4966666666667,2025
1627936,1040.635,2025
1642505,125.34166666666667,2025
203458,379.79,2025
1642024,216.04666666666665,2025
1642259,1814.2283333333332,2025
1631214,3.716666666666667,2025
1630578,2394.9766666666665,2025
1641708,2225.415,2025
1629599,1747.54,2025
203083,750.6333333333333,2025
1641748,980.0916666666667,2025
1629614,1880.67,2025
203952,1842.2816666666668,2025
1629014,2291.8983333333335,2025
1641710,1886.9933333333333,2025
203076,1705.4883333333332,2025
1630162,2871.0583333333334,2025
1630264,397.575,2025
1641817,22.166666666666668,2025
1641810,659.5583333333333,2025
1630574,217.365,2025
1642422,66.66666666666667,2025
1641709,1327.715,2025
1630559,2550.0916666666667,2025
1630245,1393.8833333333334,2025
1628389,2673.693333333333,2025
1631248,383.8883333333333,2025
1641767,1229.5583333333334,2025
1627732,1119.6933333333334,2025
1631097,2149.318333333333,2025
1641731,1947.5066666666667,2025
202687,527.4866666666667,2025
1631104,683.1066666666667,2025
1626171,1243.68,2025
1641752,42.38166666666667,2025
203992,1347.6583333333333,2025
1629626,448.48333333333335,2025
1630538,238.77,2025
203078,1702.1916666666666,2025
1642382,246.40333333333334,2025
1641764,1716.3483333333334,2025
1630527,992.78,2025
1629634,1206.8616666666667,2025
1627742,595.0316666666666,2025
1641706,923.565,2025
1630314,487.13,2025
1630296,10.825,2025
1641729,1431.9216666666666,2025
1642355,181.24333333333334,2025
201572,2546.07,2025
1628971,921.53,2025
1628981,146.58,2025
1631121,32.016666666666666,2025
1642267,2457.79,2025
1627741,1862.9883333333332,2025
203468,1831.6783333333333,2025
1630595,2451.9466666666667,2025
1631216,787.99,2025
1628997,1218.0166666666667,2025
1642353,58.64833333333333,2025
1629629,589.45,2025
1642285,252.24333333333334,2025
1630560,781.1566666666666,2025
1641715,826.585,2025
1629661,1799.7633333333333,2025
1626166,1089.9766666666667,2025
1627747,1596.1066666666666,2025
1641717,1876.26,2025
1629646,375.515,2025
1631096,876.54,2025
1628449,862.3,2025
1630537,74.46833333333333,2025
1641753,105.81,2025
101108,2292.1633333333334,2025
1631128,2675.383333333333,2025
1631132,341.53,2025
1629643,196.68,2025
203991,1176.4333333333334,2025
1629632,2450.2566666666667,2025
1628998,1173.2066666666667,2025
1642262,1059.6116666666667,2025
1641732,514.6483333333333,2025
1630175,1234.1133333333332,2025
1631306,169.5,2025
1630658,431.99,2025
1631221,461.2183333333333,2025
1629012,1757.76,2025
1630557,1601.5233333333333,2025
202709,611.7333333333333,2025
1641854,513.265,2025
1642385,10.318333333333333,2025
1626156,1480.4183333333333,2025
1630618,33.38666666666666,2025
1629610,1071.5066666666667,2025
1631342,71.55,2025
1630227,13.233333333333333,2025
1630625,1119.945,2025
1631207,987.1783333333333,2025
1642261,1493.795,2025
203081,2092.87,2025
1641878,370.48833333333334,2025
1627814,144.01833333333335,2025
1629655,1226.095,2025
1628464,621.2416666666667,2025
1642450,22.748333333333335,2025
203957,372.31,2025
203967,210.38333333333333,2025
1641727,246.07833333333335,2025
1629636,2300.77,2025
1630561,33.71666666666667,2025
1631223,409.75333333333333,2025
1630558,2027.3133333333333,2025
1630549,907.4583333333334,2025
1628368,2241.1366666666668,2025
1629631,1740.015,2025
1629001,120.98333333333333,2025
201599,690.7016666666667,2025
201942,2767.615,2025
1629731,1252.4516666666666,2025
1629028,1205.62,2025
1627749,1012.1483333333333,2025
1626153,634.4966666666667,2025
1630166,2161.1483333333335,2025
203471,2104.778333333333,2025
1641726,832.7366666666667,2025
1627884,1873.3883333333333,2025
1628401,2573.615,2025
1630217,2205.225,2025
1626164,2794.9666666666667,2025
1642269,395.9433333333333,2025
1630170,1983.185,2025
1628415,2388.2616666666668,2025
1641794,551.4933333333333,2025
1627734,2428.8766666666666,2025
1631230,374.99833333333333,2025
1642270,1323.6433333333334,2025
1628378,2232.0333333333333,2025
1628978,1605.7333333333333,2025
1627827,1818.6783333333333,2025
203926,341.65166666666664,2025
203110,1983.3066666666666,2025
1629234,746.01,2025
1641809,186.14666666666668,2025
1631166,253.87833333333333,2025
1630696,268.205,2025
1629130,1785.595,2025
1641871,469.4266666666667,2025
203939,550.86,2025
1630700,2571.17,2025
1630604,52.85666666666667,2025
203901,510.805,2025
1641989,138.0,2025
1641801,24.733333333333334,2025
1641734,74.78333333333333,2025
1642402,181.205,2025
201569,768.4916666666667,2025
1630596,2166.555,2025
1630532,2023.3066666666666,2025
1627832,2111.298333333333,2025
1641713,458.615,2025
1629216,1527.265,2025
202066,226.76833333333335,2025
1629726,829.5083333333333,2025
203914,710.71,2025
1627780,927.1766666666666,2025
1629018,1893.395,2025
1627777,1697.2333333333333,2025
203507,2288.63,2025
1629048,1429.4616666666666,2025
1641711,1587.3733333333332,2025
1629684,479.025,2025
1628960,1543.705,2025
1627824,1894.7366666666667,2025
1630611,761.5233333333333,2025
203084,2230.0633333333335,2025
1631127,34.75,2025
1629312,1818.3266666666666,2025
1630529,648.1316666666667,2025
1641816,399.935,2025
1630193,917.7533333333333,2025
1642403,303.86333333333334,2025
1630171,1053.2033333333334,2025
1642268,1839.1066666666666,2025
1642384,45.666666666666664,2025
1628392,1589.6416666666667,2025
1630543,83.88,2025
1630198,1603.9766666666667,2025
1630600,17.366666666666667,2025
1641815,5.55,2025
1630191,1433.8483333333334,2025
1631209,265.50333333333333,2025
1627826,2624.1766666666667,2025
1631120,92.915,2025
1630550,249.31666666666666,2025
1629630,1519.11,2025
1642266,1103.235,2025
1631095,1715.5783333333334,2025
1631133,749.165,2025
1629098,43.25,2025
1642050,51.73166666666667,2025
1631210,75.15,2025
1630702,907.4383333333334,2025
1631093,898.0333333333333,2025
1630183,2614.41,2025
1630531,365.175,2025
203109,102.76166666666667,2025
1630256,588.11,2025
1626143,3.3666666666666667,2025
1642443,29.666666666666668,2025
1631170,1368.38,2025
1631222,1349.28,2025
1627751,1685.7483333333332,2025
1641779,30.373333333333335,2025
1628973,2300.7083333333335,2025
1631105,2033.5483333333334,2025
1630224,2697.11,2025
1641720,314.6766666666667,2025
1630552,1284.1783333333333,2025
1629667,7.335,2025
1629618,666.19,2025
1630188,962.3833333333333,2025
1630591,1002.4533333333334,2025
1631114,2236.673333333333,2025
1630592,2031.3866666666668,2025
1631288,501.79833333333335,2025
1627750,2418.346666666667,2025
1642347,1466.825,2025
1631123,61.7,2025
201935,2789.036666666667,2025
201949,36.61666666666667,2025
1630164,4.633333333333334,2025
1642419,1041.6783333333333,2025
1641716,1186.62,2025
1630215,1043.735,2025
1642272,591.7916666666666,2025
1631197,226.16333333333333,2025
1628991,2206.951666666667,2025
1629020,580.8583333333333,2025
1628386,2296.0533333333333,2025
1629750,1257.8333333333333,2025
1629637,1092.6833333333334,2025
1630643,748.0316666666666,2025
1627759,2157.9283333333333,2025
1641740,521.9933333333333,2025
1641798,238.62666666666667,2025
1629669,168.075,2025
1631301,111.80833333333334,2025
1642377,2043.4816666666666,2025
1631119,784.055,2025
1642281,452.96,2025
1628369,2623.8166666666666,2025
1641789,56.61666666666667,2025
1630288,620.77,2025
201145,396.44666666666666,2025
203924,1523.5866666666666,2025
1630526,1238.9,2025
1631110,1363.9683333333332,2025
1630579,631.245,2025
1642399,4.666666666666667,2025
1641724,701.1066666666667,2025
1628975,320.5733333333333,2025
202710,1746.135,2025
1629111,500.0233333333333,2025
204060,114.08666666666667,2025
203954,574.3933333333333,2025
1628381,1220.4916666666666,2025
1629723,558.2233333333334,2025
1631098,241.65833333333333,2025
1642277,379.49666666666667,2025
1630548,1269.83,2025
202685,1523.7633333333333,2025
1628371,1090.015,2025
1630228,1144.08,2025
1642367,1285.655,2025
203903,962.47,2025
1630692,542.575,2025
1641722,1320.5,2025
1629162,314.27666666666664,2025
1641757,420.31,2025
1629673,2000.8866666666668,2025
1641775,403.00333333333333,2025
1630631,1365.9,2025
1630528,69.35,2025
1630581,2116.641666666667,2025
1630182,1887.5033333333333,2025
1628404,2896.83,2025
1631169,276.275,2025
1629006,624.9783333333334,2025
1626196,149.49,2025
201950,1896.0683333333334,2025
1630577,1932.1283333333333,2025
1641763,1122.905,2025
1631124,1383.47,2025
203944,2225.5266666666666,2025
1630551,1340.5333333333333,2025
1642348,1154.72,2025
1631303,100.67333333333333,2025
203994,1062.8266666666666,2025
1630231,911.4983333333333,2025
1642354,842.0833333333334,2025
1630539,468.37,2025
1626157,2516.72,2025
1631255,790.585,2025
202695,1179.9566666666667,2025
1630811,501.1666666666667,2025
1631099,2610.173333333333,2025
1631232,331.7816666666667,2025
1642276,1422.4866666666667,2025
1629640,1837.9966666666667,2025
203482,890.9983333333333,2025
1626162,2078.19,2025
1629026,1131.5383333333334,2025
203484,2279.036666666667,2025
1631165,1948.1916666666666,2025
1630553,1925.2016666666666,2025
1642352,98.125,2025
1630556,608.46,2025
201142,2264.685,2025
1628989,1678.9933333333333,2025
1628995,83.65666666666667,2025
201567,251.45333333333335,2025
1641755,29.166666666666668,2025
1629645,1482.02,2025
1626172,1142.155,2025
1641718,2108.475,2025
203114,843.1816666666666,2025
1630165,162.33333333333334,2025
202691,1964.5683333333334,2025
1641738,272.22,2025
1641723,123.63666666666667,2025
1627739,1782.9183333333333,2025
1631200,1040.3866666666668,2025
204001,1209.9633333333334,2025
203937,1002.0933333333334,2025
1642271,1521.54,2025
1628398,1936.415,2025
200768,659.4483333333334,2025
1630283,125.95666666666666,2025
202681,1803.7966666666666,2025
1642273,1802.1833333333334,2025
1630163,1504.475,2025
1630205,155.535,2025
1629013,761.6,2025
1626204,463.2266666666667,2025
1628374,1475.8433333333332,2025
2544,2444.4466666666667,2025
1631159,31.595,2025
1631311,183.36666666666667,2025
1641857,56.96666666666667,2025
1630322,778.41,2025
1629022,476.7033333333333,2025
1628366,777.03,2025
1629652,2073.3,2025
1629029,1768.55,2025
1630568,219.31,2025
1628379,1471.6916666666666,2025
1628436,1361.06,2025
1631247,87.86,2025
1630644,10.233333333333333,2025
1630201,43.68,2025
1631103,426.555,2025
1627763,564.0766666666667,2025
1642502,20.966666666666665,2025
1627736,2282.9466666666667,2025
1628370,2054.11,2025
1630699,156.28166666666667,2025
1630542,253.155,2025
1630585,79.38333333333334,2025
1631204,810.7866666666666,2025
203935,680.34,2025
1631109,1171.045,2025
1628365,184.05833333333334,2025
202693,164.43333333333334,2025
1628963,265.2266666666667,2025
1630222,45.391666666666666,2025
203486,1300.045,2025
1641824,1511.295,2025
1629680,312.2816666666667,2025
1630346,67.82166666666667,2025
1631108,2127.141666666667,2025
1629622,1272.725,2025
1628467,636.875,2025
1641721,327.68833333333333,2025
1630695,705.165,2025
1629008,2593.2633333333333,2025
1628969,3036.076666666667,2025
201144,1755.85,2025
1628970,2028.735,2025
1630540,1593.455,2025
1641936,34.916666666666664,2025
1629011,290.12333333333333,2025
1628964,413.485,2025
1628420,570.77,2025
1629021,564.1566666666666,2025
1629650,118.57666666666667,2025
1630541,1649.15,2025
1631243,532.7566666666667,2025
1631217,1240.6333333333334,2025
1626167,2173.6366666666668,2025
1642368,50.61666666666667,2025
1641772,63.4,2025
1630230,1919.0833333333333,2025
1631466,146.62,2025
1629675,2200.116666666667,2025
1629674,863.09,2025
1629651,1881.7316666666666,2025
1630208,1256.2233333333334,2025
1641733,1368.7466666666667,2025
1629638,2073.1016666666665,2025
201587,1367.3733333333332,2025
203999,2570.765,2025
1631107,1155.6766666666667,2025
202696,2278.25,2025
1641730,1042.2866666666666,2025
1626181,1957.9883333333332,2025
1628384,2705.7766666666666,2025
1630167,1544.815,2025
1630534,1738.67,2025
1641765,584.07,2025
1630168,2063.9266666666667,2025
1631115,769.8016666666666,2025
1631131,255.17333333333335,2025
1629052,142.24166666666667,2025
1642345,1045.545,2025
1631172,404.84166666666664,2025
200782,57.86833333333333,2025
1629023,1834.8583333333333,2025
1628408,34.916666666666664,2025
1641790,66.18333333333334,2025
1642359,111.17833333333333,2025
1631094,1581.53,2025
1627783,2547.8533333333335,2025
1626192,602.8266666666667,2025
1630311,249.61166666666668,2025
1631116,106.74833333333333,2025
1630172,1576.3266666666666,2025
201988,320.655,2025
202331,1333.5933333333332,2025
1630194,437.5366666666667,2025
1630202,2270.875,2025
1641796,781.9466666666667,2025
1631250,138.16666666666666,2025
1631212,1655.7283333333332,2025
1630762,44.39666666666667,2025
1630173,1169.6133333333332,2025
1629656,2013.09,2025
1631245,381.03833333333336,2025
1642439,10.3,2025
1642366,685.7566666666667,2025
1629628,1868.8033333333333,2025
1642484,70.38333333333334,2025
1641712,459.5416666666667,2025
1641736,469.30333333333334,2025
1642263,654.3516666666667,2025
202704,383.9916666666667,2025
1626158,534.135,2025
1641741,1250.015,2025
1642434,6.75,2025
1642265,515.975,2025
1629057,351.33,2025
1631199,17.0,2025
1641842,1266.3216666666667,2025
1626220,1836.8733333333332,2025
203497,2388.423333333333,2025
1629060,1868.825,2025
201566,2092.2916666666665,2025
1642346,1410.4166666666667,2025
1631157,819.525,2025
1630573,1541.1333333333334,2025
1630241,1401.2816666666668,2025
1630572,681.2083333333334,2025
1630583,1659.6483333333333,2025
1630703,1759.0716666666667,2025
1630567,2134.13,2025
1630590,1682.88,2025
203552,1061.9566666666667,2025
1631101,2252.33,2025
1628983,2597.63,2025
1629003,836.2766666666666,2025
1631321,114.46333333333334,2025
1631323,1236.6816666666666,2025
1627746,11.96,2025
203915,2136.085,2025
1642461,124.625,2025
1630649,85.77666666666667,2025
201939,2252.45,2025
1642264,2162.0216666666665,2025
203500,794.0666666666667,2025
1629004,760.3066666666666,2025
204456,1415.4333333333334,2025
201959,408.85,2025
1629659,723.695,2025
1631106,1420.1933333333334,2025
1627752,2165.86,2025
1641707,74.51666666666667,2025
1631386,19.85,2025
1629611,1414.25,2025
1629056,7.883333333333334,2025
1630545,338.8283333333333,2025
1626179,1658.22,2025
1630678,6.333333333333333,2025
1628418,963.0166666666667,2025
1642275,1244.3533333333332,2025
203501,2152.795,2025
202699,2305.4133333333334,2025
1642449,22.35,2025
1628396,112.73833333333333,2025
1628470,313.94666666666666,2025
1641787,664.93,2025
1641739,2548.0516666666667,2025
1629027,2739.06,2025
1631218,966.7866666666666,2025
1630200,904.9716666666667,2025
1630544,319.045,2025
1630570,912.6766666666666,2025
1642280,26.515,2025
1630243,430.28,2025
1641725,117.22166666666666,2025
1641998,392.0233333333333,2025
1626168,1349.5216666666668,2025
1630530,1854.23,2025
202684,328.17,2025
1641774,512.51,2025
1641783,1628.6116666666667,2025
1641803,16.145,2025
1629660,1392.4,2025
1631102,118.34833333333333,2025
1629639,2725.08,2025
1642278,296.15166666666664,2025
1641890,121.57333333333334,2025
1630169,2450.391666666667,2025
1631213,1315.32,2025
1630178,1960.195,2025
1630623,151.08166666666668,2025
1626145,2173.516666666667,2025
1642279,32.175,2025
203995,784.9083333333333,2025
1641705,1527.2533333333333,2025
1631246,498.5466666666667,2025
1628427,135.82833333333335,2025
1630249,1152.6316666666667,2025
1631117,1740.32,2025
1628976,1758.2683333333334,2025
1631111,498.9166666666667,2025
1630214,230.90333333333334,2025
1642530,92.66666666666667,2025
1641879,16.3,2025
1642274,1955.79,2025
1642258,1843.3866666666668,2025
1628380,977.06,2025
1641744,1415.765,2025
203897,2602.48,2025
1630192,607.9666666666667,2025
1630533,1541.4033333333334,2025
1629627,857.2766666666666,2025
1642389,2.6016666666666666,2025
1630639,23.348333333333333,2026
1631260,933.4583333333334,2026
1642358,83.59666666666666,2026
203932,389.54833333333335,2026
1628988,372.9483333333333,2026
1630174,472.2416666666667,2026
1630598,494.85833333333335,2026
1642846,714.555,2026
1641737,418.6383333333333,2026
1642876,86.70333333333333,2026
1642349,847.8483333333334,2026
201143,336.29,2026
1627936,454.73833333333334,2026
1642259,681.475,2026
1642918,7.883333333333334,2026
1630578,961.0233333333333,2026
1642873,30.946666666666665,2026
1641708,1172.7316666666666,2026
1629599,168.71166666666667,2026
203083,618.4916666666667,2026
1641748,97.12,2026
1629614,890.1033333333334,2026
203952,1000.2383333333333,2026
1629014,806.7833333333333,2026
1641710,1080.3733333333332,2026
203076,554.835,2026
1630162,982.225,2026
1630264,40.443333333333335,2026
1641810,52.99666666666667,2026
1630574,226.86833333333334,2026
1642854,298.7033333333333,2026
1641709,814.7066666666667,2026
1630559,811.7783333333333,2026
1630245,753.5083333333333,2026
1628389,840.8266666666667,2026
1631248,341.3983333333333,2026
1642879,203.02166666666668,2026
1641767,608.285,2026
1631097,771.5133333333333,2026
1641731,507.0966666666667,2026
202687,63.733333333333334,2026
1631104,98.08,2026
1626171,821.0283333333333,2026
1641752,52.885,2026
203992,360.1433333333333,2026
1630538,354.2633333333333,2026
203078,120.91666666666667,2026
1642382,272.85833333333335,2026
1641764,983.6166666666667,2026
1629634,20.438333333333333,2026
1627742,1233.71,2026
1641706,581.2283333333334,2026
1630314,714.2333333333333,2026
1641729,627.86,2026
1642355,146.99,2026
201572,459.6483333333333,2026
1642964,152.98666666666668,2026
1628971,857.8566666666667,2026
1631121,411.11333333333334,2026
1642267,891.88,2026
1627741,568.6316666666667,2026
203468,1021.4566666666667,2026
1630595,1147.2966666666666,2026
1631216,44.4,2026
1631126,565.6583333333333,2026
1628997,274.81666666666666,2026
1642353,207.14166666666668,2026
1642285,756.2616666666667,2026
1630560,310.05,2026
1641715,353.98333333333335,2026
1629661,857.0383333333333,2026
1627747,523.44,2026
1642868,206.95,2026
1641717,924.545,2026
1642907,895.2766666666666,2026
1629646,30.516666666666666,2026
1642404,136.41,2026
1631096,857.1833333333333,2026
1628449,90.63333333333334,2026
1641753,17.426666666666666,2026
1643024,12.8,2026
101108,227.535,2026
1642959,131.825,2026
1631128,349.6016666666667,2026
1631132,120.99833333333333,2026
1642935,13.233333333333333,2026
203991,336.00666666666666,2026
1629632,449.335,2026
1628998,55.18,2026
1642262,281.71,2026
1641732,6.816666666666666,2026
1630175,403.995,2026
1631221,957.945,2026
1642867,545.0666666666667,2026
1629012,657.9533333333334,2026
1642843,1212.1116666666667,2026
1630557,351.445,2026
1641854,542.7483333333333,2026
1642938,13.566666666666666,2026
1626156,476.0416666666667,2026
1641747,73.61,2026
1631342,14.0,2026
1631207,219.185,2026
1642261,356.9316666666667,2026
1629655,511.48333333333335,2026
1642450,435.62333333333333,2026
1642874,369.8666666666667,2026
203967,41.248333333333335,2026
1629636,637.1466666666666,2026
1642357,67.12333333333333,2026
1630558,995.8683333333333,2026
1630549,551.5366666666666,2026
1628368,842.3783333333333,2026
1629631,882.7916666666666,2026
1629001,218.61833333333334,2026
201599,23.3,2026
201942,1159.37,2026
1629731,761.575,2026
1629028,820.0933333333334,2026
1630166,1272.5116666666668,2026
203471,772.6983333333334,2026
1641726,115.27333333333333,2026
1642852,903.6083333333333,2026
1627884,411.22333333333336,2026
1628401,1114.25,2026
1630217,1221.005,2026
1626164,1054.7216666666666,2026
1642269,97.54333333333334,2026
1630170,1020.12,2026
1628415,861.925,2026
1627734,365.03333333333336,2026
1631230,587.0383333333333,2026
1642270,852.8183333333334,2026
1628378,1150.1466666666668,2026
1628978,1100.405,2026
1627827,77.045,2026
203926,65.63666666666667,2026
1642962,436.76,2026
203110,774.5483333333333,2026
1629234,390.15166666666664,2026
1641809,64.26833333333333,2026
1631166,11.016666666666667,2026
1630696,612.0633333333334,2026
1629130,975.6783333333333,2026
1641871,195.665,2026
203939,293.4116666666667,2026
1642928,161.45833333333334,2026
1642844,540.4766666666667,2026
1630700,1226.84,2026
1630604,35.18333333333333,2026
1642856,731.815,2026
1641989,65.79666666666667,2026
1641801,33.05,2026
201569,73.75,2026
1630679,253.61666666666667,2026
1630596,1021.865,2026
1630532,801.195,2026
1641713,177.26166666666666,2026
1629216,300.6983333333333,2026
202066,27.303333333333335,2026
1629726,196.1,2026
203914,366.89166666666665,2026
1627780,414.14666666666665,2026
1629018,856.2483333333333,2026
203507,603.6133333333333,2026
1629048,535.3566666666667,2026
1641711,561.24,2026
1628960,558.6933333333334,2026
1627824,293.75166666666667,2026
1630611,281.51166666666666,2026
203084,1024.6716666666666,2026
1631127,10.766666666666667,2026
1630529,616.145,2026
1642864,429.82,2026
1630621,4.715,2026
1642282,25.673333333333332,2026
1641816,49.46666666666667,2026
1630193,1129.785,2026
1642403,18.233333333333334,2026
1630171,662.9866666666667,2026
1642268,595.775,2026
1642384,4.616666666666666,2026
1628392,644.54,2026
1630543,529.5716666666667,2026
1630198,537.33,2026
1630587,196.04166666666666,2026
1630191,742.745,2026
1627826,916.8983333333333,2026
1631120,90.39,2026
1629630,510.1666666666667,2026
1642266,586.9183333333333,2026
1631095,1063.3183333333334,2026
1631133,404.23833333333334,2026
1631210,16.866666666666667,2026
1630702,273.495,2026
1631093,325.345,2026
1630183,1053.6783333333333,2026
1630256,165.61,2026
1642942,20.86,2026
1642443,24.356666666666666,2026
1643141,32.03333333333333,2026
1631170,989.0016666666667,2026
1631222,827.6083333333333,2026
1627751,531.0966666666667,2026
1628973,1133.79,2026
1631105,880.4216666666666,2026
1630224,29.776666666666667,2026
1630552,1169.9666666666667,2026
1629618,247.86666666666667,2026
1630188,530.7116666666667,2026
1630591,583.7333333333333,2026
1631114,467.11,2026
1630592,319.37333333333333,2026
1631288,108.17166666666667,2026
1627750,1204.5116666666668,2026
1642347,737.785,2026
1631123,270.145,2026
201935,1132.0,2026
1630164,58.461666666666666,2026
1642364,161.69333333333333,2026
1642419,196.62833333333333,2026
1641716,841.905,2026
1642272,459.14166666666665,2026
1628991,964.2933333333333,2026
1629020,443.60333333333335,2026
1628386,643.2366666666667,2026
1642859,278.2416666666667,2026
1642914,122.52,2026
1631451,30.651666666666667,2026
1629750,667.5166666666667,2026
1629637,470.935,2026
1630643,698.2266666666667,2026
1627759,1084.02,2026
1641740,448.1766666666667,2026
1642377,942.015,2026
1631119,458.04833333333335,2026
1642281,874.115,2026
201145,62.666666666666664,2026
203924,789.1,2026
1642847,963.6,2026
1630526,299.56666666666666,2026
1631110,309.12166666666667,2026
1630579,417.5833333333333,2026
1641724,251.61166666666668,2026
1628975,210.685,2026
202710,980.5933333333334,2026
1642866,52.835,2026
1629111,707.3533333333334,2026
204060,26.705,2026
203954,457.79,2026
1628381,878.4216666666666,2026
1629723,286.23833333333334,2026
1641780,39.745,2026
1642277,257.96666666666664,2026
1630548,37.858333333333334,2026
202685,438.41833333333335,2026
1628371,314.9816666666667,2026
1630228,445.565,2026
1642367,61.77,2026
203903,708.1816666666666,2026
1630692,661.3883333333333,2026
1641722,382.83666666666664,2026
1629162,93.66666666666667,2026
1641757,148.90333333333334,2026
1629673,474.86833333333334,2026
1641775,580.2133333333334,2026
1630631,733.39,2026
1630581,983.5166666666667,2026
1630182,177.175,2026
1628404,848.8266666666667,2026
1631169,510.3566666666667,2026
1629006,653.4983333333333,2026
201950,400.72333333333336,2026
1630577,967.6683333333333,2026
1641763,251.925,2026
1631124,154.03833333333333,2026
203944,1184.8533333333332,2026
1630551,525.6666666666666,2026
1642348,447.185,2026
203994,736.4183333333333,2026
1642354,223.12666666666667,2026
1642880,45.656666666666666,2026
1626157,1049.68,2026
1631255,270.07666666666665,2026
1642857,148.22,2026
202695,818.83,2026
1630811,403.0233333333333,2026
1631099,656.3316666666667,2026
1642276,877.0983333333334,2026
1629640,814.1883333333334,2026
203482,222.745,2026
1626162,417.9433333333333,2026
1629026,208.28833333333333,2026
203484,718.595,2026
1631165,597.98,2026
1642352,125.88166666666666,2026
201142,1080.7933333333333,2026
1628989,727.4333333333333,2026
201567,341.76666666666665,2026
1641755,68.10666666666667,2026
1629645,535.3816666666667,2026
1626172,221.56,2026
1641718,1136.5883333333334,2026
1642863,74.93333333333334,2026
203114,544.125,2026
202691,717.5166666666667,2026
1641738,240.55833333333334,2026
1642920,498.6016666666667,2026
1642886,7.816666666666666,2026
1642851,1125.595,2026
1627739,912.91,2026
1631200,847.5283333333333,2026
204001,371.37833333333333,2026
203937,193.13833333333332,2026
1642271,743.7916666666666,2026
1628398,878.5583333333333,2026
200768,42.623333333333335,2026
1642273,859.6283333333333,2026
1630163,704.9166666666666,2026
1642950,35.916666666666664,2026
1629013,313.815,2026
1626204,240.37,2026
1628374,1035.765,2026
2544,529.3183333333334,2026
1631159,54.001666666666665,2026
1642862,301.35333333333335,2026
1630322,131.565,2026
1628366,605.2583333333333,2026
1629652,709.1966666666667,2026
1629029,907.69,2026
1630568,400.78833333333336,2026
1628379,647.4983333333333,2026
1628436,672.7383333333333,2026
1631247,103.09166666666667,2026
1630644,33.89,2026
1631103,143.41166666666666,2026
1628370,625.01,2026
1631204,69.66666666666667,2026
203935,632.345,2026
1641813,26.081666666666667,2026
1631109,692.175,2026
1628963,550.0233333333333,2026
203486,124.51666666666667,2026
1641824,964.7433333333333,2026
1629680,48.766666666666666,2026
1631108,973.4616666666667,2026
1628467,192.19,2026
1642875,616.39,2026
1642877,446.32,2026
1630695,123.80333333333333,2026
1629008,889.5283333333333,2026
1628969,1235.5483333333334,2026
201144,569.0783333333334,2026
1628970,1146.0383333333334,2026
1642939,11.266666666666667,2026
1630540,644.985,2026
1629011,424.89666666666665,2026
1628964,5.85,2026
1642885,143.30166666666668,2026
1628420,64.61666666666666,2026
1630541,840.27,2026
1631243,541.5333333333333,2026
1630619,200.21,2026
1631217,744.2133333333334,2026
1626167,1006.655,2026
1642066,36.413333333333334,2026
1642368,15.416666666666666,2026
1641772,395.905,2026
1630230,1023.0683333333334,2026
1629675,931.0416666666666,2026
1629674,787.055,2026
1629651,934.17,2026
1630208,249.59,2026
1641733,245.88666666666666,2026
1629638,1150.0816666666667,2026
201587,682.3733333333333,2026
1628502,176.84666666666666,2026
203999,1105.94,2026
1631107,470.3666666666667,2026
202696,1031.28,2026
1642363,579.0116666666667,2026
1642855,6.033333333333333,2026
1641730,930.2983333333333,2026
1642869,223.90166666666667,2026
1642849,193.27333333333334,2026
1626181,933.5766666666667,2026
1628384,813.5733333333334,2026
1630167,82.15666666666667,2026
1630534,455.82,2026
1641765,199.47666666666666,2026
1630168,1137.975,2026
1631115,24.816666666666666,2026
1631131,14.783333333333333,2026
1642345,653.3033333333333,2026
1631172,213.335,2026
1629023,941.405,2026
1641790,108.78833333333333,2026
1642359,38.425,2026
1631094,868.2233333333334,2026
1627783,1187.5,2026
1626192,127.655,2026
1630311,373.0,2026
1630172,621.62,2026
202331,499.0683333333333,2026
1630194,293.44166666666666,2026
1630202,1120.9333333333334,2026
1641796,597.8483333333334,2026
1631250,31.538333333333334,2026
1631212,920.44,2026
1630173,556.6483333333333,2026
1629656,1002.255,2026
1631245,210.42833333333334,2026
1642366,664.265,2026
1629628,603.655,2026
1642853,134.22833333333332,2026
1642484,171.78333333333333,2026
1641712,283.9316666666667,2026
1642263,826.375,2026
1642434,8.266666666666667,2026
1642265,289.255,2026
1629057,372.7183333333333,2026
1631199,20.2,2026
1641842,680.215,2026
1626220,999.835,2026
203497,1108.6333333333334,2026
1629060,877.0616666666666,2026
201566,1005.7433333333333,2026
1642346,605.635,2026
1641750,665.0333333333333,2026
1642948,472.37,2026
1631157,1105.5483333333334,2026
1630180,1015.77,2026
1630573,739.3783333333333,2026
1630241,493.36833333333334,2026
1630572,742.41,2026
1630583,952.235,2026
1630567,1226.4133333333334,2026
203552,32.09,2026
1631101,942.7133333333334,2026
1628983,1125.3083333333334,2026
1630536,9.9,2026
1631321,633.6766666666666,2026
1631323,581.3366666666667,2026
1642883,908.5766666666667,2026
1642461,667.8033333333333,2026
201939,833.6416666666667,2026
1642264,804.16,2026
203500,541.8183333333334,2026
1629004,794.0933333333334,2026
204456,407.895,2026
1643007,122.16833333333334,2026
1631106,421.15833333333336,2026
1627752,168.93333333333334,2026
1641707,348.20166666666665,2026
1629611,788.2283333333334,2026
1630545,281.99,2026
203648,28.653333333333332,2026
1628418,271.66833333333335,2026
1642275,358.2416666666667,2026
203501,942.0116666666667,2026
202699,631.1666666666666,2026
1642449,22.253333333333334,2026
1628396,310.9,2026
1641787,7.713333333333333,2026
1641739,1203.405,2026
1629027,280.10333333333335,2026
1631218,338.66,2026
1642848,614.9166666666666,2026
1630200,778.7833333333333,2026
1630544,429.99833333333333,2026
1630570,285.75666666666666,2026
1642280,5.55,2026
1641725,37.41,2026
1641998,37.9,2026
1630530,1167.94,2026
1641774,289.585,2026
1641783,749.3366666666667,2026
1629639,190.99166666666667,2026
1642278,410.63666666666666,2026
1631213,565.9766666666667,2026
1630178,1234.3566666666666,2026
1642878,289.2866666666667,2026
1630623,34.4,2026
1626145,585.775,2026
1642845,1031.2966666666666,2026
1641705,624.66,2026
1631246,481.31666666666666,2026
1642884,0.9116666666666666,2026
1630249,795.605,2026
1631117,153.98,2026
1642383,500.77666666666664,2026
1628976,1063.2766666666666,2026
1631111,43.055,2026
1642954,604.5516666666666,2026
1642860,339.59,2026
1630214,103.22333333333333,2026
1642905,152.05166666666668,2026
1642949,158.31666666666666,2026
1642274,495.03833333333336,2026
1642258,830.6083333333333,2026
1628380,183.73666666666668,2026
1641744,283.8516666666667,2026
203897,753.8283333333334,2026
1630192,203.28166666666667,2026
1630533,626.5183333333333,2026
1629627,572.3083333333333,2026
